grinning	1f600	people	+
grinning_face	1f600	-	-
smiley	1f603	people	+
smile	1f604	people	+
grin	1f601	people	+
laughing	1f606	people	+
satisfied	1f606	-	+
face_holding_back_tears	1f979	people	-
sweat_smile	1f605	people	+
joy	1f602	people	+
rofl	1f923	people	+
rolling_on_the_floor_laughing	1f923	-	+
smiling_face_with_tear	1f972	people	-
relaxed	263a-fe0f	people	+
smiling_face	263a-fe0f	-	-
blush	1f60a	people	+
innocent	1f607	people	+
slight_smile	1f642	people	+
slightly_smiling_face	1f642	-	+
upside_down	1f643	people	+
upside_down_face	1f643	-	+
wink	1f609	people	+
winking_face	1f609	-	-
relieved	1f60c	people	+
relieved_face	1f60c	-	-
heart_eyes	1f60d	people	+
smiling_face_with_3_hearts	1f970	people	+
kissing_heart	1f618	people	+
kissing	1f617	people	+
kissing_face	1f617	-	-
kissing_smiling_eyes	1f619	people	+
kissing_closed_eyes	1f61a	people	+
yum	1f60b	people	+
stuck_out_tongue	1f61b	people	+
stuck_out_tongue_closed_eyes	1f61d	people	+
stuck_out_tongue_winking_eye	1f61c	people	+
zany_face	1f92a	people	+
face_with_raised_eyebrow	1f928	people	+
face_with_monocle	1f9d0	people	+
nerd	1f913	people	+
nerd_face	1f913	-	+
sunglasses	1f60e	people	+
disguised_face	1f978	people	-
star_struck	1f929	people	+
partying_face	1f973	people	+
head_shaking_vertically	1f642-200d-2195-fe0f	people	-
smirk	1f60f	people	+
smirking_face	1f60f	-	-
unamused	1f612	people	+
unamused_face	1f612	-	-
head_shaking_horizontally	1f642-200d-2194-fe0f	people	-
disappointed	1f61e	people	+
pensive	1f614	people	+
pensive_face	1f614	-	-
worried	1f61f	people	+
worried_face	1f61f	-	-
confused	1f615	people	+
confused_face	1f615	-	-
slight_frown	1f641	people	+
slightly_frowning_face	1f641	-	+
frowning2	2639-fe0f	people	+
white_frowning_face	2639-fe0f	-	+
frowning_face	2639-fe0f	-	-
persevere	1f623	people	+
confounded	1f616	people	+
tired_face	1f62b	people	+
weary	1f629	people	+
weary_face	1f629	-	-
pleading_face	1f97a	people	+
cry	1f622	people	+
crying_face	1f622	-	-
sob	1f62d	people	+
triumph	1f624	people	+
angry	1f620	people	+
angry_face	1f620	-	-
rage	1f621	people	+
pouting_face	1f621	-	-
face_with_symbols_over_mouth	1f92c	people	+
exploding_head	1f92f	people	+
flushed	1f633	people	+
flushed_face	1f633	-	-
hot_face	1f975	people	+
cold_face	1f976	people	+
face_in_clouds	1f636-200d-1f32b-fe0f	people	-
scream	1f631	people	+
fearful	1f628	people	+
fearful_face	1f628	-	-
cold_sweat	1f630	people	+
disappointed_relieved	1f625	people	+
sweat	1f613	people	+
hugging	1f917	people	+
hugging_face	1f917	-	+
thinking	1f914	people	+
thinking_face	1f914	-	+
face_with_peeking_eye	1fae3	people	-
face_with_hand_over_mouth	1f92d	people	+
face_with_open_eyes_and_hand_over_mouth	1fae2	people	-
saluting_face	1fae1	people	-
shushing_face	1f92b	people	+
melting_face	1fae0	people	-
lying_face	1f925	people	+
liar	1f925	-	+
no_mouth	1f636	people	+
dotted_line_face	1fae5	people	-
neutral_face	1f610	people	+
face_with_diagonal_mouth	1fae4	people	-
expressionless	1f611	people	+
shaking_face	1fae8	people	-
grimacing	1f62c	people	+
rolling_eyes	1f644	people	+
face_with_rolling_eyes	1f644	-	+
hushed	1f62f	people	+
hushed_face	1f62f	-	-
frowning	1f626	people	+
anguished	1f627	people	+
open_mouth	1f62e	people	+
astonished	1f632	people	+
yawning_face	1f971	people	-
face_with_bags_under_eyes	1fae9	people	-
sleeping	1f634	people	+
sleeping_face	1f634	-	-
drooling_face	1f924	people	+
drool	1f924	-	+
sleepy	1f62a	people	+
sleepy_face	1f62a	-	-
face_exhaling	1f62e-200d-1f4a8	people	-
dizzy_face	1f635	people	+
face_with_spiral_eyes	1f635-200d-1f4ab	people	-
zipper_mouth	1f910	people	+
zipper_mouth_face	1f910	-	+
woozy_face	1f974	people	+
nauseated_face	1f922	people	+
sick	1f922	-	+
face_vomiting	1f92e	people	+
sneezing_face	1f927	people	+
sneeze	1f927	-	+
mask	1f637	people	+
thermometer_face	1f912	people	+
face_with_thermometer	1f912	-	+
head_bandage	1f915	people	+
face_with_head_bandage	1f915	-	+
money_mouth	1f911	people	+
money_mouth_face	1f911	-	+
cowboy	1f920	people	+
face_with_cowboy_hat	1f920	-	+
smiling_imp	1f608	people	+
imp	1f47f	people	+
japanese_ogre	1f479	people	+
ogre	1f479	-	-
japanese_goblin	1f47a	people	+
goblin	1f47a	-	-
clown	1f921	people	+
clown_face	1f921	-	+
poop	1f4a9	people	+
shit	1f4a9	-	+
hankey	1f4a9	-	+
poo	1f4a9	-	+
pile_of_poo	1f4a9	-	-
ghost	1f47b	people	+
skull	1f480	people	+
skeleton	1f480	-	+
skull_crossbones	2620-fe0f	people	+
skull_and_crossbones	2620-fe0f	-	+
alien	1f47d	people	+
space_invader	1f47e	people	+
alien_monster	1f47e	-	-
robot	1f916	people	+
robot_face	1f916	-	+
jack_o_lantern	1f383	people	+
smiley_cat	1f63a	people	+
grinning_cat	1f63a	-	-
smile_cat	1f638	people	+
joy_cat	1f639	people	+
heart_eyes_cat	1f63b	people	+
smirk_cat	1f63c	people	+
kissing_cat	1f63d	people	+
scream_cat	1f640	people	+
weary_cat	1f640	-	-
crying_cat_face	1f63f	people	+
crying_cat	1f63f	-	-
pouting_cat	1f63e	people	+
heart_hands	1faf6	people	-
heart_hands_tone1	1faf6-1f3fb	-	-
heart_hands_light_skin_tone	1faf6-1f3fb	-	-
heart_hands_tone2	1faf6-1f3fc	-	-
heart_hands_medium_light_skin_tone	1faf6-1f3fc	-	-
heart_hands_tone3	1faf6-1f3fd	-	-
heart_hands_medium_skin_tone	1faf6-1f3fd	-	-
heart_hands_tone4	1faf6-1f3fe	-	-
heart_hands_medium_dark_skin_tone	1faf6-1f3fe	-	-
heart_hands_tone5	1faf6-1f3ff	-	-
heart_hands_dark_skin_tone	1faf6-1f3ff	-	-
palms_up_together	1f932	people	+
palms_up_together_tone1	1f932-1f3fb	-	+
palms_up_together_light_skin_tone	1f932-1f3fb	-	+
palms_up_together_tone2	1f932-1f3fc	-	+
palms_up_together_medium_light_skin_tone	1f932-1f3fc	-	+
palms_up_together_tone3	1f932-1f3fd	-	+
palms_up_together_medium_skin_tone	1f932-1f3fd	-	+
palms_up_together_tone4	1f932-1f3fe	-	+
palms_up_together_medium_dark_skin_tone	1f932-1f3fe	-	+
palms_up_together_tone5	1f932-1f3ff	-	+
palms_up_together_dark_skin_tone	1f932-1f3ff	-	+
open_hands	1f450	people	+
open_hands_tone1	1f450-1f3fb	-	+
open_hands_tone2	1f450-1f3fc	-	+
open_hands_tone3	1f450-1f3fd	-	+
open_hands_tone4	1f450-1f3fe	-	+
open_hands_tone5	1f450-1f3ff	-	+
raised_hands	1f64c	people	+
raising_hands	1f64c	-	-
raised_hands_tone1	1f64c-1f3fb	-	+
raised_hands_tone2	1f64c-1f3fc	-	+
raised_hands_tone3	1f64c-1f3fd	-	+
raised_hands_tone4	1f64c-1f3fe	-	+
raised_hands_tone5	1f64c-1f3ff	-	+
clap	1f44f	people	+
clap_tone1	1f44f-1f3fb	-	+
clap_tone2	1f44f-1f3fc	-	+
clap_tone3	1f44f-1f3fd	-	+
clap_tone4	1f44f-1f3fe	-	+
clap_tone5	1f44f-1f3ff	-	+
handshake	1f91d	people	+
shaking_hands	1f91d	-	+
handshake_tone1	1f91d-1f3fb	-	-
handshake_light_skin_tone	1f91d-1f3fb	-	-
handshake_tone1_tone2	1faf1-1f3fb-200d-1faf2-1f3fc	-	-
handshake_light_skin_tone_medium_light_skin_tone	1faf1-1f3fb-200d-1faf2-1f3fc	-	-
handshake_tone1_tone3	1faf1-1f3fb-200d-1faf2-1f3fd	-	-
handshake_light_skin_tone_medium_skin_tone	1faf1-1f3fb-200d-1faf2-1f3fd	-	-
handshake_tone1_tone4	1faf1-1f3fb-200d-1faf2-1f3fe	-	-
handshake_light_skin_tone_medium_dark_skin_tone	1faf1-1f3fb-200d-1faf2-1f3fe	-	-
handshake_tone1_tone5	1faf1-1f3fb-200d-1faf2-1f3ff	-	-
handshake_light_skin_tone_dark_skin_tone	1faf1-1f3fb-200d-1faf2-1f3ff	-	-
handshake_tone2_tone1	1faf1-1f3fc-200d-1faf2-1f3fb	-	-
handshake_medium_light_skin_tone_light_skin_tone	1faf1-1f3fc-200d-1faf2-1f3fb	-	-
handshake_tone2	1f91d-1f3fc	-	-
handshake_medium_light_skin_tone	1f91d-1f3fc	-	-
handshake_tone2_tone3	1faf1-1f3fc-200d-1faf2-1f3fd	-	-
handshake_medium_light_skin_tone_medium_skin_tone	1faf1-1f3fc-200d-1faf2-1f3fd	-	-
handshake_tone2_tone4	1faf1-1f3fc-200d-1faf2-1f3fe	-	-
handshake_medium_light_skin_tone_medium_dark_skin_tone	1faf1-1f3fc-200d-1faf2-1f3fe	-	-
handshake_tone2_tone5	1faf1-1f3fc-200d-1faf2-1f3ff	-	-
handshake_medium_light_skin_tone_dark_skin_tone	1faf1-1f3fc-200d-1faf2-1f3ff	-	-
handshake_tone3_tone1	1faf1-1f3fd-200d-1faf2-1f3fb	-	-
handshake_medium_skin_tone_light_skin_tone	1faf1-1f3fd-200d-1faf2-1f3fb	-	-
handshake_tone3_tone2	1faf1-1f3fd-200d-1faf2-1f3fc	-	-
handshake_medium_skin_tone_medium_light_skin_tone	1faf1-1f3fd-200d-1faf2-1f3fc	-	-
handshake_tone3	1f91d-1f3fd	-	-
handshake_medium_skin_tone	1f91d-1f3fd	-	-
handshake_tone3_tone4	1faf1-1f3fd-200d-1faf2-1f3fe	-	-
handshake_medium_skin_tone_medium_dark_skin_tone	1faf1-1f3fd-200d-1faf2-1f3fe	-	-
handshake_tone3_tone5	1faf1-1f3fd-200d-1faf2-1f3ff	-	-
handshake_medium_skin_tone_dark_skin_tone	1faf1-1f3fd-200d-1faf2-1f3ff	-	-
handshake_tone4_tone1	1faf1-1f3fe-200d-1faf2-1f3fb	-	-
handshake_medium_dark_skin_tone_light_skin_tone	1faf1-1f3fe-200d-1faf2-1f3fb	-	-
handshake_tone4_tone2	1faf1-1f3fe-200d-1faf2-1f3fc	-	-
handshake_medium_dark_skin_tone_medium_light_skin_tone	1faf1-1f3fe-200d-1faf2-1f3fc	-	-
handshake_tone4_tone3	1faf1-1f3fe-200d-1faf2-1f3fd	-	-
handshake_medium_dark_skin_tone_medium_skin_tone	1faf1-1f3fe-200d-1faf2-1f3fd	-	-
handshake_tone4	1f91d-1f3fe	-	-
handshake_medium_dark_skin_tone	1f91d-1f3fe	-	-
handshake_tone4_tone5	1faf1-1f3fe-200d-1faf2-1f3ff	-	-
handshake_medium_dark_skin_tone_dark_skin_tone	1faf1-1f3fe-200d-1faf2-1f3ff	-	-
handshake_tone5_tone1	1faf1-1f3ff-200d-1faf2-1f3fb	-	-
handshake_dark_skin_tone_light_skin_tone	1faf1-1f3ff-200d-1faf2-1f3fb	-	-
handshake_tone5_tone2	1faf1-1f3ff-200d-1faf2-1f3fc	-	-
handshake_dark_skin_tone_medium_light_skin_tone	1faf1-1f3ff-200d-1faf2-1f3fc	-	-
handshake_tone5_tone3	1faf1-1f3ff-200d-1faf2-1f3fd	-	-
handshake_dark_skin_tone_medium_skin_tone	1faf1-1f3ff-200d-1faf2-1f3fd	-	-
handshake_tone5_tone4	1faf1-1f3ff-200d-1faf2-1f3fe	-	-
handshake_dark_skin_tone_medium_dark_skin_tone	1faf1-1f3ff-200d-1faf2-1f3fe	-	-
handshake_tone5	1f91d-1f3ff	-	-
handshake_dark_skin_tone	1f91d-1f3ff	-	-
thumbsup	1f44d	people	+
+1	1f44d	-	+
thumbup	1f44d	-	+
thumbs_up	1f44d	-	-
thumbsup_tone1	1f44d-1f3fb	-	+
+1_tone1	1f44d-1f3fb	-	+
thumbup_tone1	1f44d-1f3fb	-	+
thumbsup_tone2	1f44d-1f3fc	-	+
+1_tone2	1f44d-1f3fc	-	+
thumbup_tone2	1f44d-1f3fc	-	+
thumbsup_tone3	1f44d-1f3fd	-	+
+1_tone3	1f44d-1f3fd	-	+
thumbup_tone3	1f44d-1f3fd	-	+
thumbsup_tone4	1f44d-1f3fe	-	+
+1_tone4	1f44d-1f3fe	-	+
thumbup_tone4	1f44d-1f3fe	-	+
thumbsup_tone5	1f44d-1f3ff	-	+
+1_tone5	1f44d-1f3ff	-	+
thumbup_tone5	1f44d-1f3ff	-	+
thumbsdown	1f44e	people	+
-1	1f44e	-	+
thumbdown	1f44e	-	+
thumbs_down	1f44e	-	-
thumbsdown_tone1	1f44e-1f3fb	-	+
-1_tone1	1f44e-1f3fb	-	+
thumbdown_tone1	1f44e-1f3fb	-	+
thumbsdown_tone2	1f44e-1f3fc	-	+
-1_tone2	1f44e-1f3fc	-	+
thumbdown_tone2	1f44e-1f3fc	-	+
thumbsdown_tone3	1f44e-1f3fd	-	+
-1_tone3	1f44e-1f3fd	-	+
thumbdown_tone3	1f44e-1f3fd	-	+
thumbsdown_tone4	1f44e-1f3fe	-	+
-1_tone4	1f44e-1f3fe	-	+
thumbdown_tone4	1f44e-1f3fe	-	+
thumbsdown_tone5	1f44e-1f3ff	-	+
-1_tone5	1f44e-1f3ff	-	+
thumbdown_tone5	1f44e-1f3ff	-	+
punch	1f44a	people	+
oncoming_fist	1f44a	-	-
punch_tone1	1f44a-1f3fb	-	+
punch_tone2	1f44a-1f3fc	-	+
punch_tone3	1f44a-1f3fd	-	+
punch_tone4	1f44a-1f3fe	-	+
punch_tone5	1f44a-1f3ff	-	+
fist	270a	people	+
raised_fist	270a	-	-
fist_tone1	270a-1f3fb	-	+
fist_tone2	270a-1f3fc	-	+
fist_tone3	270a-1f3fd	-	+
fist_tone4	270a-1f3fe	-	+
fist_tone5	270a-1f3ff	-	+
left_facing_fist	1f91b	people	+
left_fist	1f91b	-	+
left_facing_fist_tone1	1f91b-1f3fb	-	+
left_fist_tone1	1f91b-1f3fb	-	+
left_facing_fist_tone2	1f91b-1f3fc	-	+
left_fist_tone2	1f91b-1f3fc	-	+
left_facing_fist_tone3	1f91b-1f3fd	-	+
left_fist_tone3	1f91b-1f3fd	-	+
left_facing_fist_tone4	1f91b-1f3fe	-	+
left_fist_tone4	1f91b-1f3fe	-	+
left_facing_fist_tone5	1f91b-1f3ff	-	+
left_fist_tone5	1f91b-1f3ff	-	+
right_facing_fist	1f91c	people	+
right_fist	1f91c	-	+
right_facing_fist_tone1	1f91c-1f3fb	-	+
right_fist_tone1	1f91c-1f3fb	-	+
right_facing_fist_tone2	1f91c-1f3fc	-	+
right_fist_tone2	1f91c-1f3fc	-	+
right_facing_fist_tone3	1f91c-1f3fd	-	+
right_fist_tone3	1f91c-1f3fd	-	+
right_facing_fist_tone4	1f91c-1f3fe	-	+
right_fist_tone4	1f91c-1f3fe	-	+
right_facing_fist_tone5	1f91c-1f3ff	-	+
right_fist_tone5	1f91c-1f3ff	-	+
leftwards_pushing_hand	1faf7	people	-
leftwards_pushing_hand_tone1	1faf7-1f3fb	-	-
leftwards_pushing_hand_light_skin_tone	1faf7-1f3fb	-	-
leftwards_pushing_hand_tone2	1faf7-1f3fc	-	-
leftwards_pushing_hand_medium_light_skin_tone	1faf7-1f3fc	-	-
leftwards_pushing_hand_tone3	1faf7-1f3fd	-	-
leftwards_pushing_hand_medium_skin_tone	1faf7-1f3fd	-	-
leftwards_pushing_hand_tone4	1faf7-1f3fe	-	-
leftwards_pushing_hand_medium_dark_skin_tone	1faf7-1f3fe	-	-
leftwards_pushing_hand_tone5	1faf7-1f3ff	-	-
leftwards_pushing_hand_dark_skin_tone	1faf7-1f3ff	-	-
rightwards_pushing_hand	1faf8	people	-
rightwards_pushing_hand_tone1	1faf8-1f3fb	-	-
rightwards_pushing_hand_light_skin_tone	1faf8-1f3fb	-	-
rightwards_pushing_hand_tone2	1faf8-1f3fc	-	-
rightwards_pushing_hand_medium_light_skin_tone	1faf8-1f3fc	-	-
rightwards_pushing_hand_tone3	1faf8-1f3fd	-	-
rightwards_pushing_hand_medium_skin_tone	1faf8-1f3fd	-	-
rightwards_pushing_hand_tone4	1faf8-1f3fe	-	-
rightwards_pushing_hand_medium_dark_skin_tone	1faf8-1f3fe	-	-
rightwards_pushing_hand_tone5	1faf8-1f3ff	-	-
rightwards_pushing_hand_dark_skin_tone	1faf8-1f3ff	-	-
fingers_crossed	1f91e	people	+
hand_with_index_and_middle_finger_crossed	1f91e	-	+
fingers_crossed_tone1	1f91e-1f3fb	-	+
hand_with_index_and_middle_fingers_crossed_tone1	1f91e-1f3fb	-	+
fingers_crossed_tone2	1f91e-1f3fc	-	+
hand_with_index_and_middle_fingers_crossed_tone2	1f91e-1f3fc	-	+
fingers_crossed_tone3	1f91e-1f3fd	-	+
hand_with_index_and_middle_fingers_crossed_tone3	1f91e-1f3fd	-	+
fingers_crossed_tone4	1f91e-1f3fe	-	+
hand_with_index_and_middle_fingers_crossed_tone4	1f91e-1f3fe	-	+
fingers_crossed_tone5	1f91e-1f3ff	-	+
hand_with_index_and_middle_fingers_crossed_tone5	1f91e-1f3ff	-	+
v	270c-fe0f	people	+
victory_hand	270c-fe0f	-	-
v_tone1	270c-1f3fb	-	+
v_tone2	270c-1f3fc	-	+
v_tone3	270c-1f3fd	-	+
v_tone4	270c-1f3fe	-	+
v_tone5	270c-1f3ff	-	+
hand_with_index_finger_and_thumb_crossed	1faf0	people	-
hand_with_index_finger_and_thumb_crossed_tone1	1faf0-1f3fb	-	-
hand_with_index_finger_and_thumb_crossed_light_skin_tone	1faf0-1f3fb	-	-
hand_with_index_finger_and_thumb_crossed_tone2	1faf0-1f3fc	-	-
hand_with_index_finger_and_thumb_crossed_medium_light_skin_tone	1faf0-1f3fc	-	-
hand_with_index_finger_and_thumb_crossed_tone3	1faf0-1f3fd	-	-
hand_with_index_finger_and_thumb_crossed_medium_skin_tone	1faf0-1f3fd	-	-
hand_with_index_finger_and_thumb_crossed_tone4	1faf0-1f3fe	-	-
hand_with_index_finger_and_thumb_crossed_medium_dark_skin_tone	1faf0-1f3fe	-	-
hand_with_index_finger_and_thumb_crossed_tone5	1faf0-1f3ff	-	-
hand_with_index_finger_and_thumb_crossed_dark_skin_tone	1faf0-1f3ff	-	-
love_you_gesture	1f91f	people	+
love_you_gesture_tone1	1f91f-1f3fb	-	+
love_you_gesture_light_skin_tone	1f91f-1f3fb	-	+
love_you_gesture_tone2	1f91f-1f3fc	-	+
love_you_gesture_medium_light_skin_tone	1f91f-1f3fc	-	+
love_you_gesture_tone3	1f91f-1f3fd	-	+
love_you_gesture_medium_skin_tone	1f91f-1f3fd	-	+
love_you_gesture_tone4	1f91f-1f3fe	-	+
love_you_gesture_medium_dark_skin_tone	1f91f-1f3fe	-	+
love_you_gesture_tone5	1f91f-1f3ff	-	+
love_you_gesture_dark_skin_tone	1f91f-1f3ff	-	+
metal	1f918	people	+
sign_of_the_horns	1f918	-	+
metal_tone1	1f918-1f3fb	-	+
sign_of_the_horns_tone1	1f918-1f3fb	-	+
metal_tone2	1f918-1f3fc	-	+
sign_of_the_horns_tone2	1f918-1f3fc	-	+
metal_tone3	1f918-1f3fd	-	+
sign_of_the_horns_tone3	1f918-1f3fd	-	+
metal_tone4	1f918-1f3fe	-	+
sign_of_the_horns_tone4	1f918-1f3fe	-	+
metal_tone5	1f918-1f3ff	-	+
sign_of_the_horns_tone5	1f918-1f3ff	-	+
ok_hand	1f44c	people	+
ok_hand_tone1	1f44c-1f3fb	-	+
ok_hand_tone2	1f44c-1f3fc	-	+
ok_hand_tone3	1f44c-1f3fd	-	+
ok_hand_tone4	1f44c-1f3fe	-	+
ok_hand_tone5	1f44c-1f3ff	-	+
pinched_fingers	1f90c	people	-
pinched_fingers_tone2	1f90c-1f3fc	-	-
pinched_fingers_medium_light_skin_tone	1f90c-1f3fc	-	-
pinched_fingers_tone1	1f90c-1f3fb	-	-
pinched_fingers_light_skin_tone	1f90c-1f3fb	-	-
pinched_fingers_tone3	1f90c-1f3fd	-	-
pinched_fingers_medium_skin_tone	1f90c-1f3fd	-	-
pinched_fingers_tone4	1f90c-1f3fe	-	-
pinched_fingers_medium_dark_skin_tone	1f90c-1f3fe	-	-
pinched_fingers_tone5	1f90c-1f3ff	-	-
pinched_fingers_dark_skin_tone	1f90c-1f3ff	-	-
pinching_hand	1f90f	people	-
pinching_hand_tone1	1f90f-1f3fb	-	-
pinching_hand_light_skin_tone	1f90f-1f3fb	-	-
pinching_hand_tone2	1f90f-1f3fc	-	-
pinching_hand_medium_light_skin_tone	1f90f-1f3fc	-	-
pinching_hand_tone3	1f90f-1f3fd	-	-
pinching_hand_medium_skin_tone	1f90f-1f3fd	-	-
pinching_hand_tone4	1f90f-1f3fe	-	-
pinching_hand_medium_dark_skin_tone	1f90f-1f3fe	-	-
pinching_hand_tone5	1f90f-1f3ff	-	-
pinching_hand_dark_skin_tone	1f90f-1f3ff	-	-
palm_down_hand	1faf3	people	-
palm_down_hand_tone1	1faf3-1f3fb	-	-
palm_down_hand_light_skin_tone	1faf3-1f3fb	-	-
palm_down_hand_tone2	1faf3-1f3fc	-	-
palm_down_hand_medium_light_skin_tone	1faf3-1f3fc	-	-
palm_down_hand_tone3	1faf3-1f3fd	-	-
palm_down_hand_medium_skin_tone	1faf3-1f3fd	-	-
palm_down_hand_tone4	1faf3-1f3fe	-	-
palm_down_hand_medium_dark_skin_tone	1faf3-1f3fe	-	-
palm_down_hand_tone5	1faf3-1f3ff	-	-
palm_down_hand_dark_skin_tone	1faf3-1f3ff	-	-
palm_up_hand	1faf4	people	-
palm_up_hand_tone1	1faf4-1f3fb	-	-
palm_up_hand_light_skin_tone	1faf4-1f3fb	-	-
palm_up_hand_tone2	1faf4-1f3fc	-	-
palm_up_hand_medium_light_skin_tone	1faf4-1f3fc	-	-
palm_up_hand_tone3	1faf4-1f3fd	-	-
palm_up_hand_medium_skin_tone	1faf4-1f3fd	-	-
palm_up_hand_tone4	1faf4-1f3fe	-	-
palm_up_hand_medium_dark_skin_tone	1faf4-1f3fe	-	-
palm_up_hand_tone5	1faf4-1f3ff	-	-
palm_up_hand_dark_skin_tone	1faf4-1f3ff	-	-
point_left	1f448	people	+
point_left_tone1	1f448-1f3fb	-	+
point_left_tone2	1f448-1f3fc	-	+
point_left_tone3	1f448-1f3fd	-	+
point_left_tone4	1f448-1f3fe	-	+
point_left_tone5	1f448-1f3ff	-	+
point_right	1f449	people	+
point_right_tone1	1f449-1f3fb	-	+
point_right_tone2	1f449-1f3fc	-	+
point_right_tone3	1f449-1f3fd	-	+
point_right_tone4	1f449-1f3fe	-	+
point_right_tone5	1f449-1f3ff	-	+
point_up_2	1f446	people	+
point_up_2_tone1	1f446-1f3fb	-	+
point_up_2_tone2	1f446-1f3fc	-	+
point_up_2_tone3	1f446-1f3fd	-	+
point_up_2_tone4	1f446-1f3fe	-	+
point_up_2_tone5	1f446-1f3ff	-	+
point_down	1f447	people	+
point_down_tone1	1f447-1f3fb	-	+
point_down_tone2	1f447-1f3fc	-	+
point_down_tone3	1f447-1f3fd	-	+
point_down_tone4	1f447-1f3fe	-	+
point_down_tone5	1f447-1f3ff	-	+
point_up	261d-fe0f	people	+
point_up_tone1	261d-1f3fb	-	+
point_up_tone2	261d-1f3fc	-	+
point_up_tone3	261d-1f3fd	-	+
point_up_tone4	261d-1f3fe	-	+
point_up_tone5	261d-1f3ff	-	+
raised_hand	270b	people	+
raised_hand_tone1	270b-1f3fb	-	+
raised_hand_tone2	270b-1f3fc	-	+
raised_hand_tone3	270b-1f3fd	-	+
raised_hand_tone4	270b-1f3fe	-	+
raised_hand_tone5	270b-1f3ff	-	+
raised_back_of_hand	1f91a	people	+
back_of_hand	1f91a	-	+
raised_back_of_hand_tone1	1f91a-1f3fb	-	+
back_of_hand_tone1	1f91a-1f3fb	-	+
raised_back_of_hand_tone2	1f91a-1f3fc	-	+
back_of_hand_tone2	1f91a-1f3fc	-	+
raised_back_of_hand_tone3	1f91a-1f3fd	-	+
back_of_hand_tone3	1f91a-1f3fd	-	+
raised_back_of_hand_tone4	1f91a-1f3fe	-	+
back_of_hand_tone4	1f91a-1f3fe	-	+
raised_back_of_hand_tone5	1f91a-1f3ff	-	+
back_of_hand_tone5	1f91a-1f3ff	-	+
hand_splayed	1f590-fe0f	people	+
raised_hand_with_fingers_splayed	1f590-fe0f	-	+
hand_splayed_tone1	1f590-1f3fb	-	+
raised_hand_with_fingers_splayed_tone1	1f590-1f3fb	-	+
hand_splayed_tone2	1f590-1f3fc	-	+
raised_hand_with_fingers_splayed_tone2	1f590-1f3fc	-	+
hand_splayed_tone3	1f590-1f3fd	-	+
raised_hand_with_fingers_splayed_tone3	1f590-1f3fd	-	+
hand_splayed_tone4	1f590-1f3fe	-	+
raised_hand_with_fingers_splayed_tone4	1f590-1f3fe	-	+
hand_splayed_tone5	1f590-1f3ff	-	+
raised_hand_with_fingers_splayed_tone5	1f590-1f3ff	-	+
vulcan	1f596	people	+
raised_hand_with_part_between_middle_and_ring_fingers	1f596	-	+
vulcan_salute	1f596	-	-
vulcan_tone1	1f596-1f3fb	-	+
raised_hand_with_part_between_middle_and_ring_fingers_tone1	1f596-1f3fb	-	+
vulcan_tone2	1f596-1f3fc	-	+
raised_hand_with_part_between_middle_and_ring_fingers_tone2	1f596-1f3fc	-	+
vulcan_tone3	1f596-1f3fd	-	+
raised_hand_with_part_between_middle_and_ring_fingers_tone3	1f596-1f3fd	-	+
vulcan_tone4	1f596-1f3fe	-	+
raised_hand_with_part_between_middle_and_ring_fingers_tone4	1f596-1f3fe	-	+
vulcan_tone5	1f596-1f3ff	-	+
raised_hand_with_part_between_middle_and_ring_fingers_tone5	1f596-1f3ff	-	+
wave	1f44b	people	+
waving_hand	1f44b	-	-
wave_tone1	1f44b-1f3fb	-	+
wave_tone2	1f44b-1f3fc	-	+
wave_tone3	1f44b-1f3fd	-	+
wave_tone4	1f44b-1f3fe	-	+
wave_tone5	1f44b-1f3ff	-	+
call_me	1f919	people	+
call_me_hand	1f919	-	+
call_me_tone1	1f919-1f3fb	-	+
call_me_hand_tone1	1f919-1f3fb	-	+
call_me_tone2	1f919-1f3fc	-	+
call_me_hand_tone2	1f919-1f3fc	-	+
call_me_tone3	1f919-1f3fd	-	+
call_me_hand_tone3	1f919-1f3fd	-	+
call_me_tone4	1f919-1f3fe	-	+
call_me_hand_tone4	1f919-1f3fe	-	+
call_me_tone5	1f919-1f3ff	-	+
call_me_hand_tone5	1f919-1f3ff	-	+
leftwards_hand	1faf2	people	-
leftwards_hand_tone1	1faf2-1f3fb	-	-
leftwards_hand_light_skin_tone	1faf2-1f3fb	-	-
leftwards_hand_tone2	1faf2-1f3fc	-	-
leftwards_hand_medium_light_skin_tone	1faf2-1f3fc	-	-
leftwards_hand_tone3	1faf2-1f3fd	-	-
leftwards_hand_medium_skin_tone	1faf2-1f3fd	-	-
leftwards_hand_tone4	1faf2-1f3fe	-	-
leftwards_hand_medium_dark_skin_tone	1faf2-1f3fe	-	-
leftwards_hand_tone5	1faf2-1f3ff	-	-
leftwards_hand_dark_skin_tone	1faf2-1f3ff	-	-
rightwards_hand	1faf1	people	-
rightwards_hand_tone1	1faf1-1f3fb	-	-
rightwards_hand_light_skin_tone	1faf1-1f3fb	-	-
rightwards_hand_tone2	1faf1-1f3fc	-	-
rightwards_hand_medium_light_skin_tone	1faf1-1f3fc	-	-
rightwards_hand_tone3	1faf1-1f3fd	-	-
rightwards_hand_medium_skin_tone	1faf1-1f3fd	-	-
rightwards_hand_tone4	1faf1-1f3fe	-	-
rightwards_hand_medium_dark_skin_tone	1faf1-1f3fe	-	-
rightwards_hand_tone5	1faf1-1f3ff	-	-
rightwards_hand_dark_skin_tone	1faf1-1f3ff	-	-
muscle	1f4aa	people	+
flexed_biceps	1f4aa	-	-
muscle_tone1	1f4aa-1f3fb	-	+
muscle_tone2	1f4aa-1f3fc	-	+
muscle_tone3	1f4aa-1f3fd	-	+
muscle_tone4	1f4aa-1f3fe	-	+
muscle_tone5	1f4aa-1f3ff	-	+
mechanical_arm	1f9be	people	-
middle_finger	1f595	people	+
reversed_hand_with_middle_finger_extended	1f595	-	+
middle_finger_tone1	1f595-1f3fb	-	+
reversed_hand_with_middle_finger_extended_tone1	1f595-1f3fb	-	+
middle_finger_tone2	1f595-1f3fc	-	+
reversed_hand_with_middle_finger_extended_tone2	1f595-1f3fc	-	+
middle_finger_tone3	1f595-1f3fd	-	+
reversed_hand_with_middle_finger_extended_tone3	1f595-1f3fd	-	+
middle_finger_tone4	1f595-1f3fe	-	+
reversed_hand_with_middle_finger_extended_tone4	1f595-1f3fe	-	+
middle_finger_tone5	1f595-1f3ff	-	+
reversed_hand_with_middle_finger_extended_tone5	1f595-1f3ff	-	+
writing_hand	270d-fe0f	people	+
writing_hand_tone1	270d-1f3fb	-	+
writing_hand_tone2	270d-1f3fc	-	+
writing_hand_tone3	270d-1f3fd	-	+
writing_hand_tone4	270d-1f3fe	-	+
writing_hand_tone5	270d-1f3ff	-	+
pray	1f64f	people	+
folded_hands	1f64f	-	-
pray_tone1	1f64f-1f3fb	-	+
pray_tone2	1f64f-1f3fc	-	+
pray_tone3	1f64f-1f3fd	-	+
pray_tone4	1f64f-1f3fe	-	+
pray_tone5	1f64f-1f3ff	-	+
index_pointing_at_the_viewer	1faf5	people	-
index_pointing_at_the_viewer_tone1	1faf5-1f3fb	-	-
index_pointing_at_the_viewer_light_skin_tone	1faf5-1f3fb	-	-
index_pointing_at_the_viewer_tone2	1faf5-1f3fc	-	-
index_pointing_at_the_viewer_medium_light_skin_tone	1faf5-1f3fc	-	-
index_pointing_at_the_viewer_tone3	1faf5-1f3fd	-	-
index_pointing_at_the_viewer_medium_skin_tone	1faf5-1f3fd	-	-
index_pointing_at_the_viewer_tone4	1faf5-1f3fe	-	-
index_pointing_at_the_viewer_medium_dark_skin_tone	1faf5-1f3fe	-	-
index_pointing_at_the_viewer_tone5	1faf5-1f3ff	-	-
index_pointing_at_the_viewer_dark_skin_tone	1faf5-1f3ff	-	-
foot	1f9b6	people	+
foot_tone1	1f9b6-1f3fb	-	+
foot_light_skin_tone	1f9b6-1f3fb	-	+
foot_tone2	1f9b6-1f3fc	-	+
foot_medium_light_skin_tone	1f9b6-1f3fc	-	+
foot_tone3	1f9b6-1f3fd	-	+
foot_medium_skin_tone	1f9b6-1f3fd	-	+
foot_tone4	1f9b6-1f3fe	-	+
foot_medium_dark_skin_tone	1f9b6-1f3fe	-	+
foot_tone5	1f9b6-1f3ff	-	+
foot_dark_skin_tone	1f9b6-1f3ff	-	+
leg	1f9b5	people	+
leg_tone1	1f9b5-1f3fb	-	+
leg_light_skin_tone	1f9b5-1f3fb	-	+
leg_tone2	1f9b5-1f3fc	-	+
leg_medium_light_skin_tone	1f9b5-1f3fc	-	+
leg_tone3	1f9b5-1f3fd	-	+
leg_medium_skin_tone	1f9b5-1f3fd	-	+
leg_tone4	1f9b5-1f3fe	-	+
leg_medium_dark_skin_tone	1f9b5-1f3fe	-	+
leg_tone5	1f9b5-1f3ff	-	+
leg_dark_skin_tone	1f9b5-1f3ff	-	+
mechanical_leg	1f9bf	people	-
lipstick	1f484	people	+
kiss	1f48b	people	+
kiss_mark	1f48b	-	-
lips	1f444	people	+
mouth	1f444	-	-
biting_lip	1fae6	people	-
tooth	1f9b7	people	+
tongue	1f445	people	+
ear	1f442	people	+
ear_tone1	1f442-1f3fb	-	+
ear_tone2	1f442-1f3fc	-	+
ear_tone3	1f442-1f3fd	-	+
ear_tone4	1f442-1f3fe	-	+
ear_tone5	1f442-1f3ff	-	+
ear_with_hearing_aid	1f9bb	people	-
ear_with_hearing_aid_tone1	1f9bb-1f3fb	-	-
ear_with_hearing_aid_light_skin_tone	1f9bb-1f3fb	-	-
ear_with_hearing_aid_tone2	1f9bb-1f3fc	-	-
ear_with_hearing_aid_medium_light_skin_tone	1f9bb-1f3fc	-	-
ear_with_hearing_aid_tone3	1f9bb-1f3fd	-	-
ear_with_hearing_aid_medium_skin_tone	1f9bb-1f3fd	-	-
ear_with_hearing_aid_tone4	1f9bb-1f3fe	-	-
ear_with_hearing_aid_medium_dark_skin_tone	1f9bb-1f3fe	-	-
ear_with_hearing_aid_tone5	1f9bb-1f3ff	-	-
ear_with_hearing_aid_dark_skin_tone	1f9bb-1f3ff	-	-
nose	1f443	people	+
nose_tone1	1f443-1f3fb	-	+
nose_tone2	1f443-1f3fc	-	+
nose_tone3	1f443-1f3fd	-	+
nose_tone4	1f443-1f3fe	-	+
nose_tone5	1f443-1f3ff	-	+
fingerprint	1fac6	people	-
footprints	1f463	people	+
eye	1f441-fe0f	people	+
eyes	1f440	people	+
anatomical_heart	1fac0	people	-
lungs	1fac1	people	-
brain	1f9e0	people	+
speaking_head	1f5e3-fe0f	people	+
speaking_head_in_silhouette	1f5e3-fe0f	-	+
bust_in_silhouette	1f464	people	+
busts_in_silhouette	1f465	people	+
people_hugging	1fac2	people	-
baby	1f476	people	+
baby_tone1	1f476-1f3fb	-	+
baby_tone2	1f476-1f3fc	-	+
baby_tone3	1f476-1f3fd	-	+
baby_tone4	1f476-1f3fe	-	+
baby_tone5	1f476-1f3ff	-	+
child	1f9d2	people	+
child_tone1	1f9d2-1f3fb	-	+
child_light_skin_tone	1f9d2-1f3fb	-	+
child_tone2	1f9d2-1f3fc	-	+
child_medium_light_skin_tone	1f9d2-1f3fc	-	+
child_tone3	1f9d2-1f3fd	-	+
child_medium_skin_tone	1f9d2-1f3fd	-	+
child_tone4	1f9d2-1f3fe	-	+
child_medium_dark_skin_tone	1f9d2-1f3fe	-	+
child_tone5	1f9d2-1f3ff	-	+
child_dark_skin_tone	1f9d2-1f3ff	-	+
girl	1f467	people	+
girl_tone1	1f467-1f3fb	-	+
girl_tone2	1f467-1f3fc	-	+
girl_tone3	1f467-1f3fd	-	+
girl_tone4	1f467-1f3fe	-	+
girl_tone5	1f467-1f3ff	-	+
boy	1f466	people	+
boy_tone1	1f466-1f3fb	-	+
boy_tone2	1f466-1f3fc	-	+
boy_tone3	1f466-1f3fd	-	+
boy_tone4	1f466-1f3fe	-	+
boy_tone5	1f466-1f3ff	-	+
adult	1f9d1	people	+
person	1f9d1	-	-
adult_tone1	1f9d1-1f3fb	-	+
adult_light_skin_tone	1f9d1-1f3fb	-	+
adult_tone2	1f9d1-1f3fc	-	+
adult_medium_light_skin_tone	1f9d1-1f3fc	-	+
adult_tone3	1f9d1-1f3fd	-	+
adult_medium_skin_tone	1f9d1-1f3fd	-	+
adult_tone4	1f9d1-1f3fe	-	+
adult_medium_dark_skin_tone	1f9d1-1f3fe	-	+
adult_tone5	1f9d1-1f3ff	-	+
adult_dark_skin_tone	1f9d1-1f3ff	-	+
woman	1f469	people	+
woman_tone1	1f469-1f3fb	-	+
woman_tone2	1f469-1f3fc	-	+
woman_tone3	1f469-1f3fd	-	+
woman_tone4	1f469-1f3fe	-	+
woman_tone5	1f469-1f3ff	-	+
man	1f468	people	+
man_tone1	1f468-1f3fb	-	+
man_tone2	1f468-1f3fc	-	+
man_tone3	1f468-1f3fd	-	+
man_tone4	1f468-1f3fe	-	+
man_tone5	1f468-1f3ff	-	+
person_curly_hair	1f9d1-200d-1f9b1	people	-
person_tone1_curly_hair	1f9d1-1f3fb-200d-1f9b1	-	-
person_light_skin_tone_curly_hair	1f9d1-1f3fb-200d-1f9b1	-	-
person_tone2_curly_hair	1f9d1-1f3fc-200d-1f9b1	-	-
person_medium_light_skin_tone_curly_hair	1f9d1-1f3fc-200d-1f9b1	-	-
person_tone3_curly_hair	1f9d1-1f3fd-200d-1f9b1	-	-
person_medium_skin_tone_curly_hair	1f9d1-1f3fd-200d-1f9b1	-	-
person_tone4_curly_hair	1f9d1-1f3fe-200d-1f9b1	-	-
person_medium_dark_skin_tone_curly_hair	1f9d1-1f3fe-200d-1f9b1	-	-
person_tone5_curly_hair	1f9d1-1f3ff-200d-1f9b1	-	-
person_dark_skin_tone_curly_hair	1f9d1-1f3ff-200d-1f9b1	-	-
woman_curly_haired	1f469-200d-1f9b1	people	+
woman_curly_haired_tone1	1f469-1f3fb-200d-1f9b1	-	+
woman_curly_haired_light_skin_tone	1f469-1f3fb-200d-1f9b1	-	+
woman_curly_haired_tone2	1f469-1f3fc-200d-1f9b1	-	+
woman_curly_haired_medium_light_skin_tone	1f469-1f3fc-200d-1f9b1	-	+
woman_curly_haired_tone3	1f469-1f3fd-200d-1f9b1	-	+
woman_curly_haired_medium_skin_tone	1f469-1f3fd-200d-1f9b1	-	+
woman_curly_haired_tone4	1f469-1f3fe-200d-1f9b1	-	+
woman_curly_haired_medium_dark_skin_tone	1f469-1f3fe-200d-1f9b1	-	+
woman_curly_haired_tone5	1f469-1f3ff-200d-1f9b1	-	+
woman_curly_haired_dark_skin_tone	1f469-1f3ff-200d-1f9b1	-	+
man_curly_haired	1f468-200d-1f9b1	people	+
man_curly_haired_tone1	1f468-1f3fb-200d-1f9b1	-	+
man_curly_haired_light_skin_tone	1f468-1f3fb-200d-1f9b1	-	+
man_curly_haired_tone2	1f468-1f3fc-200d-1f9b1	-	+
man_curly_haired_medium_light_skin_tone	1f468-1f3fc-200d-1f9b1	-	+
man_curly_haired_tone3	1f468-1f3fd-200d-1f9b1	-	+
man_curly_haired_medium_skin_tone	1f468-1f3fd-200d-1f9b1	-	+
man_curly_haired_tone4	1f468-1f3fe-200d-1f9b1	-	+
man_curly_haired_medium_dark_skin_tone	1f468-1f3fe-200d-1f9b1	-	+
man_curly_haired_tone5	1f468-1f3ff-200d-1f9b1	-	+
man_curly_haired_dark_skin_tone	1f468-1f3ff-200d-1f9b1	-	+
person_red_hair	1f9d1-200d-1f9b0	people	-
person_tone1_red_hair	1f9d1-1f3fb-200d-1f9b0	-	-
person_light_skin_tone_red_hair	1f9d1-1f3fb-200d-1f9b0	-	-
person_tone2_red_hair	1f9d1-1f3fc-200d-1f9b0	-	-
person_medium_light_skin_tone_red_hair	1f9d1-1f3fc-200d-1f9b0	-	-
person_tone3_red_hair	1f9d1-1f3fd-200d-1f9b0	-	-
person_medium_skin_tone_red_hair	1f9d1-1f3fd-200d-1f9b0	-	-
person_tone4_red_hair	1f9d1-1f3fe-200d-1f9b0	-	-
person_medium_dark_skin_tone_red_hair	1f9d1-1f3fe-200d-1f9b0	-	-
person_tone5_red_hair	1f9d1-1f3ff-200d-1f9b0	-	-
person_dark_skin_tone_red_hair	1f9d1-1f3ff-200d-1f9b0	-	-
woman_red_haired	1f469-200d-1f9b0	people	+
woman_red_haired_tone1	1f469-1f3fb-200d-1f9b0	-	+
woman_red_haired_light_skin_tone	1f469-1f3fb-200d-1f9b0	-	+
woman_red_haired_tone2	1f469-1f3fc-200d-1f9b0	-	+
woman_red_haired_medium_light_skin_tone	1f469-1f3fc-200d-1f9b0	-	+
woman_red_haired_tone3	1f469-1f3fd-200d-1f9b0	-	+
woman_red_haired_medium_skin_tone	1f469-1f3fd-200d-1f9b0	-	+
woman_red_haired_tone4	1f469-1f3fe-200d-1f9b0	-	+
woman_red_haired_medium_dark_skin_tone	1f469-1f3fe-200d-1f9b0	-	+
woman_red_haired_tone5	1f469-1f3ff-200d-1f9b0	-	+
woman_red_haired_dark_skin_tone	1f469-1f3ff-200d-1f9b0	-	+
man_red_haired	1f468-200d-1f9b0	people	+
man_red_hair	1f468-200d-1f9b0	-	-
man_red_haired_tone1	1f468-1f3fb-200d-1f9b0	-	+
man_red_haired_light_skin_tone	1f468-1f3fb-200d-1f9b0	-	+
man_red_haired_tone2	1f468-1f3fc-200d-1f9b0	-	+
man_red_haired_medium_light_skin_tone	1f468-1f3fc-200d-1f9b0	-	+
man_red_haired_tone3	1f468-1f3fd-200d-1f9b0	-	+
man_red_haired_medium_skin_tone	1f468-1f3fd-200d-1f9b0	-	+
man_red_haired_tone4	1f468-1f3fe-200d-1f9b0	-	+
man_red_haired_medium_dark_skin_tone	1f468-1f3fe-200d-1f9b0	-	+
man_red_haired_tone5	1f468-1f3ff-200d-1f9b0	-	+
man_red_haired_dark_skin_tone	1f468-1f3ff-200d-1f9b0	-	+
blond_haired_person	1f471	people	+
person_with_blond_hair	1f471	-	+
blond_haired_person_tone1	1f471-1f3fb	-	+
person_with_blond_hair_tone1	1f471-1f3fb	-	+
blond_haired_person_tone2	1f471-1f3fc	-	+
person_with_blond_hair_tone2	1f471-1f3fc	-	+
blond_haired_person_tone3	1f471-1f3fd	-	+
person_with_blond_hair_tone3	1f471-1f3fd	-	+
blond_haired_person_tone4	1f471-1f3fe	-	+
person_with_blond_hair_tone4	1f471-1f3fe	-	+
blond_haired_person_tone5	1f471-1f3ff	-	+
person_with_blond_hair_tone5	1f471-1f3ff	-	+
blond-haired_woman	1f471-200d-2640-fe0f	people	+
blond-haired_woman_tone1	1f471-1f3fb-200d-2640-fe0f	-	+
blond-haired_woman_light_skin_tone	1f471-1f3fb-200d-2640-fe0f	-	+
blond-haired_woman_tone2	1f471-1f3fc-200d-2640-fe0f	-	+
blond-haired_woman_medium_light_skin_tone	1f471-1f3fc-200d-2640-fe0f	-	+
blond-haired_woman_tone3	1f471-1f3fd-200d-2640-fe0f	-	+
blond-haired_woman_medium_skin_tone	1f471-1f3fd-200d-2640-fe0f	-	+
blond-haired_woman_tone4	1f471-1f3fe-200d-2640-fe0f	-	+
blond-haired_woman_medium_dark_skin_tone	1f471-1f3fe-200d-2640-fe0f	-	+
blond-haired_woman_tone5	1f471-1f3ff-200d-2640-fe0f	-	+
blond-haired_woman_dark_skin_tone	1f471-1f3ff-200d-2640-fe0f	-	+
blond-haired_man	1f471-200d-2642-fe0f	people	+
blond-haired_man_tone1	1f471-1f3fb-200d-2642-fe0f	-	+
blond-haired_man_light_skin_tone	1f471-1f3fb-200d-2642-fe0f	-	+
blond-haired_man_tone2	1f471-1f3fc-200d-2642-fe0f	-	+
blond-haired_man_medium_light_skin_tone	1f471-1f3fc-200d-2642-fe0f	-	+
blond-haired_man_tone3	1f471-1f3fd-200d-2642-fe0f	-	+
blond-haired_man_medium_skin_tone	1f471-1f3fd-200d-2642-fe0f	-	+
blond-haired_man_tone4	1f471-1f3fe-200d-2642-fe0f	-	+
blond-haired_man_medium_dark_skin_tone	1f471-1f3fe-200d-2642-fe0f	-	+
blond-haired_man_tone5	1f471-1f3ff-200d-2642-fe0f	-	+
blond-haired_man_dark_skin_tone	1f471-1f3ff-200d-2642-fe0f	-	+
person_white_hair	1f9d1-200d-1f9b3	people	-
person_tone1_white_hair	1f9d1-1f3fb-200d-1f9b3	-	-
person_light_skin_tone_white_hair	1f9d1-1f3fb-200d-1f9b3	-	-
person_tone2_white_hair	1f9d1-1f3fc-200d-1f9b3	-	-
person_medium_light_skin_tone_white_hair	1f9d1-1f3fc-200d-1f9b3	-	-
person_tone3_white_hair	1f9d1-1f3fd-200d-1f9b3	-	-
person_medium_skin_tone_white_hair	1f9d1-1f3fd-200d-1f9b3	-	-
person_tone4_white_hair	1f9d1-1f3fe-200d-1f9b3	-	-
person_medium_dark_skin_tone_white_hair	1f9d1-1f3fe-200d-1f9b3	-	-
person_tone5_white_hair	1f9d1-1f3ff-200d-1f9b3	-	-
person_dark_skin_tone_white_hair	1f9d1-1f3ff-200d-1f9b3	-	-
woman_white_haired	1f469-200d-1f9b3	people	+
woman_white_haired_tone1	1f469-1f3fb-200d-1f9b3	-	+
woman_white_haired_light_skin_tone	1f469-1f3fb-200d-1f9b3	-	+
woman_white_haired_tone2	1f469-1f3fc-200d-1f9b3	-	+
woman_white_haired_medium_light_skin_tone	1f469-1f3fc-200d-1f9b3	-	+
woman_white_haired_tone3	1f469-1f3fd-200d-1f9b3	-	+
woman_white_haired_medium_skin_tone	1f469-1f3fd-200d-1f9b3	-	+
woman_white_haired_tone4	1f469-1f3fe-200d-1f9b3	-	+
woman_white_haired_medium_dark_skin_tone	1f469-1f3fe-200d-1f9b3	-	+
woman_white_haired_tone5	1f469-1f3ff-200d-1f9b3	-	+
woman_white_haired_dark_skin_tone	1f469-1f3ff-200d-1f9b3	-	+
man_white_haired	1f468-200d-1f9b3	people	+
man_white_haired_tone1	1f468-1f3fb-200d-1f9b3	-	+
man_white_haired_light_skin_tone	1f468-1f3fb-200d-1f9b3	-	+
man_white_haired_tone2	1f468-1f3fc-200d-1f9b3	-	+
man_white_haired_medium_light_skin_tone	1f468-1f3fc-200d-1f9b3	-	+
man_white_haired_tone3	1f468-1f3fd-200d-1f9b3	-	+
man_white_haired_medium_skin_tone	1f468-1f3fd-200d-1f9b3	-	+
man_white_haired_tone4	1f468-1f3fe-200d-1f9b3	-	+
man_white_haired_medium_dark_skin_tone	1f468-1f3fe-200d-1f9b3	-	+
man_white_haired_tone5	1f468-1f3ff-200d-1f9b3	-	+
man_white_haired_dark_skin_tone	1f468-1f3ff-200d-1f9b3	-	+
person_bald	1f9d1-200d-1f9b2	people	-
person_tone1_bald	1f9d1-1f3fb-200d-1f9b2	-	-
person_light_skin_tone_bald	1f9d1-1f3fb-200d-1f9b2	-	-
person_tone2_bald	1f9d1-1f3fc-200d-1f9b2	-	-
person_medium_light_skin_tone_bald	1f9d1-1f3fc-200d-1f9b2	-	-
person_tone3_bald	1f9d1-1f3fd-200d-1f9b2	-	-
person_medium_skin_tone_bald	1f9d1-1f3fd-200d-1f9b2	-	-
person_tone4_bald	1f9d1-1f3fe-200d-1f9b2	-	-
person_medium_dark_skin_tone_bald	1f9d1-1f3fe-200d-1f9b2	-	-
person_tone5_bald	1f9d1-1f3ff-200d-1f9b2	-	-
person_dark_skin_tone_bald	1f9d1-1f3ff-200d-1f9b2	-	-
woman_bald	1f469-200d-1f9b2	people	+
woman_bald_tone1	1f469-1f3fb-200d-1f9b2	-	+
woman_bald_light_skin_tone	1f469-1f3fb-200d-1f9b2	-	+
woman_bald_tone2	1f469-1f3fc-200d-1f9b2	-	+
woman_bald_medium_light_skin_tone	1f469-1f3fc-200d-1f9b2	-	+
woman_bald_tone3	1f469-1f3fd-200d-1f9b2	-	+
woman_bald_medium_skin_tone	1f469-1f3fd-200d-1f9b2	-	+
woman_bald_tone4	1f469-1f3fe-200d-1f9b2	-	+
woman_bald_medium_dark_skin_tone	1f469-1f3fe-200d-1f9b2	-	+
woman_bald_tone5	1f469-1f3ff-200d-1f9b2	-	+
woman_bald_dark_skin_tone	1f469-1f3ff-200d-1f9b2	-	+
man_bald	1f468-200d-1f9b2	people	+
man_bald_tone1	1f468-1f3fb-200d-1f9b2	-	+
man_bald_light_skin_tone	1f468-1f3fb-200d-1f9b2	-	+
man_bald_tone2	1f468-1f3fc-200d-1f9b2	-	+
man_bald_medium_light_skin_tone	1f468-1f3fc-200d-1f9b2	-	+
man_bald_tone3	1f468-1f3fd-200d-1f9b2	-	+
man_bald_medium_skin_tone	1f468-1f3fd-200d-1f9b2	-	+
man_bald_tone4	1f468-1f3fe-200d-1f9b2	-	+
man_bald_medium_dark_skin_tone	1f468-1f3fe-200d-1f9b2	-	+
man_bald_tone5	1f468-1f3ff-200d-1f9b2	-	+
man_bald_dark_skin_tone	1f468-1f3ff-200d-1f9b2	-	+
bearded_person	1f9d4	people	+
person_beard	1f9d4	-	-
bearded_person_tone1	1f9d4-1f3fb	-	+
bearded_person_light_skin_tone	1f9d4-1f3fb	-	+
bearded_person_tone2	1f9d4-1f3fc	-	+
bearded_person_medium_light_skin_tone	1f9d4-1f3fc	-	+
bearded_person_tone3	1f9d4-1f3fd	-	+
bearded_person_medium_skin_tone	1f9d4-1f3fd	-	+
bearded_person_tone4	1f9d4-1f3fe	-	+
bearded_person_medium_dark_skin_tone	1f9d4-1f3fe	-	+
bearded_person_tone5	1f9d4-1f3ff	-	+
bearded_person_dark_skin_tone	1f9d4-1f3ff	-	+
woman_beard	1f9d4-200d-2640-fe0f	people	-
woman_tone1_beard	1f9d4-1f3fb-200d-2640-fe0f	-	-
woman_light_skin_tone_beard	1f9d4-1f3fb-200d-2640-fe0f	-	-
woman_tone2_beard	1f9d4-1f3fc-200d-2640-fe0f	-	-
woman_medium_light_skin_tone_beard	1f9d4-1f3fc-200d-2640-fe0f	-	-
woman_tone3_beard	1f9d4-1f3fd-200d-2640-fe0f	-	-
woman_medium_skin_tone_beard	1f9d4-1f3fd-200d-2640-fe0f	-	-
woman_tone4_beard	1f9d4-1f3fe-200d-2640-fe0f	-	-
woman_medium_dark_skin_tone_beard	1f9d4-1f3fe-200d-2640-fe0f	-	-
woman_tone5_beard	1f9d4-1f3ff-200d-2640-fe0f	-	-
woman_dark_skin_tone_beard	1f9d4-1f3ff-200d-2640-fe0f	-	-
man_beard	1f9d4-200d-2642-fe0f	people	-
man_tone1_beard	1f9d4-1f3fb-200d-2642-fe0f	-	-
man_light_skin_tone_beard	1f9d4-1f3fb-200d-2642-fe0f	-	-
man_tone2_beard	1f9d4-1f3fc-200d-2642-fe0f	-	-
man_medium_light_skin_tone_beard	1f9d4-1f3fc-200d-2642-fe0f	-	-
man_tone3_beard	1f9d4-1f3fd-200d-2642-fe0f	-	-
man_medium_skin_tone_beard	1f9d4-1f3fd-200d-2642-fe0f	-	-
man_tone4_beard	1f9d4-1f3fe-200d-2642-fe0f	-	-
man_medium_dark_skin_tone_beard	1f9d4-1f3fe-200d-2642-fe0f	-	-
man_tone5_beard	1f9d4-1f3ff-200d-2642-fe0f	-	-
man_dark_skin_tone_beard	1f9d4-1f3ff-200d-2642-fe0f	-	-
older_adult	1f9d3	people	+
older_person	1f9d3	-	-
older_adult_tone1	1f9d3-1f3fb	-	+
older_adult_light_skin_tone	1f9d3-1f3fb	-	+
older_adult_tone2	1f9d3-1f3fc	-	+
older_adult_medium_light_skin_tone	1f9d3-1f3fc	-	+
older_adult_tone3	1f9d3-1f3fd	-	+
older_adult_medium_skin_tone	1f9d3-1f3fd	-	+
older_adult_tone4	1f9d3-1f3fe	-	+
older_adult_medium_dark_skin_tone	1f9d3-1f3fe	-	+
older_adult_tone5	1f9d3-1f3ff	-	+
older_adult_dark_skin_tone	1f9d3-1f3ff	-	+
older_woman	1f475	people	+
grandma	1f475	-	+
old_woman	1f475	-	-
older_woman_tone1	1f475-1f3fb	-	+
grandma_tone1	1f475-1f3fb	-	+
older_woman_tone2	1f475-1f3fc	-	+
grandma_tone2	1f475-1f3fc	-	+
older_woman_tone3	1f475-1f3fd	-	+
grandma_tone3	1f475-1f3fd	-	+
older_woman_tone4	1f475-1f3fe	-	+
grandma_tone4	1f475-1f3fe	-	+
older_woman_tone5	1f475-1f3ff	-	+
grandma_tone5	1f475-1f3ff	-	+
older_man	1f474	people	+
old_man	1f474	-	-
older_man_tone1	1f474-1f3fb	-	+
older_man_tone2	1f474-1f3fc	-	+
older_man_tone3	1f474-1f3fd	-	+
older_man_tone4	1f474-1f3fe	-	+
older_man_tone5	1f474-1f3ff	-	+
man_with_chinese_cap	1f472	people	+
man_with_gua_pi_mao	1f472	-	+
man_with_chinese_cap_tone1	1f472-1f3fb	-	+
man_with_gua_pi_mao_tone1	1f472-1f3fb	-	+
man_with_chinese_cap_tone2	1f472-1f3fc	-	+
man_with_gua_pi_mao_tone2	1f472-1f3fc	-	+
man_with_chinese_cap_tone3	1f472-1f3fd	-	+
man_with_gua_pi_mao_tone3	1f472-1f3fd	-	+
man_with_chinese_cap_tone4	1f472-1f3fe	-	+
man_with_gua_pi_mao_tone4	1f472-1f3fe	-	+
man_with_chinese_cap_tone5	1f472-1f3ff	-	+
man_with_gua_pi_mao_tone5	1f472-1f3ff	-	+
person_wearing_turban	1f473	people	+
man_with_turban	1f473	-	+
person_wearing_turban_tone1	1f473-1f3fb	-	+
man_with_turban_tone1	1f473-1f3fb	-	+
person_wearing_turban_tone2	1f473-1f3fc	-	+
man_with_turban_tone2	1f473-1f3fc	-	+
person_wearing_turban_tone3	1f473-1f3fd	-	+
man_with_turban_tone3	1f473-1f3fd	-	+
person_wearing_turban_tone4	1f473-1f3fe	-	+
man_with_turban_tone4	1f473-1f3fe	-	+
person_wearing_turban_tone5	1f473-1f3ff	-	+
man_with_turban_tone5	1f473-1f3ff	-	+
woman_wearing_turban	1f473-200d-2640-fe0f	people	+
woman_wearing_turban_tone1	1f473-1f3fb-200d-2640-fe0f	-	+
woman_wearing_turban_light_skin_tone	1f473-1f3fb-200d-2640-fe0f	-	+
woman_wearing_turban_tone2	1f473-1f3fc-200d-2640-fe0f	-	+
woman_wearing_turban_medium_light_skin_tone	1f473-1f3fc-200d-2640-fe0f	-	+
woman_wearing_turban_tone3	1f473-1f3fd-200d-2640-fe0f	-	+
woman_wearing_turban_medium_skin_tone	1f473-1f3fd-200d-2640-fe0f	-	+
woman_wearing_turban_tone4	1f473-1f3fe-200d-2640-fe0f	-	+
woman_wearing_turban_medium_dark_skin_tone	1f473-1f3fe-200d-2640-fe0f	-	+
woman_wearing_turban_tone5	1f473-1f3ff-200d-2640-fe0f	-	+
woman_wearing_turban_dark_skin_tone	1f473-1f3ff-200d-2640-fe0f	-	+
man_wearing_turban	1f473-200d-2642-fe0f	people	+
man_wearing_turban_tone1	1f473-1f3fb-200d-2642-fe0f	-	+
man_wearing_turban_light_skin_tone	1f473-1f3fb-200d-2642-fe0f	-	+
man_wearing_turban_tone2	1f473-1f3fc-200d-2642-fe0f	-	+
man_wearing_turban_medium_light_skin_tone	1f473-1f3fc-200d-2642-fe0f	-	+
man_wearing_turban_tone3	1f473-1f3fd-200d-2642-fe0f	-	+
man_wearing_turban_medium_skin_tone	1f473-1f3fd-200d-2642-fe0f	-	+
man_wearing_turban_tone4	1f473-1f3fe-200d-2642-fe0f	-	+
man_wearing_turban_medium_dark_skin_tone	1f473-1f3fe-200d-2642-fe0f	-	+
man_wearing_turban_tone5	1f473-1f3ff-200d-2642-fe0f	-	+
man_wearing_turban_dark_skin_tone	1f473-1f3ff-200d-2642-fe0f	-	+
woman_with_headscarf	1f9d5	people	+
woman_with_headscarf_tone1	1f9d5-1f3fb	-	+
woman_with_headscarf_light_skin_tone	1f9d5-1f3fb	-	+
woman_with_headscarf_tone2	1f9d5-1f3fc	-	+
woman_with_headscarf_medium_light_skin_tone	1f9d5-1f3fc	-	+
woman_with_headscarf_tone3	1f9d5-1f3fd	-	+
woman_with_headscarf_medium_skin_tone	1f9d5-1f3fd	-	+
woman_with_headscarf_tone4	1f9d5-1f3fe	-	+
woman_with_headscarf_medium_dark_skin_tone	1f9d5-1f3fe	-	+
woman_with_headscarf_tone5	1f9d5-1f3ff	-	+
woman_with_headscarf_dark_skin_tone	1f9d5-1f3ff	-	+
police_officer	1f46e	people	+
cop	1f46e	-	+
police_officer_tone1	1f46e-1f3fb	-	+
cop_tone1	1f46e-1f3fb	-	+
police_officer_tone2	1f46e-1f3fc	-	+
cop_tone2	1f46e-1f3fc	-	+
police_officer_tone3	1f46e-1f3fd	-	+
cop_tone3	1f46e-1f3fd	-	+
police_officer_tone4	1f46e-1f3fe	-	+
cop_tone4	1f46e-1f3fe	-	+
police_officer_tone5	1f46e-1f3ff	-	+
cop_tone5	1f46e-1f3ff	-	+
woman_police_officer	1f46e-200d-2640-fe0f	people	+
woman_police_officer_tone1	1f46e-1f3fb-200d-2640-fe0f	-	+
woman_police_officer_light_skin_tone	1f46e-1f3fb-200d-2640-fe0f	-	+
woman_police_officer_tone2	1f46e-1f3fc-200d-2640-fe0f	-	+
woman_police_officer_medium_light_skin_tone	1f46e-1f3fc-200d-2640-fe0f	-	+
woman_police_officer_tone3	1f46e-1f3fd-200d-2640-fe0f	-	+
woman_police_officer_medium_skin_tone	1f46e-1f3fd-200d-2640-fe0f	-	+
woman_police_officer_tone4	1f46e-1f3fe-200d-2640-fe0f	-	+
woman_police_officer_medium_dark_skin_tone	1f46e-1f3fe-200d-2640-fe0f	-	+
woman_police_officer_tone5	1f46e-1f3ff-200d-2640-fe0f	-	+
woman_police_officer_dark_skin_tone	1f46e-1f3ff-200d-2640-fe0f	-	+
man_police_officer	1f46e-200d-2642-fe0f	people	+
man_police_officer_tone1	1f46e-1f3fb-200d-2642-fe0f	-	+
man_police_officer_light_skin_tone	1f46e-1f3fb-200d-2642-fe0f	-	+
man_police_officer_tone2	1f46e-1f3fc-200d-2642-fe0f	-	+
man_police_officer_medium_light_skin_tone	1f46e-1f3fc-200d-2642-fe0f	-	+
man_police_officer_tone3	1f46e-1f3fd-200d-2642-fe0f	-	+
man_police_officer_medium_skin_tone	1f46e-1f3fd-200d-2642-fe0f	-	+
man_police_officer_tone4	1f46e-1f3fe-200d-2642-fe0f	-	+
man_police_officer_medium_dark_skin_tone	1f46e-1f3fe-200d-2642-fe0f	-	+
man_police_officer_tone5	1f46e-1f3ff-200d-2642-fe0f	-	+
man_police_officer_dark_skin_tone	1f46e-1f3ff-200d-2642-fe0f	-	+
construction_worker	1f477	people	+
construction_worker_tone1	1f477-1f3fb	-	+
construction_worker_tone2	1f477-1f3fc	-	+
construction_worker_tone3	1f477-1f3fd	-	+
construction_worker_tone4	1f477-1f3fe	-	+
construction_worker_tone5	1f477-1f3ff	-	+
woman_construction_worker	1f477-200d-2640-fe0f	people	+
woman_construction_worker_tone1	1f477-1f3fb-200d-2640-fe0f	-	+
woman_construction_worker_light_skin_tone	1f477-1f3fb-200d-2640-fe0f	-	+
woman_construction_worker_tone2	1f477-1f3fc-200d-2640-fe0f	-	+
woman_construction_worker_medium_light_skin_tone	1f477-1f3fc-200d-2640-fe0f	-	+
woman_construction_worker_tone3	1f477-1f3fd-200d-2640-fe0f	-	+
woman_construction_worker_medium_skin_tone	1f477-1f3fd-200d-2640-fe0f	-	+
woman_construction_worker_tone4	1f477-1f3fe-200d-2640-fe0f	-	+
woman_construction_worker_medium_dark_skin_tone	1f477-1f3fe-200d-2640-fe0f	-	+
woman_construction_worker_tone5	1f477-1f3ff-200d-2640-fe0f	-	+
woman_construction_worker_dark_skin_tone	1f477-1f3ff-200d-2640-fe0f	-	+
man_construction_worker	1f477-200d-2642-fe0f	people	+
man_construction_worker_tone1	1f477-1f3fb-200d-2642-fe0f	-	+
man_construction_worker_light_skin_tone	1f477-1f3fb-200d-2642-fe0f	-	+
man_construction_worker_tone2	1f477-1f3fc-200d-2642-fe0f	-	+
man_construction_worker_medium_light_skin_tone	1f477-1f3fc-200d-2642-fe0f	-	+
man_construction_worker_tone3	1f477-1f3fd-200d-2642-fe0f	-	+
man_construction_worker_medium_skin_tone	1f477-1f3fd-200d-2642-fe0f	-	+
man_construction_worker_tone4	1f477-1f3fe-200d-2642-fe0f	-	+
man_construction_worker_medium_dark_skin_tone	1f477-1f3fe-200d-2642-fe0f	-	+
man_construction_worker_tone5	1f477-1f3ff-200d-2642-fe0f	-	+
man_construction_worker_dark_skin_tone	1f477-1f3ff-200d-2642-fe0f	-	+
guard	1f482	people	+
guardsman	1f482	-	+
guard_tone1	1f482-1f3fb	-	+
guardsman_tone1	1f482-1f3fb	-	+
guard_tone2	1f482-1f3fc	-	+
guardsman_tone2	1f482-1f3fc	-	+
guard_tone3	1f482-1f3fd	-	+
guardsman_tone3	1f482-1f3fd	-	+
guard_tone4	1f482-1f3fe	-	+
guardsman_tone4	1f482-1f3fe	-	+
guard_tone5	1f482-1f3ff	-	+
guardsman_tone5	1f482-1f3ff	-	+
woman_guard	1f482-200d-2640-fe0f	people	+
woman_guard_tone1	1f482-1f3fb-200d-2640-fe0f	-	+
woman_guard_light_skin_tone	1f482-1f3fb-200d-2640-fe0f	-	+
woman_guard_tone2	1f482-1f3fc-200d-2640-fe0f	-	+
woman_guard_medium_light_skin_tone	1f482-1f3fc-200d-2640-fe0f	-	+
woman_guard_tone3	1f482-1f3fd-200d-2640-fe0f	-	+
woman_guard_medium_skin_tone	1f482-1f3fd-200d-2640-fe0f	-	+
woman_guard_tone4	1f482-1f3fe-200d-2640-fe0f	-	+
woman_guard_medium_dark_skin_tone	1f482-1f3fe-200d-2640-fe0f	-	+
woman_guard_tone5	1f482-1f3ff-200d-2640-fe0f	-	+
woman_guard_dark_skin_tone	1f482-1f3ff-200d-2640-fe0f	-	+
man_guard	1f482-200d-2642-fe0f	people	+
man_guard_tone1	1f482-1f3fb-200d-2642-fe0f	-	+
man_guard_light_skin_tone	1f482-1f3fb-200d-2642-fe0f	-	+
man_guard_tone2	1f482-1f3fc-200d-2642-fe0f	-	+
man_guard_medium_light_skin_tone	1f482-1f3fc-200d-2642-fe0f	-	+
man_guard_tone3	1f482-1f3fd-200d-2642-fe0f	-	+
man_guard_medium_skin_tone	1f482-1f3fd-200d-2642-fe0f	-	+
man_guard_tone4	1f482-1f3fe-200d-2642-fe0f	-	+
man_guard_medium_dark_skin_tone	1f482-1f3fe-200d-2642-fe0f	-	+
man_guard_tone5	1f482-1f3ff-200d-2642-fe0f	-	+
man_guard_dark_skin_tone	1f482-1f3ff-200d-2642-fe0f	-	+
detective	1f575-fe0f	people	+
spy	1f575-fe0f	-	+
sleuth_or_spy	1f575-fe0f	-	+
detective_tone1	1f575-1f3fb	-	+
spy_tone1	1f575-1f3fb	-	+
sleuth_or_spy_tone1	1f575-1f3fb	-	+
detective_tone2	1f575-1f3fc	-	+
spy_tone2	1f575-1f3fc	-	+
sleuth_or_spy_tone2	1f575-1f3fc	-	+
detective_tone3	1f575-1f3fd	-	+
spy_tone3	1f575-1f3fd	-	+
sleuth_or_spy_tone3	1f575-1f3fd	-	+
detective_tone4	1f575-1f3fe	-	+
spy_tone4	1f575-1f3fe	-	+
sleuth_or_spy_tone4	1f575-1f3fe	-	+
detective_tone5	1f575-1f3ff	-	+
spy_tone5	1f575-1f3ff	-	+
sleuth_or_spy_tone5	1f575-1f3ff	-	+
woman_detective	1f575-fe0f-200d-2640-fe0f	people	+
woman_detective_tone1	1f575-1f3fb-200d-2640-fe0f	-	+
woman_detective_light_skin_tone	1f575-1f3fb-200d-2640-fe0f	-	+
woman_detective_tone2	1f575-1f3fc-200d-2640-fe0f	-	+
woman_detective_medium_light_skin_tone	1f575-1f3fc-200d-2640-fe0f	-	+
woman_detective_tone3	1f575-1f3fd-200d-2640-fe0f	-	+
woman_detective_medium_skin_tone	1f575-1f3fd-200d-2640-fe0f	-	+
woman_detective_tone4	1f575-1f3fe-200d-2640-fe0f	-	+
woman_detective_medium_dark_skin_tone	1f575-1f3fe-200d-2640-fe0f	-	+
woman_detective_tone5	1f575-1f3ff-200d-2640-fe0f	-	+
woman_detective_dark_skin_tone	1f575-1f3ff-200d-2640-fe0f	-	+
man_detective	1f575-fe0f-200d-2642-fe0f	people	+
man_detective_tone1	1f575-1f3fb-200d-2642-fe0f	-	+
man_detective_light_skin_tone	1f575-1f3fb-200d-2642-fe0f	-	+
man_detective_tone2	1f575-1f3fc-200d-2642-fe0f	-	+
man_detective_medium_light_skin_tone	1f575-1f3fc-200d-2642-fe0f	-	+
man_detective_tone3	1f575-1f3fd-200d-2642-fe0f	-	+
man_detective_medium_skin_tone	1f575-1f3fd-200d-2642-fe0f	-	+
man_detective_tone4	1f575-1f3fe-200d-2642-fe0f	-	+
man_detective_medium_dark_skin_tone	1f575-1f3fe-200d-2642-fe0f	-	+
man_detective_tone5	1f575-1f3ff-200d-2642-fe0f	-	+
man_detective_dark_skin_tone	1f575-1f3ff-200d-2642-fe0f	-	+
health_worker	1f9d1-200d-2695-fe0f	people	-
health_worker_tone1	1f9d1-1f3fb-200d-2695-fe0f	-	-
health_worker_light_skin_tone	1f9d1-1f3fb-200d-2695-fe0f	-	-
health_worker_tone2	1f9d1-1f3fc-200d-2695-fe0f	-	-
health_worker_medium_light_skin_tone	1f9d1-1f3fc-200d-2695-fe0f	-	-
health_worker_tone3	1f9d1-1f3fd-200d-2695-fe0f	-	-
health_worker_medium_skin_tone	1f9d1-1f3fd-200d-2695-fe0f	-	-
health_worker_tone4	1f9d1-1f3fe-200d-2695-fe0f	-	-
health_worker_medium_dark_skin_tone	1f9d1-1f3fe-200d-2695-fe0f	-	-
health_worker_tone5	1f9d1-1f3ff-200d-2695-fe0f	-	-
health_worker_dark_skin_tone	1f9d1-1f3ff-200d-2695-fe0f	-	-
woman_health_worker	1f469-200d-2695-fe0f	people	+
woman_health_worker_tone1	1f469-1f3fb-200d-2695-fe0f	-	+
woman_health_worker_light_skin_tone	1f469-1f3fb-200d-2695-fe0f	-	+
woman_health_worker_tone2	1f469-1f3fc-200d-2695-fe0f	-	+
woman_health_worker_medium_light_skin_tone	1f469-1f3fc-200d-2695-fe0f	-	+
woman_health_worker_tone3	1f469-1f3fd-200d-2695-fe0f	-	+
woman_health_worker_medium_skin_tone	1f469-1f3fd-200d-2695-fe0f	-	+
woman_health_worker_tone4	1f469-1f3fe-200d-2695-fe0f	-	+
woman_health_worker_medium_dark_skin_tone	1f469-1f3fe-200d-2695-fe0f	-	+
woman_health_worker_tone5	1f469-1f3ff-200d-2695-fe0f	-	+
woman_health_worker_dark_skin_tone	1f469-1f3ff-200d-2695-fe0f	-	+
man_health_worker	1f468-200d-2695-fe0f	people	+
man_health_worker_tone1	1f468-1f3fb-200d-2695-fe0f	-	+
man_health_worker_light_skin_tone	1f468-1f3fb-200d-2695-fe0f	-	+
man_health_worker_tone2	1f468-1f3fc-200d-2695-fe0f	-	+
man_health_worker_medium_light_skin_tone	1f468-1f3fc-200d-2695-fe0f	-	+
man_health_worker_tone3	1f468-1f3fd-200d-2695-fe0f	-	+
man_health_worker_medium_skin_tone	1f468-1f3fd-200d-2695-fe0f	-	+
man_health_worker_tone4	1f468-1f3fe-200d-2695-fe0f	-	+
man_health_worker_medium_dark_skin_tone	1f468-1f3fe-200d-2695-fe0f	-	+
man_health_worker_tone5	1f468-1f3ff-200d-2695-fe0f	-	+
man_health_worker_dark_skin_tone	1f468-1f3ff-200d-2695-fe0f	-	+
farmer	1f9d1-200d-1f33e	people	-
farmer_tone1	1f9d1-1f3fb-200d-1f33e	-	-
farmer_light_skin_tone	1f9d1-1f3fb-200d-1f33e	-	-
farmer_tone2	1f9d1-1f3fc-200d-1f33e	-	-
farmer_medium_light_skin_tone	1f9d1-1f3fc-200d-1f33e	-	-
farmer_tone3	1f9d1-1f3fd-200d-1f33e	-	-
farmer_medium_skin_tone	1f9d1-1f3fd-200d-1f33e	-	-
farmer_tone4	1f9d1-1f3fe-200d-1f33e	-	-
farmer_medium_dark_skin_tone	1f9d1-1f3fe-200d-1f33e	-	-
farmer_tone5	1f9d1-1f3ff-200d-1f33e	-	-
farmer_dark_skin_tone	1f9d1-1f3ff-200d-1f33e	-	-
woman_farmer	1f469-200d-1f33e	people	+
woman_farmer_tone1	1f469-1f3fb-200d-1f33e	-	+
woman_farmer_light_skin_tone	1f469-1f3fb-200d-1f33e	-	+
woman_farmer_tone2	1f469-1f3fc-200d-1f33e	-	+
woman_farmer_medium_light_skin_tone	1f469-1f3fc-200d-1f33e	-	+
woman_farmer_tone3	1f469-1f3fd-200d-1f33e	-	+
woman_farmer_medium_skin_tone	1f469-1f3fd-200d-1f33e	-	+
woman_farmer_tone4	1f469-1f3fe-200d-1f33e	-	+
woman_farmer_medium_dark_skin_tone	1f469-1f3fe-200d-1f33e	-	+
woman_farmer_tone5	1f469-1f3ff-200d-1f33e	-	+
woman_farmer_dark_skin_tone	1f469-1f3ff-200d-1f33e	-	+
man_farmer	1f468-200d-1f33e	people	+
man_farmer_tone1	1f468-1f3fb-200d-1f33e	-	+
man_farmer_light_skin_tone	1f468-1f3fb-200d-1f33e	-	+
man_farmer_tone2	1f468-1f3fc-200d-1f33e	-	+
man_farmer_medium_light_skin_tone	1f468-1f3fc-200d-1f33e	-	+
man_farmer_tone3	1f468-1f3fd-200d-1f33e	-	+
man_farmer_medium_skin_tone	1f468-1f3fd-200d-1f33e	-	+
man_farmer_tone4	1f468-1f3fe-200d-1f33e	-	+
man_farmer_medium_dark_skin_tone	1f468-1f3fe-200d-1f33e	-	+
man_farmer_tone5	1f468-1f3ff-200d-1f33e	-	+
man_farmer_dark_skin_tone	1f468-1f3ff-200d-1f33e	-	+
cook	1f9d1-200d-1f373	people	-
cook_tone1	1f9d1-1f3fb-200d-1f373	-	-
cook_light_skin_tone	1f9d1-1f3fb-200d-1f373	-	-
cook_tone2	1f9d1-1f3fc-200d-1f373	-	-
cook_medium_light_skin_tone	1f9d1-1f3fc-200d-1f373	-	-
cook_tone3	1f9d1-1f3fd-200d-1f373	-	-
cook_medium_skin_tone	1f9d1-1f3fd-200d-1f373	-	-
cook_tone4	1f9d1-1f3fe-200d-1f373	-	-
cook_medium_dark_skin_tone	1f9d1-1f3fe-200d-1f373	-	-
cook_tone5	1f9d1-1f3ff-200d-1f373	-	-
cook_dark_skin_tone	1f9d1-1f3ff-200d-1f373	-	-
woman_cook	1f469-200d-1f373	people	+
woman_cook_tone1	1f469-1f3fb-200d-1f373	-	+
woman_cook_light_skin_tone	1f469-1f3fb-200d-1f373	-	+
woman_cook_tone2	1f469-1f3fc-200d-1f373	-	+
woman_cook_medium_light_skin_tone	1f469-1f3fc-200d-1f373	-	+
woman_cook_tone3	1f469-1f3fd-200d-1f373	-	+
woman_cook_medium_skin_tone	1f469-1f3fd-200d-1f373	-	+
woman_cook_tone4	1f469-1f3fe-200d-1f373	-	+
woman_cook_medium_dark_skin_tone	1f469-1f3fe-200d-1f373	-	+
woman_cook_tone5	1f469-1f3ff-200d-1f373	-	+
woman_cook_dark_skin_tone	1f469-1f3ff-200d-1f373	-	+
man_cook	1f468-200d-1f373	people	+
man_cook_tone1	1f468-1f3fb-200d-1f373	-	+
man_cook_light_skin_tone	1f468-1f3fb-200d-1f373	-	+
man_cook_tone2	1f468-1f3fc-200d-1f373	-	+
man_cook_medium_light_skin_tone	1f468-1f3fc-200d-1f373	-	+
man_cook_tone3	1f468-1f3fd-200d-1f373	-	+
man_cook_medium_skin_tone	1f468-1f3fd-200d-1f373	-	+
man_cook_tone4	1f468-1f3fe-200d-1f373	-	+
man_cook_medium_dark_skin_tone	1f468-1f3fe-200d-1f373	-	+
man_cook_tone5	1f468-1f3ff-200d-1f373	-	+
man_cook_dark_skin_tone	1f468-1f3ff-200d-1f373	-	+
student	1f9d1-200d-1f393	people	-
student_tone1	1f9d1-1f3fb-200d-1f393	-	-
student_light_skin_tone	1f9d1-1f3fb-200d-1f393	-	-
student_tone2	1f9d1-1f3fc-200d-1f393	-	-
student_medium_light_skin_tone	1f9d1-1f3fc-200d-1f393	-	-
student_tone3	1f9d1-1f3fd-200d-1f393	-	-
student_medium_skin_tone	1f9d1-1f3fd-200d-1f393	-	-
student_tone4	1f9d1-1f3fe-200d-1f393	-	-
student_medium_dark_skin_tone	1f9d1-1f3fe-200d-1f393	-	-
student_tone5	1f9d1-1f3ff-200d-1f393	-	-
student_dark_skin_tone	1f9d1-1f3ff-200d-1f393	-	-
woman_student	1f469-200d-1f393	people	+
woman_student_tone1	1f469-1f3fb-200d-1f393	-	+
woman_student_light_skin_tone	1f469-1f3fb-200d-1f393	-	+
woman_student_tone2	1f469-1f3fc-200d-1f393	-	+
woman_student_medium_light_skin_tone	1f469-1f3fc-200d-1f393	-	+
woman_student_tone3	1f469-1f3fd-200d-1f393	-	+
woman_student_medium_skin_tone	1f469-1f3fd-200d-1f393	-	+
woman_student_tone4	1f469-1f3fe-200d-1f393	-	+
woman_student_medium_dark_skin_tone	1f469-1f3fe-200d-1f393	-	+
woman_student_tone5	1f469-1f3ff-200d-1f393	-	+
woman_student_dark_skin_tone	1f469-1f3ff-200d-1f393	-	+
man_student	1f468-200d-1f393	people	+
man_student_tone1	1f468-1f3fb-200d-1f393	-	+
man_student_light_skin_tone	1f468-1f3fb-200d-1f393	-	+
man_student_tone2	1f468-1f3fc-200d-1f393	-	+
man_student_medium_light_skin_tone	1f468-1f3fc-200d-1f393	-	+
man_student_tone3	1f468-1f3fd-200d-1f393	-	+
man_student_medium_skin_tone	1f468-1f3fd-200d-1f393	-	+
man_student_tone4	1f468-1f3fe-200d-1f393	-	+
man_student_medium_dark_skin_tone	1f468-1f3fe-200d-1f393	-	+
man_student_tone5	1f468-1f3ff-200d-1f393	-	+
man_student_dark_skin_tone	1f468-1f3ff-200d-1f393	-	+
singer	1f9d1-200d-1f3a4	people	-
singer_tone1	1f9d1-1f3fb-200d-1f3a4	-	-
singer_light_skin_tone	1f9d1-1f3fb-200d-1f3a4	-	-
singer_tone2	1f9d1-1f3fc-200d-1f3a4	-	-
singer_medium_light_skin_tone	1f9d1-1f3fc-200d-1f3a4	-	-
singer_tone3	1f9d1-1f3fd-200d-1f3a4	-	-
singer_medium_skin_tone	1f9d1-1f3fd-200d-1f3a4	-	-
singer_tone4	1f9d1-1f3fe-200d-1f3a4	-	-
singer_medium_dark_skin_tone	1f9d1-1f3fe-200d-1f3a4	-	-
singer_tone5	1f9d1-1f3ff-200d-1f3a4	-	-
singer_dark_skin_tone	1f9d1-1f3ff-200d-1f3a4	-	-
woman_singer	1f469-200d-1f3a4	people	+
woman_singer_tone1	1f469-1f3fb-200d-1f3a4	-	+
woman_singer_light_skin_tone	1f469-1f3fb-200d-1f3a4	-	+
woman_singer_tone2	1f469-1f3fc-200d-1f3a4	-	+
woman_singer_medium_light_skin_tone	1f469-1f3fc-200d-1f3a4	-	+
woman_singer_tone3	1f469-1f3fd-200d-1f3a4	-	+
woman_singer_medium_skin_tone	1f469-1f3fd-200d-1f3a4	-	+
woman_singer_tone4	1f469-1f3fe-200d-1f3a4	-	+
woman_singer_medium_dark_skin_tone	1f469-1f3fe-200d-1f3a4	-	+
woman_singer_tone5	1f469-1f3ff-200d-1f3a4	-	+
woman_singer_dark_skin_tone	1f469-1f3ff-200d-1f3a4	-	+
man_singer	1f468-200d-1f3a4	people	+
man_singer_tone1	1f468-1f3fb-200d-1f3a4	-	+
man_singer_light_skin_tone	1f468-1f3fb-200d-1f3a4	-	+
man_singer_tone2	1f468-1f3fc-200d-1f3a4	-	+
man_singer_medium_light_skin_tone	1f468-1f3fc-200d-1f3a4	-	+
man_singer_tone3	1f468-1f3fd-200d-1f3a4	-	+
man_singer_medium_skin_tone	1f468-1f3fd-200d-1f3a4	-	+
man_singer_tone4	1f468-1f3fe-200d-1f3a4	-	+
man_singer_medium_dark_skin_tone	1f468-1f3fe-200d-1f3a4	-	+
man_singer_tone5	1f468-1f3ff-200d-1f3a4	-	+
man_singer_dark_skin_tone	1f468-1f3ff-200d-1f3a4	-	+
teacher	1f9d1-200d-1f3eb	people	-
teacher_tone1	1f9d1-1f3fb-200d-1f3eb	-	-
teacher_light_skin_tone	1f9d1-1f3fb-200d-1f3eb	-	-
teacher_tone2	1f9d1-1f3fc-200d-1f3eb	-	-
teacher_medium_light_skin_tone	1f9d1-1f3fc-200d-1f3eb	-	-
teacher_tone3	1f9d1-1f3fd-200d-1f3eb	-	-
teacher_medium_skin_tone	1f9d1-1f3fd-200d-1f3eb	-	-
teacher_tone4	1f9d1-1f3fe-200d-1f3eb	-	-
teacher_medium_dark_skin_tone	1f9d1-1f3fe-200d-1f3eb	-	-
teacher_tone5	1f9d1-1f3ff-200d-1f3eb	-	-
teacher_dark_skin_tone	1f9d1-1f3ff-200d-1f3eb	-	-
woman_teacher	1f469-200d-1f3eb	people	+
woman_teacher_tone1	1f469-1f3fb-200d-1f3eb	-	+
woman_teacher_light_skin_tone	1f469-1f3fb-200d-1f3eb	-	+
woman_teacher_tone2	1f469-1f3fc-200d-1f3eb	-	+
woman_teacher_medium_light_skin_tone	1f469-1f3fc-200d-1f3eb	-	+
woman_teacher_tone3	1f469-1f3fd-200d-1f3eb	-	+
woman_teacher_medium_skin_tone	1f469-1f3fd-200d-1f3eb	-	+
woman_teacher_tone4	1f469-1f3fe-200d-1f3eb	-	+
woman_teacher_medium_dark_skin_tone	1f469-1f3fe-200d-1f3eb	-	+
woman_teacher_tone5	1f469-1f3ff-200d-1f3eb	-	+
woman_teacher_dark_skin_tone	1f469-1f3ff-200d-1f3eb	-	+
man_teacher	1f468-200d-1f3eb	people	+
man_teacher_tone1	1f468-1f3fb-200d-1f3eb	-	+
man_teacher_light_skin_tone	1f468-1f3fb-200d-1f3eb	-	+
man_teacher_tone2	1f468-1f3fc-200d-1f3eb	-	+
man_teacher_medium_light_skin_tone	1f468-1f3fc-200d-1f3eb	-	+
man_teacher_tone3	1f468-1f3fd-200d-1f3eb	-	+
man_teacher_medium_skin_tone	1f468-1f3fd-200d-1f3eb	-	+
man_teacher_tone4	1f468-1f3fe-200d-1f3eb	-	+
man_teacher_medium_dark_skin_tone	1f468-1f3fe-200d-1f3eb	-	+
man_teacher_tone5	1f468-1f3ff-200d-1f3eb	-	+
man_teacher_dark_skin_tone	1f468-1f3ff-200d-1f3eb	-	+
factory_worker	1f9d1-200d-1f3ed	people	-
factory_worker_tone1	1f9d1-1f3fb-200d-1f3ed	-	-
factory_worker_light_skin_tone	1f9d1-1f3fb-200d-1f3ed	-	-
factory_worker_tone2	1f9d1-1f3fc-200d-1f3ed	-	-
factory_worker_medium_light_skin_tone	1f9d1-1f3fc-200d-1f3ed	-	-
factory_worker_tone3	1f9d1-1f3fd-200d-1f3ed	-	-
factory_worker_medium_skin_tone	1f9d1-1f3fd-200d-1f3ed	-	-
factory_worker_tone4	1f9d1-1f3fe-200d-1f3ed	-	-
factory_worker_medium_dark_skin_tone	1f9d1-1f3fe-200d-1f3ed	-	-
factory_worker_tone5	1f9d1-1f3ff-200d-1f3ed	-	-
factory_worker_dark_skin_tone	1f9d1-1f3ff-200d-1f3ed	-	-
woman_factory_worker	1f469-200d-1f3ed	people	+
woman_factory_worker_tone1	1f469-1f3fb-200d-1f3ed	-	+
woman_factory_worker_light_skin_tone	1f469-1f3fb-200d-1f3ed	-	+
woman_factory_worker_tone2	1f469-1f3fc-200d-1f3ed	-	+
woman_factory_worker_medium_light_skin_tone	1f469-1f3fc-200d-1f3ed	-	+
woman_factory_worker_tone3	1f469-1f3fd-200d-1f3ed	-	+
woman_factory_worker_medium_skin_tone	1f469-1f3fd-200d-1f3ed	-	+
woman_factory_worker_tone4	1f469-1f3fe-200d-1f3ed	-	+
woman_factory_worker_medium_dark_skin_tone	1f469-1f3fe-200d-1f3ed	-	+
woman_factory_worker_tone5	1f469-1f3ff-200d-1f3ed	-	+
woman_factory_worker_dark_skin_tone	1f469-1f3ff-200d-1f3ed	-	+
man_factory_worker	1f468-200d-1f3ed	people	+
man_factory_worker_tone1	1f468-1f3fb-200d-1f3ed	-	+
man_factory_worker_light_skin_tone	1f468-1f3fb-200d-1f3ed	-	+
man_factory_worker_tone2	1f468-1f3fc-200d-1f3ed	-	+
man_factory_worker_medium_light_skin_tone	1f468-1f3fc-200d-1f3ed	-	+
man_factory_worker_tone3	1f468-1f3fd-200d-1f3ed	-	+
man_factory_worker_medium_skin_tone	1f468-1f3fd-200d-1f3ed	-	+
man_factory_worker_tone4	1f468-1f3fe-200d-1f3ed	-	+
man_factory_worker_medium_dark_skin_tone	1f468-1f3fe-200d-1f3ed	-	+
man_factory_worker_tone5	1f468-1f3ff-200d-1f3ed	-	+
man_factory_worker_dark_skin_tone	1f468-1f3ff-200d-1f3ed	-	+
technologist	1f9d1-200d-1f4bb	people	-
technologist_tone1	1f9d1-1f3fb-200d-1f4bb	-	-
technologist_light_skin_tone	1f9d1-1f3fb-200d-1f4bb	-	-
technologist_tone2	1f9d1-1f3fc-200d-1f4bb	-	-
technologist_medium_light_skin_tone	1f9d1-1f3fc-200d-1f4bb	-	-
technologist_tone3	1f9d1-1f3fd-200d-1f4bb	-	-
technologist_medium_skin_tone	1f9d1-1f3fd-200d-1f4bb	-	-
technologist_tone4	1f9d1-1f3fe-200d-1f4bb	-	-
technologist_medium_dark_skin_tone	1f9d1-1f3fe-200d-1f4bb	-	-
technologist_tone5	1f9d1-1f3ff-200d-1f4bb	-	-
technologist_dark_skin_tone	1f9d1-1f3ff-200d-1f4bb	-	-
woman_technologist	1f469-200d-1f4bb	people	+
woman_technologist_tone1	1f469-1f3fb-200d-1f4bb	-	+
woman_technologist_light_skin_tone	1f469-1f3fb-200d-1f4bb	-	+
woman_technologist_tone2	1f469-1f3fc-200d-1f4bb	-	+
woman_technologist_medium_light_skin_tone	1f469-1f3fc-200d-1f4bb	-	+
woman_technologist_tone3	1f469-1f3fd-200d-1f4bb	-	+
woman_technologist_medium_skin_tone	1f469-1f3fd-200d-1f4bb	-	+
woman_technologist_tone4	1f469-1f3fe-200d-1f4bb	-	+
woman_technologist_medium_dark_skin_tone	1f469-1f3fe-200d-1f4bb	-	+
woman_technologist_tone5	1f469-1f3ff-200d-1f4bb	-	+
woman_technologist_dark_skin_tone	1f469-1f3ff-200d-1f4bb	-	+
man_technologist	1f468-200d-1f4bb	people	+
man_technologist_tone1	1f468-1f3fb-200d-1f4bb	-	+
man_technologist_light_skin_tone	1f468-1f3fb-200d-1f4bb	-	+
man_technologist_tone2	1f468-1f3fc-200d-1f4bb	-	+
man_technologist_medium_light_skin_tone	1f468-1f3fc-200d-1f4bb	-	+
man_technologist_tone3	1f468-1f3fd-200d-1f4bb	-	+
man_technologist_medium_skin_tone	1f468-1f3fd-200d-1f4bb	-	+
man_technologist_tone4	1f468-1f3fe-200d-1f4bb	-	+
man_technologist_medium_dark_skin_tone	1f468-1f3fe-200d-1f4bb	-	+
man_technologist_tone5	1f468-1f3ff-200d-1f4bb	-	+
man_technologist_dark_skin_tone	1f468-1f3ff-200d-1f4bb	-	+
office_worker	1f9d1-200d-1f4bc	people	-
office_worker_tone1	1f9d1-1f3fb-200d-1f4bc	-	-
office_worker_light_skin_tone	1f9d1-1f3fb-200d-1f4bc	-	-
office_worker_tone2	1f9d1-1f3fc-200d-1f4bc	-	-
office_worker_medium_light_skin_tone	1f9d1-1f3fc-200d-1f4bc	-	-
office_worker_tone3	1f9d1-1f3fd-200d-1f4bc	-	-
office_worker_medium_skin_tone	1f9d1-1f3fd-200d-1f4bc	-	-
office_worker_tone4	1f9d1-1f3fe-200d-1f4bc	-	-
office_worker_medium_dark_skin_tone	1f9d1-1f3fe-200d-1f4bc	-	-
office_worker_tone5	1f9d1-1f3ff-200d-1f4bc	-	-
office_worker_dark_skin_tone	1f9d1-1f3ff-200d-1f4bc	-	-
woman_office_worker	1f469-200d-1f4bc	people	+
woman_office_worker_tone1	1f469-1f3fb-200d-1f4bc	-	+
woman_office_worker_light_skin_tone	1f469-1f3fb-200d-1f4bc	-	+
woman_office_worker_tone2	1f469-1f3fc-200d-1f4bc	-	+
woman_office_worker_medium_light_skin_tone	1f469-1f3fc-200d-1f4bc	-	+
woman_office_worker_tone3	1f469-1f3fd-200d-1f4bc	-	+
woman_office_worker_medium_skin_tone	1f469-1f3fd-200d-1f4bc	-	+
woman_office_worker_tone4	1f469-1f3fe-200d-1f4bc	-	+
woman_office_worker_medium_dark_skin_tone	1f469-1f3fe-200d-1f4bc	-	+
woman_office_worker_tone5	1f469-1f3ff-200d-1f4bc	-	+
woman_office_worker_dark_skin_tone	1f469-1f3ff-200d-1f4bc	-	+
man_office_worker	1f468-200d-1f4bc	people	+
man_office_worker_tone1	1f468-1f3fb-200d-1f4bc	-	+
man_office_worker_light_skin_tone	1f468-1f3fb-200d-1f4bc	-	+
man_office_worker_tone2	1f468-1f3fc-200d-1f4bc	-	+
man_office_worker_medium_light_skin_tone	1f468-1f3fc-200d-1f4bc	-	+
man_office_worker_tone3	1f468-1f3fd-200d-1f4bc	-	+
man_office_worker_medium_skin_tone	1f468-1f3fd-200d-1f4bc	-	+
man_office_worker_tone4	1f468-1f3fe-200d-1f4bc	-	+
man_office_worker_medium_dark_skin_tone	1f468-1f3fe-200d-1f4bc	-	+
man_office_worker_tone5	1f468-1f3ff-200d-1f4bc	-	+
man_office_worker_dark_skin_tone	1f468-1f3ff-200d-1f4bc	-	+
mechanic	1f9d1-200d-1f527	people	-
mechanic_tone1	1f9d1-1f3fb-200d-1f527	-	-
mechanic_light_skin_tone	1f9d1-1f3fb-200d-1f527	-	-
mechanic_tone2	1f9d1-1f3fc-200d-1f527	-	-
mechanic_medium_light_skin_tone	1f9d1-1f3fc-200d-1f527	-	-
mechanic_tone3	1f9d1-1f3fd-200d-1f527	-	-
mechanic_medium_skin_tone	1f9d1-1f3fd-200d-1f527	-	-
mechanic_tone4	1f9d1-1f3fe-200d-1f527	-	-
mechanic_medium_dark_skin_tone	1f9d1-1f3fe-200d-1f527	-	-
mechanic_tone5	1f9d1-1f3ff-200d-1f527	-	-
mechanic_dark_skin_tone	1f9d1-1f3ff-200d-1f527	-	-
woman_mechanic	1f469-200d-1f527	people	+
woman_mechanic_tone1	1f469-1f3fb-200d-1f527	-	+
woman_mechanic_light_skin_tone	1f469-1f3fb-200d-1f527	-	+
woman_mechanic_tone2	1f469-1f3fc-200d-1f527	-	+
woman_mechanic_medium_light_skin_tone	1f469-1f3fc-200d-1f527	-	+
woman_mechanic_tone3	1f469-1f3fd-200d-1f527	-	+
woman_mechanic_medium_skin_tone	1f469-1f3fd-200d-1f527	-	+
woman_mechanic_tone4	1f469-1f3fe-200d-1f527	-	+
woman_mechanic_medium_dark_skin_tone	1f469-1f3fe-200d-1f527	-	+
woman_mechanic_tone5	1f469-1f3ff-200d-1f527	-	+
woman_mechanic_dark_skin_tone	1f469-1f3ff-200d-1f527	-	+
man_mechanic	1f468-200d-1f527	people	+
man_mechanic_tone1	1f468-1f3fb-200d-1f527	-	+
man_mechanic_light_skin_tone	1f468-1f3fb-200d-1f527	-	+
man_mechanic_tone2	1f468-1f3fc-200d-1f527	-	+
man_mechanic_medium_light_skin_tone	1f468-1f3fc-200d-1f527	-	+
man_mechanic_tone3	1f468-1f3fd-200d-1f527	-	+
man_mechanic_medium_skin_tone	1f468-1f3fd-200d-1f527	-	+
man_mechanic_tone4	1f468-1f3fe-200d-1f527	-	+
man_mechanic_medium_dark_skin_tone	1f468-1f3fe-200d-1f527	-	+
man_mechanic_tone5	1f468-1f3ff-200d-1f527	-	+
man_mechanic_dark_skin_tone	1f468-1f3ff-200d-1f527	-	+
scientist	1f9d1-200d-1f52c	people	-
scientist_tone1	1f9d1-1f3fb-200d-1f52c	-	-
scientist_light_skin_tone	1f9d1-1f3fb-200d-1f52c	-	-
scientist_tone2	1f9d1-1f3fc-200d-1f52c	-	-
scientist_medium_light_skin_tone	1f9d1-1f3fc-200d-1f52c	-	-
scientist_tone3	1f9d1-1f3fd-200d-1f52c	-	-
scientist_medium_skin_tone	1f9d1-1f3fd-200d-1f52c	-	-
scientist_tone4	1f9d1-1f3fe-200d-1f52c	-	-
scientist_medium_dark_skin_tone	1f9d1-1f3fe-200d-1f52c	-	-
scientist_tone5	1f9d1-1f3ff-200d-1f52c	-	-
scientist_dark_skin_tone	1f9d1-1f3ff-200d-1f52c	-	-
woman_scientist	1f469-200d-1f52c	people	+
woman_scientist_tone1	1f469-1f3fb-200d-1f52c	-	+
woman_scientist_light_skin_tone	1f469-1f3fb-200d-1f52c	-	+
woman_scientist_tone2	1f469-1f3fc-200d-1f52c	-	+
woman_scientist_medium_light_skin_tone	1f469-1f3fc-200d-1f52c	-	+
woman_scientist_tone3	1f469-1f3fd-200d-1f52c	-	+
woman_scientist_medium_skin_tone	1f469-1f3fd-200d-1f52c	-	+
woman_scientist_tone4	1f469-1f3fe-200d-1f52c	-	+
woman_scientist_medium_dark_skin_tone	1f469-1f3fe-200d-1f52c	-	+
woman_scientist_tone5	1f469-1f3ff-200d-1f52c	-	+
woman_scientist_dark_skin_tone	1f469-1f3ff-200d-1f52c	-	+
man_scientist	1f468-200d-1f52c	people	+
man_scientist_tone1	1f468-1f3fb-200d-1f52c	-	+
man_scientist_light_skin_tone	1f468-1f3fb-200d-1f52c	-	+
man_scientist_tone2	1f468-1f3fc-200d-1f52c	-	+
man_scientist_medium_light_skin_tone	1f468-1f3fc-200d-1f52c	-	+
man_scientist_tone3	1f468-1f3fd-200d-1f52c	-	+
man_scientist_medium_skin_tone	1f468-1f3fd-200d-1f52c	-	+
man_scientist_tone4	1f468-1f3fe-200d-1f52c	-	+
man_scientist_medium_dark_skin_tone	1f468-1f3fe-200d-1f52c	-	+
man_scientist_tone5	1f468-1f3ff-200d-1f52c	-	+
man_scientist_dark_skin_tone	1f468-1f3ff-200d-1f52c	-	+
artist	1f9d1-200d-1f3a8	people	-
artist_tone1	1f9d1-1f3fb-200d-1f3a8	-	-
artist_light_skin_tone	1f9d1-1f3fb-200d-1f3a8	-	-
artist_tone2	1f9d1-1f3fc-200d-1f3a8	-	-
artist_medium_light_skin_tone	1f9d1-1f3fc-200d-1f3a8	-	-
artist_tone3	1f9d1-1f3fd-200d-1f3a8	-	-
artist_medium_skin_tone	1f9d1-1f3fd-200d-1f3a8	-	-
artist_tone4	1f9d1-1f3fe-200d-1f3a8	-	-
artist_medium_dark_skin_tone	1f9d1-1f3fe-200d-1f3a8	-	-
artist_tone5	1f9d1-1f3ff-200d-1f3a8	-	-
artist_dark_skin_tone	1f9d1-1f3ff-200d-1f3a8	-	-
woman_artist	1f469-200d-1f3a8	people	+
woman_artist_tone1	1f469-1f3fb-200d-1f3a8	-	+
woman_artist_light_skin_tone	1f469-1f3fb-200d-1f3a8	-	+
woman_artist_tone2	1f469-1f3fc-200d-1f3a8	-	+
woman_artist_medium_light_skin_tone	1f469-1f3fc-200d-1f3a8	-	+
woman_artist_tone3	1f469-1f3fd-200d-1f3a8	-	+
woman_artist_medium_skin_tone	1f469-1f3fd-200d-1f3a8	-	+
woman_artist_tone4	1f469-1f3fe-200d-1f3a8	-	+
woman_artist_medium_dark_skin_tone	1f469-1f3fe-200d-1f3a8	-	+
woman_artist_tone5	1f469-1f3ff-200d-1f3a8	-	+
woman_artist_dark_skin_tone	1f469-1f3ff-200d-1f3a8	-	+
man_artist	1f468-200d-1f3a8	people	+
man_artist_tone1	1f468-1f3fb-200d-1f3a8	-	+
man_artist_light_skin_tone	1f468-1f3fb-200d-1f3a8	-	+
man_artist_tone2	1f468-1f3fc-200d-1f3a8	-	+
man_artist_medium_light_skin_tone	1f468-1f3fc-200d-1f3a8	-	+
man_artist_tone3	1f468-1f3fd-200d-1f3a8	-	+
man_artist_medium_skin_tone	1f468-1f3fd-200d-1f3a8	-	+
man_artist_tone4	1f468-1f3fe-200d-1f3a8	-	+
man_artist_medium_dark_skin_tone	1f468-1f3fe-200d-1f3a8	-	+
man_artist_tone5	1f468-1f3ff-200d-1f3a8	-	+
man_artist_dark_skin_tone	1f468-1f3ff-200d-1f3a8	-	+
firefighter	1f9d1-200d-1f692	people	-
firefighter_tone1	1f9d1-1f3fb-200d-1f692	-	-
firefighter_light_skin_tone	1f9d1-1f3fb-200d-1f692	-	-
firefighter_tone2	1f9d1-1f3fc-200d-1f692	-	-
firefighter_medium_light_skin_tone	1f9d1-1f3fc-200d-1f692	-	-
firefighter_tone3	1f9d1-1f3fd-200d-1f692	-	-
firefighter_medium_skin_tone	1f9d1-1f3fd-200d-1f692	-	-
firefighter_tone4	1f9d1-1f3fe-200d-1f692	-	-
firefighter_medium_dark_skin_tone	1f9d1-1f3fe-200d-1f692	-	-
firefighter_tone5	1f9d1-1f3ff-200d-1f692	-	-
firefighter_dark_skin_tone	1f9d1-1f3ff-200d-1f692	-	-
woman_firefighter	1f469-200d-1f692	people	+
woman_firefighter_tone1	1f469-1f3fb-200d-1f692	-	+
woman_firefighter_light_skin_tone	1f469-1f3fb-200d-1f692	-	+
woman_firefighter_tone2	1f469-1f3fc-200d-1f692	-	+
woman_firefighter_medium_light_skin_tone	1f469-1f3fc-200d-1f692	-	+
woman_firefighter_tone3	1f469-1f3fd-200d-1f692	-	+
woman_firefighter_medium_skin_tone	1f469-1f3fd-200d-1f692	-	+
woman_firefighter_tone4	1f469-1f3fe-200d-1f692	-	+
woman_firefighter_medium_dark_skin_tone	1f469-1f3fe-200d-1f692	-	+
woman_firefighter_tone5	1f469-1f3ff-200d-1f692	-	+
woman_firefighter_dark_skin_tone	1f469-1f3ff-200d-1f692	-	+
man_firefighter	1f468-200d-1f692	people	+
man_firefighter_tone1	1f468-1f3fb-200d-1f692	-	+
man_firefighter_light_skin_tone	1f468-1f3fb-200d-1f692	-	+
man_firefighter_tone2	1f468-1f3fc-200d-1f692	-	+
man_firefighter_medium_light_skin_tone	1f468-1f3fc-200d-1f692	-	+
man_firefighter_tone3	1f468-1f3fd-200d-1f692	-	+
man_firefighter_medium_skin_tone	1f468-1f3fd-200d-1f692	-	+
man_firefighter_tone4	1f468-1f3fe-200d-1f692	-	+
man_firefighter_medium_dark_skin_tone	1f468-1f3fe-200d-1f692	-	+
man_firefighter_tone5	1f468-1f3ff-200d-1f692	-	+
man_firefighter_dark_skin_tone	1f468-1f3ff-200d-1f692	-	+
pilot	1f9d1-200d-2708-fe0f	people	-
pilot_tone1	1f9d1-1f3fb-200d-2708-fe0f	-	-
pilot_light_skin_tone	1f9d1-1f3fb-200d-2708-fe0f	-	-
pilot_tone2	1f9d1-1f3fc-200d-2708-fe0f	-	-
pilot_medium_light_skin_tone	1f9d1-1f3fc-200d-2708-fe0f	-	-
pilot_tone3	1f9d1-1f3fd-200d-2708-fe0f	-	-
pilot_medium_skin_tone	1f9d1-1f3fd-200d-2708-fe0f	-	-
pilot_tone4	1f9d1-1f3fe-200d-2708-fe0f	-	-
pilot_medium_dark_skin_tone	1f9d1-1f3fe-200d-2708-fe0f	-	-
pilot_tone5	1f9d1-1f3ff-200d-2708-fe0f	-	-
pilot_dark_skin_tone	1f9d1-1f3ff-200d-2708-fe0f	-	-
woman_pilot	1f469-200d-2708-fe0f	people	+
woman_pilot_tone1	1f469-1f3fb-200d-2708-fe0f	-	+
woman_pilot_light_skin_tone	1f469-1f3fb-200d-2708-fe0f	-	+
woman_pilot_tone2	1f469-1f3fc-200d-2708-fe0f	-	+
woman_pilot_medium_light_skin_tone	1f469-1f3fc-200d-2708-fe0f	-	+
woman_pilot_tone3	1f469-1f3fd-200d-2708-fe0f	-	+
woman_pilot_medium_skin_tone	1f469-1f3fd-200d-2708-fe0f	-	+
woman_pilot_tone4	1f469-1f3fe-200d-2708-fe0f	-	+
woman_pilot_medium_dark_skin_tone	1f469-1f3fe-200d-2708-fe0f	-	+
woman_pilot_tone5	1f469-1f3ff-200d-2708-fe0f	-	+
woman_pilot_dark_skin_tone	1f469-1f3ff-200d-2708-fe0f	-	+
man_pilot	1f468-200d-2708-fe0f	people	+
man_pilot_tone1	1f468-1f3fb-200d-2708-fe0f	-	+
man_pilot_light_skin_tone	1f468-1f3fb-200d-2708-fe0f	-	+
man_pilot_tone2	1f468-1f3fc-200d-2708-fe0f	-	+
man_pilot_medium_light_skin_tone	1f468-1f3fc-200d-2708-fe0f	-	+
man_pilot_tone3	1f468-1f3fd-200d-2708-fe0f	-	+
man_pilot_medium_skin_tone	1f468-1f3fd-200d-2708-fe0f	-	+
man_pilot_tone4	1f468-1f3fe-200d-2708-fe0f	-	+
man_pilot_medium_dark_skin_tone	1f468-1f3fe-200d-2708-fe0f	-	+
man_pilot_tone5	1f468-1f3ff-200d-2708-fe0f	-	+
man_pilot_dark_skin_tone	1f468-1f3ff-200d-2708-fe0f	-	+
astronaut	1f9d1-200d-1f680	people	-
astronaut_tone1	1f9d1-1f3fb-200d-1f680	-	-
astronaut_light_skin_tone	1f9d1-1f3fb-200d-1f680	-	-
astronaut_tone2	1f9d1-1f3fc-200d-1f680	-	-
astronaut_medium_light_skin_tone	1f9d1-1f3fc-200d-1f680	-	-
astronaut_tone3	1f9d1-1f3fd-200d-1f680	-	-
astronaut_medium_skin_tone	1f9d1-1f3fd-200d-1f680	-	-
astronaut_tone4	1f9d1-1f3fe-200d-1f680	-	-
astronaut_medium_dark_skin_tone	1f9d1-1f3fe-200d-1f680	-	-
astronaut_tone5	1f9d1-1f3ff-200d-1f680	-	-
astronaut_dark_skin_tone	1f9d1-1f3ff-200d-1f680	-	-
woman_astronaut	1f469-200d-1f680	people	+
woman_astronaut_tone1	1f469-1f3fb-200d-1f680	-	+
woman_astronaut_light_skin_tone	1f469-1f3fb-200d-1f680	-	+
woman_astronaut_tone2	1f469-1f3fc-200d-1f680	-	+
woman_astronaut_medium_light_skin_tone	1f469-1f3fc-200d-1f680	-	+
woman_astronaut_tone3	1f469-1f3fd-200d-1f680	-	+
woman_astronaut_medium_skin_tone	1f469-1f3fd-200d-1f680	-	+
woman_astronaut_tone4	1f469-1f3fe-200d-1f680	-	+
woman_astronaut_medium_dark_skin_tone	1f469-1f3fe-200d-1f680	-	+
woman_astronaut_tone5	1f469-1f3ff-200d-1f680	-	+
woman_astronaut_dark_skin_tone	1f469-1f3ff-200d-1f680	-	+
man_astronaut	1f468-200d-1f680	people	+
man_astronaut_tone1	1f468-1f3fb-200d-1f680	-	+
man_astronaut_light_skin_tone	1f468-1f3fb-200d-1f680	-	+
man_astronaut_tone2	1f468-1f3fc-200d-1f680	-	+
man_astronaut_medium_light_skin_tone	1f468-1f3fc-200d-1f680	-	+
man_astronaut_tone3	1f468-1f3fd-200d-1f680	-	+
man_astronaut_medium_skin_tone	1f468-1f3fd-200d-1f680	-	+
man_astronaut_tone4	1f468-1f3fe-200d-1f680	-	+
man_astronaut_medium_dark_skin_tone	1f468-1f3fe-200d-1f680	-	+
man_astronaut_tone5	1f468-1f3ff-200d-1f680	-	+
man_astronaut_dark_skin_tone	1f468-1f3ff-200d-1f680	-	+
judge	1f9d1-200d-2696-fe0f	people	-
judge_tone1	1f9d1-1f3fb-200d-2696-fe0f	-	-
judge_light_skin_tone	1f9d1-1f3fb-200d-2696-fe0f	-	-
judge_tone2	1f9d1-1f3fc-200d-2696-fe0f	-	-
judge_medium_light_skin_tone	1f9d1-1f3fc-200d-2696-fe0f	-	-
judge_tone3	1f9d1-1f3fd-200d-2696-fe0f	-	-
judge_medium_skin_tone	1f9d1-1f3fd-200d-2696-fe0f	-	-
judge_tone4	1f9d1-1f3fe-200d-2696-fe0f	-	-
judge_medium_dark_skin_tone	1f9d1-1f3fe-200d-2696-fe0f	-	-
judge_tone5	1f9d1-1f3ff-200d-2696-fe0f	-	-
judge_dark_skin_tone	1f9d1-1f3ff-200d-2696-fe0f	-	-
woman_judge	1f469-200d-2696-fe0f	people	+
woman_judge_tone1	1f469-1f3fb-200d-2696-fe0f	-	+
woman_judge_light_skin_tone	1f469-1f3fb-200d-2696-fe0f	-	+
woman_judge_tone2	1f469-1f3fc-200d-2696-fe0f	-	+
woman_judge_medium_light_skin_tone	1f469-1f3fc-200d-2696-fe0f	-	+
woman_judge_tone3	1f469-1f3fd-200d-2696-fe0f	-	+
woman_judge_medium_skin_tone	1f469-1f3fd-200d-2696-fe0f	-	+
woman_judge_tone4	1f469-1f3fe-200d-2696-fe0f	-	+
woman_judge_medium_dark_skin_tone	1f469-1f3fe-200d-2696-fe0f	-	+
woman_judge_tone5	1f469-1f3ff-200d-2696-fe0f	-	+
woman_judge_dark_skin_tone	1f469-1f3ff-200d-2696-fe0f	-	+
man_judge	1f468-200d-2696-fe0f	people	+
man_judge_tone1	1f468-1f3fb-200d-2696-fe0f	-	+
man_judge_light_skin_tone	1f468-1f3fb-200d-2696-fe0f	-	+
man_judge_tone2	1f468-1f3fc-200d-2696-fe0f	-	+
man_judge_medium_light_skin_tone	1f468-1f3fc-200d-2696-fe0f	-	+
man_judge_tone3	1f468-1f3fd-200d-2696-fe0f	-	+
man_judge_medium_skin_tone	1f468-1f3fd-200d-2696-fe0f	-	+
man_judge_tone4	1f468-1f3fe-200d-2696-fe0f	-	+
man_judge_medium_dark_skin_tone	1f468-1f3fe-200d-2696-fe0f	-	+
man_judge_tone5	1f468-1f3ff-200d-2696-fe0f	-	+
man_judge_dark_skin_tone	1f468-1f3ff-200d-2696-fe0f	-	+
person_with_veil	1f470	people	-
person_with_veil_tone1	1f470-1f3fb	-	-
person_with_veil_tone2	1f470-1f3fc	-	-
person_with_veil_tone3	1f470-1f3fd	-	-
person_with_veil_tone4	1f470-1f3fe	-	-
person_with_veil_tone5	1f470-1f3ff	-	-
woman_with_veil	1f470-200d-2640-fe0f	people	-
woman_with_veil_tone1	1f470-1f3fb-200d-2640-fe0f	-	-
woman_with_veil_light_skin_tone	1f470-1f3fb-200d-2640-fe0f	-	-
woman_with_veil_tone2	1f470-1f3fc-200d-2640-fe0f	-	-
woman_with_veil_medium_light_skin_tone	1f470-1f3fc-200d-2640-fe0f	-	-
woman_with_veil_tone3	1f470-1f3fd-200d-2640-fe0f	-	-
woman_with_veil_medium_skin_tone	1f470-1f3fd-200d-2640-fe0f	-	-
woman_with_veil_tone4	1f470-1f3fe-200d-2640-fe0f	-	-
woman_with_veil_medium_dark_skin_tone	1f470-1f3fe-200d-2640-fe0f	-	-
woman_with_veil_tone5	1f470-1f3ff-200d-2640-fe0f	-	-
woman_with_veil_dark_skin_tone	1f470-1f3ff-200d-2640-fe0f	-	-
man_with_veil	1f470-200d-2642-fe0f	people	-
man_with_veil_tone1	1f470-1f3fb-200d-2642-fe0f	-	-
man_with_veil_light_skin_tone	1f470-1f3fb-200d-2642-fe0f	-	-
man_with_veil_tone2	1f470-1f3fc-200d-2642-fe0f	-	-
man_with_veil_medium_light_skin_tone	1f470-1f3fc-200d-2642-fe0f	-	-
man_with_veil_tone3	1f470-1f3fd-200d-2642-fe0f	-	-
man_with_veil_medium_skin_tone	1f470-1f3fd-200d-2642-fe0f	-	-
man_with_veil_tone4	1f470-1f3fe-200d-2642-fe0f	-	-
man_with_veil_medium_dark_skin_tone	1f470-1f3fe-200d-2642-fe0f	-	-
man_with_veil_tone5	1f470-1f3ff-200d-2642-fe0f	-	-
man_with_veil_dark_skin_tone	1f470-1f3ff-200d-2642-fe0f	-	-
person_in_tuxedo	1f935	people	-
person_in_tuxedo_tone1	1f935-1f3fb	-	-
tuxedo_tone1	1f935-1f3fb	-	+
person_in_tuxedo_tone2	1f935-1f3fc	-	-
tuxedo_tone2	1f935-1f3fc	-	+
person_in_tuxedo_tone3	1f935-1f3fd	-	-
tuxedo_tone3	1f935-1f3fd	-	+
person_in_tuxedo_tone4	1f935-1f3fe	-	-
tuxedo_tone4	1f935-1f3fe	-	+
person_in_tuxedo_tone5	1f935-1f3ff	-	-
tuxedo_tone5	1f935-1f3ff	-	+
woman_in_tuxedo	1f935-200d-2640-fe0f	people	-
woman_in_tuxedo_tone1	1f935-1f3fb-200d-2640-fe0f	-	-
woman_in_tuxedo_light_skin_tone	1f935-1f3fb-200d-2640-fe0f	-	-
woman_in_tuxedo_tone2	1f935-1f3fc-200d-2640-fe0f	-	-
woman_in_tuxedo_medium_light_skin_tone	1f935-1f3fc-200d-2640-fe0f	-	-
woman_in_tuxedo_tone3	1f935-1f3fd-200d-2640-fe0f	-	-
woman_in_tuxedo_medium_skin_tone	1f935-1f3fd-200d-2640-fe0f	-	-
woman_in_tuxedo_tone4	1f935-1f3fe-200d-2640-fe0f	-	-
woman_in_tuxedo_medium_dark_skin_tone	1f935-1f3fe-200d-2640-fe0f	-	-
woman_in_tuxedo_tone5	1f935-1f3ff-200d-2640-fe0f	-	-
woman_in_tuxedo_dark_skin_tone	1f935-1f3ff-200d-2640-fe0f	-	-
man_in_tuxedo	1f935-200d-2642-fe0f	people	+
man_in_tuxedo_tone1	1f935-1f3fb-200d-2642-fe0f	-	+
man_in_tuxedo_light_skin_tone	1f935-1f3fb-200d-2642-fe0f	-	-
man_in_tuxedo_tone2	1f935-1f3fc-200d-2642-fe0f	-	+
man_in_tuxedo_medium_light_skin_tone	1f935-1f3fc-200d-2642-fe0f	-	-
man_in_tuxedo_tone3	1f935-1f3fd-200d-2642-fe0f	-	+
man_in_tuxedo_medium_skin_tone	1f935-1f3fd-200d-2642-fe0f	-	-
man_in_tuxedo_tone4	1f935-1f3fe-200d-2642-fe0f	-	+
man_in_tuxedo_medium_dark_skin_tone	1f935-1f3fe-200d-2642-fe0f	-	-
man_in_tuxedo_tone5	1f935-1f3ff-200d-2642-fe0f	-	+
man_in_tuxedo_dark_skin_tone	1f935-1f3ff-200d-2642-fe0f	-	-
person_with_crown	1fac5	people	-
person_with_crown_tone1	1fac5-1f3fb	-	-
person_with_crown_light_skin_tone	1fac5-1f3fb	-	-
person_with_crown_tone2	1fac5-1f3fc	-	-
person_with_crown_medium_light_skin_tone	1fac5-1f3fc	-	-
person_with_crown_tone3	1fac5-1f3fd	-	-
person_with_crown_medium_skin_tone	1fac5-1f3fd	-	-
person_with_crown_tone4	1fac5-1f3fe	-	-
person_with_crown_medium_dark_skin_tone	1fac5-1f3fe	-	-
person_with_crown_tone5	1fac5-1f3ff	-	-
person_with_crown_dark_skin_tone	1fac5-1f3ff	-	-
princess	1f478	people	+
princess_tone1	1f478-1f3fb	-	+
princess_tone2	1f478-1f3fc	-	+
princess_tone3	1f478-1f3fd	-	+
princess_tone4	1f478-1f3fe	-	+
princess_tone5	1f478-1f3ff	-	+
prince	1f934	people	+
prince_tone1	1f934-1f3fb	-	+
prince_tone2	1f934-1f3fc	-	+
prince_tone3	1f934-1f3fd	-	+
prince_tone4	1f934-1f3fe	-	+
prince_tone5	1f934-1f3ff	-	+
superhero	1f9b8	people	+
superhero_tone1	1f9b8-1f3fb	-	+
superhero_light_skin_tone	1f9b8-1f3fb	-	+
superhero_tone2	1f9b8-1f3fc	-	+
superhero_medium_light_skin_tone	1f9b8-1f3fc	-	+
superhero_tone3	1f9b8-1f3fd	-	+
superhero_medium_skin_tone	1f9b8-1f3fd	-	+
superhero_tone4	1f9b8-1f3fe	-	+
superhero_medium_dark_skin_tone	1f9b8-1f3fe	-	+
superhero_tone5	1f9b8-1f3ff	-	+
superhero_dark_skin_tone	1f9b8-1f3ff	-	+
woman_superhero	1f9b8-200d-2640-fe0f	people	+
woman_superhero_tone1	1f9b8-1f3fb-200d-2640-fe0f	-	+
woman_superhero_light_skin_tone	1f9b8-1f3fb-200d-2640-fe0f	-	+
woman_superhero_tone2	1f9b8-1f3fc-200d-2640-fe0f	-	+
woman_superhero_medium_light_skin_tone	1f9b8-1f3fc-200d-2640-fe0f	-	+
woman_superhero_tone3	1f9b8-1f3fd-200d-2640-fe0f	-	+
woman_superhero_medium_skin_tone	1f9b8-1f3fd-200d-2640-fe0f	-	+
woman_superhero_tone4	1f9b8-1f3fe-200d-2640-fe0f	-	+
woman_superhero_medium_dark_skin_tone	1f9b8-1f3fe-200d-2640-fe0f	-	+
woman_superhero_tone5	1f9b8-1f3ff-200d-2640-fe0f	-	+
woman_superhero_dark_skin_tone	1f9b8-1f3ff-200d-2640-fe0f	-	+
man_superhero	1f9b8-200d-2642-fe0f	people	+
man_superhero_tone1	1f9b8-1f3fb-200d-2642-fe0f	-	+
man_superhero_light_skin_tone	1f9b8-1f3fb-200d-2642-fe0f	-	+
man_superhero_tone2	1f9b8-1f3fc-200d-2642-fe0f	-	+
man_superhero_medium_light_skin_tone	1f9b8-1f3fc-200d-2642-fe0f	-	+
man_superhero_tone3	1f9b8-1f3fd-200d-2642-fe0f	-	+
man_superhero_medium_skin_tone	1f9b8-1f3fd-200d-2642-fe0f	-	+
man_superhero_tone4	1f9b8-1f3fe-200d-2642-fe0f	-	+
man_superhero_medium_dark_skin_tone	1f9b8-1f3fe-200d-2642-fe0f	-	+
man_superhero_tone5	1f9b8-1f3ff-200d-2642-fe0f	-	+
man_superhero_dark_skin_tone	1f9b8-1f3ff-200d-2642-fe0f	-	+
supervillain	1f9b9	people	+
supervillain_tone1	1f9b9-1f3fb	-	+
supervillain_light_skin_tone	1f9b9-1f3fb	-	+
supervillain_tone2	1f9b9-1f3fc	-	+
supervillain_medium_light_skin_tone	1f9b9-1f3fc	-	+
supervillain_tone3	1f9b9-1f3fd	-	+
supervillain_medium_skin_tone	1f9b9-1f3fd	-	+
supervillain_tone4	1f9b9-1f3fe	-	+
supervillain_medium_dark_skin_tone	1f9b9-1f3fe	-	+
supervillain_tone5	1f9b9-1f3ff	-	+
supervillain_dark_skin_tone	1f9b9-1f3ff	-	+
woman_supervillain	1f9b9-200d-2640-fe0f	people	+
woman_supervillain_tone1	1f9b9-1f3fb-200d-2640-fe0f	-	+
woman_supervillain_light_skin_tone	1f9b9-1f3fb-200d-2640-fe0f	-	+
woman_supervillain_tone2	1f9b9-1f3fc-200d-2640-fe0f	-	+
woman_supervillain_medium_light_skin_tone	1f9b9-1f3fc-200d-2640-fe0f	-	+
woman_supervillain_tone3	1f9b9-1f3fd-200d-2640-fe0f	-	+
woman_supervillain_medium_skin_tone	1f9b9-1f3fd-200d-2640-fe0f	-	+
woman_supervillain_tone4	1f9b9-1f3fe-200d-2640-fe0f	-	+
woman_supervillain_medium_dark_skin_tone	1f9b9-1f3fe-200d-2640-fe0f	-	+
woman_supervillain_tone5	1f9b9-1f3ff-200d-2640-fe0f	-	+
woman_supervillain_dark_skin_tone	1f9b9-1f3ff-200d-2640-fe0f	-	+
man_supervillain	1f9b9-200d-2642-fe0f	people	+
man_supervillain_tone1	1f9b9-1f3fb-200d-2642-fe0f	-	+
man_supervillain_light_skin_tone	1f9b9-1f3fb-200d-2642-fe0f	-	+
man_supervillain_tone2	1f9b9-1f3fc-200d-2642-fe0f	-	+
man_supervillain_medium_light_skin_tone	1f9b9-1f3fc-200d-2642-fe0f	-	+
man_supervillain_tone3	1f9b9-1f3fd-200d-2642-fe0f	-	+
man_supervillain_medium_skin_tone	1f9b9-1f3fd-200d-2642-fe0f	-	+
man_supervillain_tone4	1f9b9-1f3fe-200d-2642-fe0f	-	+
man_supervillain_medium_dark_skin_tone	1f9b9-1f3fe-200d-2642-fe0f	-	+
man_supervillain_tone5	1f9b9-1f3ff-200d-2642-fe0f	-	+
man_supervillain_dark_skin_tone	1f9b9-1f3ff-200d-2642-fe0f	-	+
ninja	1f977	people	-
ninja_tone1	1f977-1f3fb	-	-
ninja_light_skin_tone	1f977-1f3fb	-	-
ninja_tone2	1f977-1f3fc	-	-
ninja_medium_light_skin_tone	1f977-1f3fc	-	-
ninja_tone3	1f977-1f3fd	-	-
ninja_medium_skin_tone	1f977-1f3fd	-	-
ninja_tone4	1f977-1f3fe	-	-
ninja_medium_dark_skin_tone	1f977-1f3fe	-	-
ninja_tone5	1f977-1f3ff	-	-
ninja_dark_skin_tone	1f977-1f3ff	-	-
mx_claus	1f9d1-200d-1f384	people	-
mx_claus_tone1	1f9d1-1f3fb-200d-1f384	-	-
mx_claus_light_skin_tone	1f9d1-1f3fb-200d-1f384	-	-
mx_claus_tone2	1f9d1-1f3fc-200d-1f384	-	-
mx_claus_medium_light_skin_tone	1f9d1-1f3fc-200d-1f384	-	-
mx_claus_tone3	1f9d1-1f3fd-200d-1f384	-	-
mx_claus_medium_skin_tone	1f9d1-1f3fd-200d-1f384	-	-
mx_claus_tone4	1f9d1-1f3fe-200d-1f384	-	-
mx_claus_medium_dark_skin_tone	1f9d1-1f3fe-200d-1f384	-	-
mx_claus_tone5	1f9d1-1f3ff-200d-1f384	-	-
mx_claus_dark_skin_tone	1f9d1-1f3ff-200d-1f384	-	-
mrs_claus	1f936	people	+
mother_christmas	1f936	-	+
mrs_claus_tone1	1f936-1f3fb	-	+
mother_christmas_tone1	1f936-1f3fb	-	+
mrs_claus_tone2	1f936-1f3fc	-	+
mother_christmas_tone2	1f936-1f3fc	-	+
mrs_claus_tone3	1f936-1f3fd	-	+
mother_christmas_tone3	1f936-1f3fd	-	+
mrs_claus_tone4	1f936-1f3fe	-	+
mother_christmas_tone4	1f936-1f3fe	-	+
mrs_claus_tone5	1f936-1f3ff	-	+
mother_christmas_tone5	1f936-1f3ff	-	+
santa	1f385	people	+
santa_claus	1f385	-	-
santa_tone1	1f385-1f3fb	-	+
santa_tone2	1f385-1f3fc	-	+
santa_tone3	1f385-1f3fd	-	+
santa_tone4	1f385-1f3fe	-	+
santa_tone5	1f385-1f3ff	-	+
mage	1f9d9	people	+
mage_tone1	1f9d9-1f3fb	-	+
mage_light_skin_tone	1f9d9-1f3fb	-	+
mage_tone2	1f9d9-1f3fc	-	+
mage_medium_light_skin_tone	1f9d9-1f3fc	-	+
mage_tone3	1f9d9-1f3fd	-	+
mage_medium_skin_tone	1f9d9-1f3fd	-	+
mage_tone4	1f9d9-1f3fe	-	+
mage_medium_dark_skin_tone	1f9d9-1f3fe	-	+
mage_tone5	1f9d9-1f3ff	-	+
mage_dark_skin_tone	1f9d9-1f3ff	-	+
woman_mage	1f9d9-200d-2640-fe0f	people	+
woman_mage_tone1	1f9d9-1f3fb-200d-2640-fe0f	-	+
woman_mage_light_skin_tone	1f9d9-1f3fb-200d-2640-fe0f	-	+
woman_mage_tone2	1f9d9-1f3fc-200d-2640-fe0f	-	+
woman_mage_medium_light_skin_tone	1f9d9-1f3fc-200d-2640-fe0f	-	+
woman_mage_tone3	1f9d9-1f3fd-200d-2640-fe0f	-	+
woman_mage_medium_skin_tone	1f9d9-1f3fd-200d-2640-fe0f	-	+
woman_mage_tone4	1f9d9-1f3fe-200d-2640-fe0f	-	+
woman_mage_medium_dark_skin_tone	1f9d9-1f3fe-200d-2640-fe0f	-	+
woman_mage_tone5	1f9d9-1f3ff-200d-2640-fe0f	-	+
woman_mage_dark_skin_tone	1f9d9-1f3ff-200d-2640-fe0f	-	+
man_mage	1f9d9-200d-2642-fe0f	people	+
man_mage_tone1	1f9d9-1f3fb-200d-2642-fe0f	-	+
man_mage_light_skin_tone	1f9d9-1f3fb-200d-2642-fe0f	-	+
man_mage_tone2	1f9d9-1f3fc-200d-2642-fe0f	-	+
man_mage_medium_light_skin_tone	1f9d9-1f3fc-200d-2642-fe0f	-	+
man_mage_tone3	1f9d9-1f3fd-200d-2642-fe0f	-	+
man_mage_medium_skin_tone	1f9d9-1f3fd-200d-2642-fe0f	-	+
man_mage_tone4	1f9d9-1f3fe-200d-2642-fe0f	-	+
man_mage_medium_dark_skin_tone	1f9d9-1f3fe-200d-2642-fe0f	-	+
man_mage_tone5	1f9d9-1f3ff-200d-2642-fe0f	-	+
man_mage_dark_skin_tone	1f9d9-1f3ff-200d-2642-fe0f	-	+
elf	1f9dd	people	+
elf_tone1	1f9dd-1f3fb	-	+
elf_light_skin_tone	1f9dd-1f3fb	-	+
elf_tone2	1f9dd-1f3fc	-	+
elf_medium_light_skin_tone	1f9dd-1f3fc	-	+
elf_tone3	1f9dd-1f3fd	-	+
elf_medium_skin_tone	1f9dd-1f3fd	-	+
elf_tone4	1f9dd-1f3fe	-	+
elf_medium_dark_skin_tone	1f9dd-1f3fe	-	+
elf_tone5	1f9dd-1f3ff	-	+
elf_dark_skin_tone	1f9dd-1f3ff	-	+
woman_elf	1f9dd-200d-2640-fe0f	people	+
woman_elf_tone1	1f9dd-1f3fb-200d-2640-fe0f	-	+
woman_elf_light_skin_tone	1f9dd-1f3fb-200d-2640-fe0f	-	+
woman_elf_tone2	1f9dd-1f3fc-200d-2640-fe0f	-	+
woman_elf_medium_light_skin_tone	1f9dd-1f3fc-200d-2640-fe0f	-	+
woman_elf_tone3	1f9dd-1f3fd-200d-2640-fe0f	-	+
woman_elf_medium_skin_tone	1f9dd-1f3fd-200d-2640-fe0f	-	+
woman_elf_tone4	1f9dd-1f3fe-200d-2640-fe0f	-	+
woman_elf_medium_dark_skin_tone	1f9dd-1f3fe-200d-2640-fe0f	-	+
woman_elf_tone5	1f9dd-1f3ff-200d-2640-fe0f	-	+
woman_elf_dark_skin_tone	1f9dd-1f3ff-200d-2640-fe0f	-	+
man_elf	1f9dd-200d-2642-fe0f	people	+
man_elf_tone1	1f9dd-1f3fb-200d-2642-fe0f	-	+
man_elf_light_skin_tone	1f9dd-1f3fb-200d-2642-fe0f	-	+
man_elf_tone2	1f9dd-1f3fc-200d-2642-fe0f	-	+
man_elf_medium_light_skin_tone	1f9dd-1f3fc-200d-2642-fe0f	-	+
man_elf_tone3	1f9dd-1f3fd-200d-2642-fe0f	-	+
man_elf_medium_skin_tone	1f9dd-1f3fd-200d-2642-fe0f	-	+
man_elf_tone4	1f9dd-1f3fe-200d-2642-fe0f	-	+
man_elf_medium_dark_skin_tone	1f9dd-1f3fe-200d-2642-fe0f	-	+
man_elf_tone5	1f9dd-1f3ff-200d-2642-fe0f	-	+
man_elf_dark_skin_tone	1f9dd-1f3ff-200d-2642-fe0f	-	+
troll	1f9cc	people	-
vampire	1f9db	people	+
vampire_tone1	1f9db-1f3fb	-	+
vampire_light_skin_tone	1f9db-1f3fb	-	+
vampire_tone2	1f9db-1f3fc	-	+
vampire_medium_light_skin_tone	1f9db-1f3fc	-	+
vampire_tone3	1f9db-1f3fd	-	+
vampire_medium_skin_tone	1f9db-1f3fd	-	+
vampire_tone4	1f9db-1f3fe	-	+
vampire_medium_dark_skin_tone	1f9db-1f3fe	-	+
vampire_tone5	1f9db-1f3ff	-	+
vampire_dark_skin_tone	1f9db-1f3ff	-	+
woman_vampire	1f9db-200d-2640-fe0f	people	+
woman_vampire_tone1	1f9db-1f3fb-200d-2640-fe0f	-	+
woman_vampire_light_skin_tone	1f9db-1f3fb-200d-2640-fe0f	-	+
woman_vampire_tone2	1f9db-1f3fc-200d-2640-fe0f	-	+
woman_vampire_medium_light_skin_tone	1f9db-1f3fc-200d-2640-fe0f	-	+
woman_vampire_tone3	1f9db-1f3fd-200d-2640-fe0f	-	+
woman_vampire_medium_skin_tone	1f9db-1f3fd-200d-2640-fe0f	-	+
woman_vampire_tone4	1f9db-1f3fe-200d-2640-fe0f	-	+
woman_vampire_medium_dark_skin_tone	1f9db-1f3fe-200d-2640-fe0f	-	+
woman_vampire_tone5	1f9db-1f3ff-200d-2640-fe0f	-	+
woman_vampire_dark_skin_tone	1f9db-1f3ff-200d-2640-fe0f	-	+
man_vampire	1f9db-200d-2642-fe0f	people	+
man_vampire_tone1	1f9db-1f3fb-200d-2642-fe0f	-	+
man_vampire_light_skin_tone	1f9db-1f3fb-200d-2642-fe0f	-	+
man_vampire_tone2	1f9db-1f3fc-200d-2642-fe0f	-	+
man_vampire_medium_light_skin_tone	1f9db-1f3fc-200d-2642-fe0f	-	+
man_vampire_tone3	1f9db-1f3fd-200d-2642-fe0f	-	+
man_vampire_medium_skin_tone	1f9db-1f3fd-200d-2642-fe0f	-	+
man_vampire_tone4	1f9db-1f3fe-200d-2642-fe0f	-	+
man_vampire_medium_dark_skin_tone	1f9db-1f3fe-200d-2642-fe0f	-	+
man_vampire_tone5	1f9db-1f3ff-200d-2642-fe0f	-	+
man_vampire_dark_skin_tone	1f9db-1f3ff-200d-2642-fe0f	-	+
zombie	1f9df	people	+
woman_zombie	1f9df-200d-2640-fe0f	people	+
man_zombie	1f9df-200d-2642-fe0f	people	+
genie	1f9de	people	+
woman_genie	1f9de-200d-2640-fe0f	people	+
man_genie	1f9de-200d-2642-fe0f	people	+
merperson	1f9dc	people	+
merperson_tone1	1f9dc-1f3fb	-	+
merperson_light_skin_tone	1f9dc-1f3fb	-	+
merperson_tone2	1f9dc-1f3fc	-	+
merperson_medium_light_skin_tone	1f9dc-1f3fc	-	+
merperson_tone3	1f9dc-1f3fd	-	+
merperson_medium_skin_tone	1f9dc-1f3fd	-	+
merperson_tone4	1f9dc-1f3fe	-	+
merperson_medium_dark_skin_tone	1f9dc-1f3fe	-	+
merperson_tone5	1f9dc-1f3ff	-	+
merperson_dark_skin_tone	1f9dc-1f3ff	-	+
mermaid	1f9dc-200d-2640-fe0f	people	+
mermaid_tone1	1f9dc-1f3fb-200d-2640-fe0f	-	+
mermaid_light_skin_tone	1f9dc-1f3fb-200d-2640-fe0f	-	+
mermaid_tone2	1f9dc-1f3fc-200d-2640-fe0f	-	+
mermaid_medium_light_skin_tone	1f9dc-1f3fc-200d-2640-fe0f	-	+
mermaid_tone3	1f9dc-1f3fd-200d-2640-fe0f	-	+
mermaid_medium_skin_tone	1f9dc-1f3fd-200d-2640-fe0f	-	+
mermaid_tone4	1f9dc-1f3fe-200d-2640-fe0f	-	+
mermaid_medium_dark_skin_tone	1f9dc-1f3fe-200d-2640-fe0f	-	+
mermaid_tone5	1f9dc-1f3ff-200d-2640-fe0f	-	+
mermaid_dark_skin_tone	1f9dc-1f3ff-200d-2640-fe0f	-	+
merman	1f9dc-200d-2642-fe0f	people	+
merman_tone1	1f9dc-1f3fb-200d-2642-fe0f	-	+
merman_light_skin_tone	1f9dc-1f3fb-200d-2642-fe0f	-	+
merman_tone2	1f9dc-1f3fc-200d-2642-fe0f	-	+
merman_medium_light_skin_tone	1f9dc-1f3fc-200d-2642-fe0f	-	+
merman_tone3	1f9dc-1f3fd-200d-2642-fe0f	-	+
merman_medium_skin_tone	1f9dc-1f3fd-200d-2642-fe0f	-	+
merman_tone4	1f9dc-1f3fe-200d-2642-fe0f	-	+
merman_medium_dark_skin_tone	1f9dc-1f3fe-200d-2642-fe0f	-	+
merman_tone5	1f9dc-1f3ff-200d-2642-fe0f	-	+
merman_dark_skin_tone	1f9dc-1f3ff-200d-2642-fe0f	-	+
fairy	1f9da	people	+
fairy_tone1	1f9da-1f3fb	-	+
fairy_light_skin_tone	1f9da-1f3fb	-	+
fairy_tone2	1f9da-1f3fc	-	+
fairy_medium_light_skin_tone	1f9da-1f3fc	-	+
fairy_tone3	1f9da-1f3fd	-	+
fairy_medium_skin_tone	1f9da-1f3fd	-	+
fairy_tone4	1f9da-1f3fe	-	+
fairy_medium_dark_skin_tone	1f9da-1f3fe	-	+
fairy_tone5	1f9da-1f3ff	-	+
fairy_dark_skin_tone	1f9da-1f3ff	-	+
woman_fairy	1f9da-200d-2640-fe0f	people	+
woman_fairy_tone1	1f9da-1f3fb-200d-2640-fe0f	-	+
woman_fairy_light_skin_tone	1f9da-1f3fb-200d-2640-fe0f	-	+
woman_fairy_tone2	1f9da-1f3fc-200d-2640-fe0f	-	+
woman_fairy_medium_light_skin_tone	1f9da-1f3fc-200d-2640-fe0f	-	+
woman_fairy_tone3	1f9da-1f3fd-200d-2640-fe0f	-	+
woman_fairy_medium_skin_tone	1f9da-1f3fd-200d-2640-fe0f	-	+
woman_fairy_tone4	1f9da-1f3fe-200d-2640-fe0f	-	+
woman_fairy_medium_dark_skin_tone	1f9da-1f3fe-200d-2640-fe0f	-	+
woman_fairy_tone5	1f9da-1f3ff-200d-2640-fe0f	-	+
woman_fairy_dark_skin_tone	1f9da-1f3ff-200d-2640-fe0f	-	+
man_fairy	1f9da-200d-2642-fe0f	people	+
man_fairy_tone1	1f9da-1f3fb-200d-2642-fe0f	-	+
man_fairy_light_skin_tone	1f9da-1f3fb-200d-2642-fe0f	-	+
man_fairy_tone2	1f9da-1f3fc-200d-2642-fe0f	-	+
man_fairy_medium_light_skin_tone	1f9da-1f3fc-200d-2642-fe0f	-	+
man_fairy_tone3	1f9da-1f3fd-200d-2642-fe0f	-	+
man_fairy_medium_skin_tone	1f9da-1f3fd-200d-2642-fe0f	-	+
man_fairy_tone4	1f9da-1f3fe-200d-2642-fe0f	-	+
man_fairy_medium_dark_skin_tone	1f9da-1f3fe-200d-2642-fe0f	-	+
man_fairy_tone5	1f9da-1f3ff-200d-2642-fe0f	-	+
man_fairy_dark_skin_tone	1f9da-1f3ff-200d-2642-fe0f	-	+
angel	1f47c	people	+
baby_angel	1f47c	-	-
angel_tone1	1f47c-1f3fb	-	+
angel_tone2	1f47c-1f3fc	-	+
angel_tone3	1f47c-1f3fd	-	+
angel_tone4	1f47c-1f3fe	-	+
angel_tone5	1f47c-1f3ff	-	+
pregnant_person	1fac4	people	-
pregnant_person_tone1	1fac4-1f3fb	-	-
pregnant_person_light_skin_tone	1fac4-1f3fb	-	-
pregnant_person_tone2	1fac4-1f3fc	-	-
pregnant_person_medium_light_skin_tone	1fac4-1f3fc	-	-
pregnant_person_tone3	1fac4-1f3fd	-	-
pregnant_person_medium_skin_tone	1fac4-1f3fd	-	-
pregnant_person_tone4	1fac4-1f3fe	-	-
pregnant_person_medium_dark_skin_tone	1fac4-1f3fe	-	-
pregnant_person_tone5	1fac4-1f3ff	-	-
pregnant_person_dark_skin_tone	1fac4-1f3ff	-	-
pregnant_woman	1f930	people	+
expecting_woman	1f930	-	+
pregnant_woman_tone1	1f930-1f3fb	-	+
expecting_woman_tone1	1f930-1f3fb	-	+
pregnant_woman_tone2	1f930-1f3fc	-	+
expecting_woman_tone2	1f930-1f3fc	-	+
pregnant_woman_tone3	1f930-1f3fd	-	+
expecting_woman_tone3	1f930-1f3fd	-	+
pregnant_woman_tone4	1f930-1f3fe	-	+
expecting_woman_tone4	1f930-1f3fe	-	+
pregnant_woman_tone5	1f930-1f3ff	-	+
expecting_woman_tone5	1f930-1f3ff	-	+
pregnant_man	1fac3	people	-
pregnant_man_tone1	1fac3-1f3fb	-	-
pregnant_man_light_skin_tone	1fac3-1f3fb	-	-
pregnant_man_tone2	1fac3-1f3fc	-	-
pregnant_man_medium_light_skin_tone	1fac3-1f3fc	-	-
pregnant_man_tone3	1fac3-1f3fd	-	-
pregnant_man_medium_skin_tone	1fac3-1f3fd	-	-
pregnant_man_tone4	1fac3-1f3fe	-	-
pregnant_man_medium_dark_skin_tone	1fac3-1f3fe	-	-
pregnant_man_tone5	1fac3-1f3ff	-	-
pregnant_man_dark_skin_tone	1fac3-1f3ff	-	-
breast_feeding	1f931	people	+
breast_feeding_tone1	1f931-1f3fb	-	+
breast_feeding_light_skin_tone	1f931-1f3fb	-	+
breast_feeding_tone2	1f931-1f3fc	-	+
breast_feeding_medium_light_skin_tone	1f931-1f3fc	-	+
breast_feeding_tone3	1f931-1f3fd	-	+
breast_feeding_medium_skin_tone	1f931-1f3fd	-	+
breast_feeding_tone4	1f931-1f3fe	-	+
breast_feeding_medium_dark_skin_tone	1f931-1f3fe	-	+
breast_feeding_tone5	1f931-1f3ff	-	+
breast_feeding_dark_skin_tone	1f931-1f3ff	-	+
person_feeding_baby	1f9d1-200d-1f37c	people	-
person_feeding_baby_tone1	1f9d1-1f3fb-200d-1f37c	-	-
person_feeding_baby_light_skin_tone	1f9d1-1f3fb-200d-1f37c	-	-
person_feeding_baby_tone2	1f9d1-1f3fc-200d-1f37c	-	-
person_feeding_baby_medium_light_skin_tone	1f9d1-1f3fc-200d-1f37c	-	-
person_feeding_baby_tone3	1f9d1-1f3fd-200d-1f37c	-	-
person_feeding_baby_medium_skin_tone	1f9d1-1f3fd-200d-1f37c	-	-
person_feeding_baby_tone4	1f9d1-1f3fe-200d-1f37c	-	-
person_feeding_baby_medium_dark_skin_tone	1f9d1-1f3fe-200d-1f37c	-	-
person_feeding_baby_tone5	1f9d1-1f3ff-200d-1f37c	-	-
person_feeding_baby_dark_skin_tone	1f9d1-1f3ff-200d-1f37c	-	-
woman_feeding_baby	1f469-200d-1f37c	people	-
woman_feeding_baby_tone1	1f469-1f3fb-200d-1f37c	-	-
woman_feeding_baby_light_skin_tone	1f469-1f3fb-200d-1f37c	-	-
woman_feeding_baby_tone2	1f469-1f3fc-200d-1f37c	-	-
woman_feeding_baby_medium_light_skin_tone	1f469-1f3fc-200d-1f37c	-	-
woman_feeding_baby_tone3	1f469-1f3fd-200d-1f37c	-	-
woman_feeding_baby_medium_skin_tone	1f469-1f3fd-200d-1f37c	-	-
woman_feeding_baby_tone4	1f469-1f3fe-200d-1f37c	-	-
woman_feeding_baby_medium_dark_skin_tone	1f469-1f3fe-200d-1f37c	-	-
woman_feeding_baby_tone5	1f469-1f3ff-200d-1f37c	-	-
woman_feeding_baby_dark_skin_tone	1f469-1f3ff-200d-1f37c	-	-
man_feeding_baby	1f468-200d-1f37c	people	-
man_feeding_baby_tone1	1f468-1f3fb-200d-1f37c	-	-
man_feeding_baby_light_skin_tone	1f468-1f3fb-200d-1f37c	-	-
man_feeding_baby_tone2	1f468-1f3fc-200d-1f37c	-	-
man_feeding_baby_medium_light_skin_tone	1f468-1f3fc-200d-1f37c	-	-
man_feeding_baby_tone3	1f468-1f3fd-200d-1f37c	-	-
man_feeding_baby_medium_skin_tone	1f468-1f3fd-200d-1f37c	-	-
man_feeding_baby_tone4	1f468-1f3fe-200d-1f37c	-	-
man_feeding_baby_medium_dark_skin_tone	1f468-1f3fe-200d-1f37c	-	-
man_feeding_baby_tone5	1f468-1f3ff-200d-1f37c	-	-
man_feeding_baby_dark_skin_tone	1f468-1f3ff-200d-1f37c	-	-
person_bowing	1f647	people	+
bow	1f647	-	+
person_bowing_tone1	1f647-1f3fb	-	+
bow_tone1	1f647-1f3fb	-	+
person_bowing_tone2	1f647-1f3fc	-	+
bow_tone2	1f647-1f3fc	-	+
person_bowing_tone3	1f647-1f3fd	-	+
bow_tone3	1f647-1f3fd	-	+
person_bowing_tone4	1f647-1f3fe	-	+
bow_tone4	1f647-1f3fe	-	+
person_bowing_tone5	1f647-1f3ff	-	+
bow_tone5	1f647-1f3ff	-	+
woman_bowing	1f647-200d-2640-fe0f	people	+
woman_bowing_tone1	1f647-1f3fb-200d-2640-fe0f	-	+
woman_bowing_light_skin_tone	1f647-1f3fb-200d-2640-fe0f	-	+
woman_bowing_tone2	1f647-1f3fc-200d-2640-fe0f	-	+
woman_bowing_medium_light_skin_tone	1f647-1f3fc-200d-2640-fe0f	-	+
woman_bowing_tone3	1f647-1f3fd-200d-2640-fe0f	-	+
woman_bowing_medium_skin_tone	1f647-1f3fd-200d-2640-fe0f	-	+
woman_bowing_tone4	1f647-1f3fe-200d-2640-fe0f	-	+
woman_bowing_medium_dark_skin_tone	1f647-1f3fe-200d-2640-fe0f	-	+
woman_bowing_tone5	1f647-1f3ff-200d-2640-fe0f	-	+
woman_bowing_dark_skin_tone	1f647-1f3ff-200d-2640-fe0f	-	+
man_bowing	1f647-200d-2642-fe0f	people	+
man_bowing_tone1	1f647-1f3fb-200d-2642-fe0f	-	+
man_bowing_light_skin_tone	1f647-1f3fb-200d-2642-fe0f	-	+
man_bowing_tone2	1f647-1f3fc-200d-2642-fe0f	-	+
man_bowing_medium_light_skin_tone	1f647-1f3fc-200d-2642-fe0f	-	+
man_bowing_tone3	1f647-1f3fd-200d-2642-fe0f	-	+
man_bowing_medium_skin_tone	1f647-1f3fd-200d-2642-fe0f	-	+
man_bowing_tone4	1f647-1f3fe-200d-2642-fe0f	-	+
man_bowing_medium_dark_skin_tone	1f647-1f3fe-200d-2642-fe0f	-	+
man_bowing_tone5	1f647-1f3ff-200d-2642-fe0f	-	+
man_bowing_dark_skin_tone	1f647-1f3ff-200d-2642-fe0f	-	+
person_tipping_hand	1f481	people	+
information_desk_person	1f481	-	+
person_tipping_hand_tone1	1f481-1f3fb	-	+
information_desk_person_tone1	1f481-1f3fb	-	+
person_tipping_hand_tone2	1f481-1f3fc	-	+
information_desk_person_tone2	1f481-1f3fc	-	+
person_tipping_hand_tone3	1f481-1f3fd	-	+
information_desk_person_tone3	1f481-1f3fd	-	+
person_tipping_hand_tone4	1f481-1f3fe	-	+
information_desk_person_tone4	1f481-1f3fe	-	+
person_tipping_hand_tone5	1f481-1f3ff	-	+
information_desk_person_tone5	1f481-1f3ff	-	+
woman_tipping_hand	1f481-200d-2640-fe0f	people	+
woman_tipping_hand_tone1	1f481-1f3fb-200d-2640-fe0f	-	+
woman_tipping_hand_light_skin_tone	1f481-1f3fb-200d-2640-fe0f	-	+
woman_tipping_hand_tone2	1f481-1f3fc-200d-2640-fe0f	-	+
woman_tipping_hand_medium_light_skin_tone	1f481-1f3fc-200d-2640-fe0f	-	+
woman_tipping_hand_tone3	1f481-1f3fd-200d-2640-fe0f	-	+
woman_tipping_hand_medium_skin_tone	1f481-1f3fd-200d-2640-fe0f	-	+
woman_tipping_hand_tone4	1f481-1f3fe-200d-2640-fe0f	-	+
woman_tipping_hand_medium_dark_skin_tone	1f481-1f3fe-200d-2640-fe0f	-	+
woman_tipping_hand_tone5	1f481-1f3ff-200d-2640-fe0f	-	+
woman_tipping_hand_dark_skin_tone	1f481-1f3ff-200d-2640-fe0f	-	+
man_tipping_hand	1f481-200d-2642-fe0f	people	+
man_tipping_hand_tone1	1f481-1f3fb-200d-2642-fe0f	-	+
man_tipping_hand_light_skin_tone	1f481-1f3fb-200d-2642-fe0f	-	+
man_tipping_hand_tone2	1f481-1f3fc-200d-2642-fe0f	-	+
man_tipping_hand_medium_light_skin_tone	1f481-1f3fc-200d-2642-fe0f	-	+
man_tipping_hand_tone3	1f481-1f3fd-200d-2642-fe0f	-	+
man_tipping_hand_medium_skin_tone	1f481-1f3fd-200d-2642-fe0f	-	+
man_tipping_hand_tone4	1f481-1f3fe-200d-2642-fe0f	-	+
man_tipping_hand_medium_dark_skin_tone	1f481-1f3fe-200d-2642-fe0f	-	+
man_tipping_hand_tone5	1f481-1f3ff-200d-2642-fe0f	-	+
man_tipping_hand_dark_skin_tone	1f481-1f3ff-200d-2642-fe0f	-	+
person_gesturing_no	1f645	people	+
no_good	1f645	-	+
person_gesturing_no_tone1	1f645-1f3fb	-	+
no_good_tone1	1f645-1f3fb	-	+
person_gesturing_no_tone2	1f645-1f3fc	-	+
no_good_tone2	1f645-1f3fc	-	+
person_gesturing_no_tone3	1f645-1f3fd	-	+
no_good_tone3	1f645-1f3fd	-	+
person_gesturing_no_tone4	1f645-1f3fe	-	+
no_good_tone4	1f645-1f3fe	-	+
person_gesturing_no_tone5	1f645-1f3ff	-	+
no_good_tone5	1f645-1f3ff	-	+
woman_gesturing_no	1f645-200d-2640-fe0f	people	+
woman_gesturing_no_tone1	1f645-1f3fb-200d-2640-fe0f	-	+
woman_gesturing_no_light_skin_tone	1f645-1f3fb-200d-2640-fe0f	-	+
woman_gesturing_no_tone2	1f645-1f3fc-200d-2640-fe0f	-	+
woman_gesturing_no_medium_light_skin_tone	1f645-1f3fc-200d-2640-fe0f	-	+
woman_gesturing_no_tone3	1f645-1f3fd-200d-2640-fe0f	-	+
woman_gesturing_no_medium_skin_tone	1f645-1f3fd-200d-2640-fe0f	-	+
woman_gesturing_no_tone4	1f645-1f3fe-200d-2640-fe0f	-	+
woman_gesturing_no_medium_dark_skin_tone	1f645-1f3fe-200d-2640-fe0f	-	+
woman_gesturing_no_tone5	1f645-1f3ff-200d-2640-fe0f	-	+
woman_gesturing_no_dark_skin_tone	1f645-1f3ff-200d-2640-fe0f	-	+
man_gesturing_no	1f645-200d-2642-fe0f	people	+
man_gesturing_no_tone1	1f645-1f3fb-200d-2642-fe0f	-	+
man_gesturing_no_light_skin_tone	1f645-1f3fb-200d-2642-fe0f	-	+
man_gesturing_no_tone2	1f645-1f3fc-200d-2642-fe0f	-	+
man_gesturing_no_medium_light_skin_tone	1f645-1f3fc-200d-2642-fe0f	-	+
man_gesturing_no_tone3	1f645-1f3fd-200d-2642-fe0f	-	+
man_gesturing_no_medium_skin_tone	1f645-1f3fd-200d-2642-fe0f	-	+
man_gesturing_no_tone4	1f645-1f3fe-200d-2642-fe0f	-	+
man_gesturing_no_medium_dark_skin_tone	1f645-1f3fe-200d-2642-fe0f	-	+
man_gesturing_no_tone5	1f645-1f3ff-200d-2642-fe0f	-	+
man_gesturing_no_dark_skin_tone	1f645-1f3ff-200d-2642-fe0f	-	+
person_gesturing_ok	1f646	people	+
ok_woman	1f646	-	+
person_gesturing_ok_tone1	1f646-1f3fb	-	+
ok_woman_tone1	1f646-1f3fb	-	+
person_gesturing_ok_tone2	1f646-1f3fc	-	+
ok_woman_tone2	1f646-1f3fc	-	+
person_gesturing_ok_tone3	1f646-1f3fd	-	+
ok_woman_tone3	1f646-1f3fd	-	+
person_gesturing_ok_tone4	1f646-1f3fe	-	+
ok_woman_tone4	1f646-1f3fe	-	+
person_gesturing_ok_tone5	1f646-1f3ff	-	+
ok_woman_tone5	1f646-1f3ff	-	+
woman_gesturing_ok	1f646-200d-2640-fe0f	people	+
woman_gesturing_ok_tone1	1f646-1f3fb-200d-2640-fe0f	-	+
woman_gesturing_ok_light_skin_tone	1f646-1f3fb-200d-2640-fe0f	-	+
woman_gesturing_ok_tone2	1f646-1f3fc-200d-2640-fe0f	-	+
woman_gesturing_ok_medium_light_skin_tone	1f646-1f3fc-200d-2640-fe0f	-	+
woman_gesturing_ok_tone3	1f646-1f3fd-200d-2640-fe0f	-	+
woman_gesturing_ok_medium_skin_tone	1f646-1f3fd-200d-2640-fe0f	-	+
woman_gesturing_ok_tone4	1f646-1f3fe-200d-2640-fe0f	-	+
woman_gesturing_ok_medium_dark_skin_tone	1f646-1f3fe-200d-2640-fe0f	-	+
woman_gesturing_ok_tone5	1f646-1f3ff-200d-2640-fe0f	-	+
woman_gesturing_ok_dark_skin_tone	1f646-1f3ff-200d-2640-fe0f	-	+
man_gesturing_ok	1f646-200d-2642-fe0f	people	+
man_gesturing_ok_tone1	1f646-1f3fb-200d-2642-fe0f	-	+
man_gesturing_ok_light_skin_tone	1f646-1f3fb-200d-2642-fe0f	-	+
man_gesturing_ok_tone2	1f646-1f3fc-200d-2642-fe0f	-	+
man_gesturing_ok_medium_light_skin_tone	1f646-1f3fc-200d-2642-fe0f	-	+
man_gesturing_ok_tone3	1f646-1f3fd-200d-2642-fe0f	-	+
man_gesturing_ok_medium_skin_tone	1f646-1f3fd-200d-2642-fe0f	-	+
man_gesturing_ok_tone4	1f646-1f3fe-200d-2642-fe0f	-	+
man_gesturing_ok_medium_dark_skin_tone	1f646-1f3fe-200d-2642-fe0f	-	+
man_gesturing_ok_tone5	1f646-1f3ff-200d-2642-fe0f	-	+
man_gesturing_ok_dark_skin_tone	1f646-1f3ff-200d-2642-fe0f	-	+
person_raising_hand	1f64b	people	+
raising_hand	1f64b	-	+
person_raising_hand_tone1	1f64b-1f3fb	-	+
raising_hand_tone1	1f64b-1f3fb	-	+
person_raising_hand_tone2	1f64b-1f3fc	-	+
raising_hand_tone2	1f64b-1f3fc	-	+
person_raising_hand_tone3	1f64b-1f3fd	-	+
raising_hand_tone3	1f64b-1f3fd	-	+
person_raising_hand_tone4	1f64b-1f3fe	-	+
raising_hand_tone4	1f64b-1f3fe	-	+
person_raising_hand_tone5	1f64b-1f3ff	-	+
raising_hand_tone5	1f64b-1f3ff	-	+
woman_raising_hand	1f64b-200d-2640-fe0f	people	+
woman_raising_hand_tone1	1f64b-1f3fb-200d-2640-fe0f	-	+
woman_raising_hand_light_skin_tone	1f64b-1f3fb-200d-2640-fe0f	-	+
woman_raising_hand_tone2	1f64b-1f3fc-200d-2640-fe0f	-	+
woman_raising_hand_medium_light_skin_tone	1f64b-1f3fc-200d-2640-fe0f	-	+
woman_raising_hand_tone3	1f64b-1f3fd-200d-2640-fe0f	-	+
woman_raising_hand_medium_skin_tone	1f64b-1f3fd-200d-2640-fe0f	-	+
woman_raising_hand_tone4	1f64b-1f3fe-200d-2640-fe0f	-	+
woman_raising_hand_medium_dark_skin_tone	1f64b-1f3fe-200d-2640-fe0f	-	+
woman_raising_hand_tone5	1f64b-1f3ff-200d-2640-fe0f	-	+
woman_raising_hand_dark_skin_tone	1f64b-1f3ff-200d-2640-fe0f	-	+
man_raising_hand	1f64b-200d-2642-fe0f	people	+
man_raising_hand_tone1	1f64b-1f3fb-200d-2642-fe0f	-	+
man_raising_hand_light_skin_tone	1f64b-1f3fb-200d-2642-fe0f	-	+
man_raising_hand_tone2	1f64b-1f3fc-200d-2642-fe0f	-	+
man_raising_hand_medium_light_skin_tone	1f64b-1f3fc-200d-2642-fe0f	-	+
man_raising_hand_tone3	1f64b-1f3fd-200d-2642-fe0f	-	+
man_raising_hand_medium_skin_tone	1f64b-1f3fd-200d-2642-fe0f	-	+
man_raising_hand_tone4	1f64b-1f3fe-200d-2642-fe0f	-	+
man_raising_hand_medium_dark_skin_tone	1f64b-1f3fe-200d-2642-fe0f	-	+
man_raising_hand_tone5	1f64b-1f3ff-200d-2642-fe0f	-	+
man_raising_hand_dark_skin_tone	1f64b-1f3ff-200d-2642-fe0f	-	+
deaf_person	1f9cf	people	-
deaf_person_tone1	1f9cf-1f3fb	-	-
deaf_person_light_skin_tone	1f9cf-1f3fb	-	-
deaf_person_tone2	1f9cf-1f3fc	-	-
deaf_person_medium_light_skin_tone	1f9cf-1f3fc	-	-
deaf_person_tone3	1f9cf-1f3fd	-	-
deaf_person_medium_skin_tone	1f9cf-1f3fd	-	-
deaf_person_tone4	1f9cf-1f3fe	-	-
deaf_person_medium_dark_skin_tone	1f9cf-1f3fe	-	-
deaf_person_tone5	1f9cf-1f3ff	-	-
deaf_person_dark_skin_tone	1f9cf-1f3ff	-	-
deaf_woman	1f9cf-200d-2640-fe0f	people	-
deaf_woman_tone1	1f9cf-1f3fb-200d-2640-fe0f	-	-
deaf_woman_light_skin_tone	1f9cf-1f3fb-200d-2640-fe0f	-	-
deaf_woman_tone2	1f9cf-1f3fc-200d-2640-fe0f	-	-
deaf_woman_medium_light_skin_tone	1f9cf-1f3fc-200d-2640-fe0f	-	-
deaf_woman_tone3	1f9cf-1f3fd-200d-2640-fe0f	-	-
deaf_woman_medium_skin_tone	1f9cf-1f3fd-200d-2640-fe0f	-	-
deaf_woman_tone4	1f9cf-1f3fe-200d-2640-fe0f	-	-
deaf_woman_medium_dark_skin_tone	1f9cf-1f3fe-200d-2640-fe0f	-	-
deaf_woman_tone5	1f9cf-1f3ff-200d-2640-fe0f	-	-
deaf_woman_dark_skin_tone	1f9cf-1f3ff-200d-2640-fe0f	-	-
deaf_man	1f9cf-200d-2642-fe0f	people	-
deaf_man_tone1	1f9cf-1f3fb-200d-2642-fe0f	-	-
deaf_man_light_skin_tone	1f9cf-1f3fb-200d-2642-fe0f	-	-
deaf_man_tone2	1f9cf-1f3fc-200d-2642-fe0f	-	-
deaf_man_medium_light_skin_tone	1f9cf-1f3fc-200d-2642-fe0f	-	-
deaf_man_tone3	1f9cf-1f3fd-200d-2642-fe0f	-	-
deaf_man_medium_skin_tone	1f9cf-1f3fd-200d-2642-fe0f	-	-
deaf_man_tone4	1f9cf-1f3fe-200d-2642-fe0f	-	-
deaf_man_medium_dark_skin_tone	1f9cf-1f3fe-200d-2642-fe0f	-	-
deaf_man_tone5	1f9cf-1f3ff-200d-2642-fe0f	-	-
deaf_man_dark_skin_tone	1f9cf-1f3ff-200d-2642-fe0f	-	-
person_facepalming	1f926	people	+
face_palm	1f926	-	+
facepalm	1f926	-	+
person_facepalming_tone1	1f926-1f3fb	-	+
face_palm_tone1	1f926-1f3fb	-	+
facepalm_tone1	1f926-1f3fb	-	+
person_facepalming_tone2	1f926-1f3fc	-	+
face_palm_tone2	1f926-1f3fc	-	+
facepalm_tone2	1f926-1f3fc	-	+
person_facepalming_tone3	1f926-1f3fd	-	+
face_palm_tone3	1f926-1f3fd	-	+
facepalm_tone3	1f926-1f3fd	-	+
person_facepalming_tone4	1f926-1f3fe	-	+
face_palm_tone4	1f926-1f3fe	-	+
facepalm_tone4	1f926-1f3fe	-	+
person_facepalming_tone5	1f926-1f3ff	-	+
face_palm_tone5	1f926-1f3ff	-	+
facepalm_tone5	1f926-1f3ff	-	+
woman_facepalming	1f926-200d-2640-fe0f	people	+
woman_facepalming_tone1	1f926-1f3fb-200d-2640-fe0f	-	+
woman_facepalming_light_skin_tone	1f926-1f3fb-200d-2640-fe0f	-	+
woman_facepalming_tone2	1f926-1f3fc-200d-2640-fe0f	-	+
woman_facepalming_medium_light_skin_tone	1f926-1f3fc-200d-2640-fe0f	-	+
woman_facepalming_tone3	1f926-1f3fd-200d-2640-fe0f	-	+
woman_facepalming_medium_skin_tone	1f926-1f3fd-200d-2640-fe0f	-	+
woman_facepalming_tone4	1f926-1f3fe-200d-2640-fe0f	-	+
woman_facepalming_medium_dark_skin_tone	1f926-1f3fe-200d-2640-fe0f	-	+
woman_facepalming_tone5	1f926-1f3ff-200d-2640-fe0f	-	+
woman_facepalming_dark_skin_tone	1f926-1f3ff-200d-2640-fe0f	-	+
man_facepalming	1f926-200d-2642-fe0f	people	+
man_facepalming_tone1	1f926-1f3fb-200d-2642-fe0f	-	+
man_facepalming_light_skin_tone	1f926-1f3fb-200d-2642-fe0f	-	+
man_facepalming_tone2	1f926-1f3fc-200d-2642-fe0f	-	+
man_facepalming_medium_light_skin_tone	1f926-1f3fc-200d-2642-fe0f	-	+
man_facepalming_tone3	1f926-1f3fd-200d-2642-fe0f	-	+
man_facepalming_medium_skin_tone	1f926-1f3fd-200d-2642-fe0f	-	+
man_facepalming_tone4	1f926-1f3fe-200d-2642-fe0f	-	+
man_facepalming_medium_dark_skin_tone	1f926-1f3fe-200d-2642-fe0f	-	+
man_facepalming_tone5	1f926-1f3ff-200d-2642-fe0f	-	+
man_facepalming_dark_skin_tone	1f926-1f3ff-200d-2642-fe0f	-	+
person_shrugging	1f937	people	+
shrug	1f937	-	+
person_shrugging_tone1	1f937-1f3fb	-	+
shrug_tone1	1f937-1f3fb	-	+
person_shrugging_tone2	1f937-1f3fc	-	+
shrug_tone2	1f937-1f3fc	-	+
person_shrugging_tone3	1f937-1f3fd	-	+
shrug_tone3	1f937-1f3fd	-	+
person_shrugging_tone4	1f937-1f3fe	-	+
shrug_tone4	1f937-1f3fe	-	+
person_shrugging_tone5	1f937-1f3ff	-	+
shrug_tone5	1f937-1f3ff	-	+
woman_shrugging	1f937-200d-2640-fe0f	people	+
woman_shrugging_tone1	1f937-1f3fb-200d-2640-fe0f	-	+
woman_shrugging_light_skin_tone	1f937-1f3fb-200d-2640-fe0f	-	+
woman_shrugging_tone2	1f937-1f3fc-200d-2640-fe0f	-	+
woman_shrugging_medium_light_skin_tone	1f937-1f3fc-200d-2640-fe0f	-	+
woman_shrugging_tone3	1f937-1f3fd-200d-2640-fe0f	-	+
woman_shrugging_medium_skin_tone	1f937-1f3fd-200d-2640-fe0f	-	+
woman_shrugging_tone4	1f937-1f3fe-200d-2640-fe0f	-	+
woman_shrugging_medium_dark_skin_tone	1f937-1f3fe-200d-2640-fe0f	-	+
woman_shrugging_tone5	1f937-1f3ff-200d-2640-fe0f	-	+
woman_shrugging_dark_skin_tone	1f937-1f3ff-200d-2640-fe0f	-	+
man_shrugging	1f937-200d-2642-fe0f	people	+
man_shrugging_tone1	1f937-1f3fb-200d-2642-fe0f	-	+
man_shrugging_light_skin_tone	1f937-1f3fb-200d-2642-fe0f	-	+
man_shrugging_tone2	1f937-1f3fc-200d-2642-fe0f	-	+
man_shrugging_medium_light_skin_tone	1f937-1f3fc-200d-2642-fe0f	-	+
man_shrugging_tone3	1f937-1f3fd-200d-2642-fe0f	-	+
man_shrugging_medium_skin_tone	1f937-1f3fd-200d-2642-fe0f	-	+
man_shrugging_tone4	1f937-1f3fe-200d-2642-fe0f	-	+
man_shrugging_medium_dark_skin_tone	1f937-1f3fe-200d-2642-fe0f	-	+
man_shrugging_tone5	1f937-1f3ff-200d-2642-fe0f	-	+
man_shrugging_dark_skin_tone	1f937-1f3ff-200d-2642-fe0f	-	+
person_pouting	1f64e	people	+
person_with_pouting_face	1f64e	-	+
person_pouting_tone1	1f64e-1f3fb	-	+
person_with_pouting_face_tone1	1f64e-1f3fb	-	+
person_pouting_tone2	1f64e-1f3fc	-	+
person_with_pouting_face_tone2	1f64e-1f3fc	-	+
person_pouting_tone3	1f64e-1f3fd	-	+
person_with_pouting_face_tone3	1f64e-1f3fd	-	+
person_pouting_tone4	1f64e-1f3fe	-	+
person_with_pouting_face_tone4	1f64e-1f3fe	-	+
person_pouting_tone5	1f64e-1f3ff	-	+
person_with_pouting_face_tone5	1f64e-1f3ff	-	+
woman_pouting	1f64e-200d-2640-fe0f	people	+
woman_pouting_tone1	1f64e-1f3fb-200d-2640-fe0f	-	+
woman_pouting_light_skin_tone	1f64e-1f3fb-200d-2640-fe0f	-	+
woman_pouting_tone2	1f64e-1f3fc-200d-2640-fe0f	-	+
woman_pouting_medium_light_skin_tone	1f64e-1f3fc-200d-2640-fe0f	-	+
woman_pouting_tone3	1f64e-1f3fd-200d-2640-fe0f	-	+
woman_pouting_medium_skin_tone	1f64e-1f3fd-200d-2640-fe0f	-	+
woman_pouting_tone4	1f64e-1f3fe-200d-2640-fe0f	-	+
woman_pouting_medium_dark_skin_tone	1f64e-1f3fe-200d-2640-fe0f	-	+
woman_pouting_tone5	1f64e-1f3ff-200d-2640-fe0f	-	+
woman_pouting_dark_skin_tone	1f64e-1f3ff-200d-2640-fe0f	-	+
man_pouting	1f64e-200d-2642-fe0f	people	+
man_pouting_tone1	1f64e-1f3fb-200d-2642-fe0f	-	+
man_pouting_light_skin_tone	1f64e-1f3fb-200d-2642-fe0f	-	+
man_pouting_tone2	1f64e-1f3fc-200d-2642-fe0f	-	+
man_pouting_medium_light_skin_tone	1f64e-1f3fc-200d-2642-fe0f	-	+
man_pouting_tone3	1f64e-1f3fd-200d-2642-fe0f	-	+
man_pouting_medium_skin_tone	1f64e-1f3fd-200d-2642-fe0f	-	+
man_pouting_tone4	1f64e-1f3fe-200d-2642-fe0f	-	+
man_pouting_medium_dark_skin_tone	1f64e-1f3fe-200d-2642-fe0f	-	+
man_pouting_tone5	1f64e-1f3ff-200d-2642-fe0f	-	+
man_pouting_dark_skin_tone	1f64e-1f3ff-200d-2642-fe0f	-	+
person_frowning	1f64d	people	+
person_frowning_tone1	1f64d-1f3fb	-	+
person_frowning_tone2	1f64d-1f3fc	-	+
person_frowning_tone3	1f64d-1f3fd	-	+
person_frowning_tone4	1f64d-1f3fe	-	+
person_frowning_tone5	1f64d-1f3ff	-	+
woman_frowning	1f64d-200d-2640-fe0f	people	+
woman_frowning_tone1	1f64d-1f3fb-200d-2640-fe0f	-	+
woman_frowning_light_skin_tone	1f64d-1f3fb-200d-2640-fe0f	-	+
woman_frowning_tone2	1f64d-1f3fc-200d-2640-fe0f	-	+
woman_frowning_medium_light_skin_tone	1f64d-1f3fc-200d-2640-fe0f	-	+
woman_frowning_tone3	1f64d-1f3fd-200d-2640-fe0f	-	+
woman_frowning_medium_skin_tone	1f64d-1f3fd-200d-2640-fe0f	-	+
woman_frowning_tone4	1f64d-1f3fe-200d-2640-fe0f	-	+
woman_frowning_medium_dark_skin_tone	1f64d-1f3fe-200d-2640-fe0f	-	+
woman_frowning_tone5	1f64d-1f3ff-200d-2640-fe0f	-	+
woman_frowning_dark_skin_tone	1f64d-1f3ff-200d-2640-fe0f	-	+
man_frowning	1f64d-200d-2642-fe0f	people	+
man_frowning_tone1	1f64d-1f3fb-200d-2642-fe0f	-	+
man_frowning_light_skin_tone	1f64d-1f3fb-200d-2642-fe0f	-	+
man_frowning_tone2	1f64d-1f3fc-200d-2642-fe0f	-	+
man_frowning_medium_light_skin_tone	1f64d-1f3fc-200d-2642-fe0f	-	+
man_frowning_tone3	1f64d-1f3fd-200d-2642-fe0f	-	+
man_frowning_medium_skin_tone	1f64d-1f3fd-200d-2642-fe0f	-	+
man_frowning_tone4	1f64d-1f3fe-200d-2642-fe0f	-	+
man_frowning_medium_dark_skin_tone	1f64d-1f3fe-200d-2642-fe0f	-	+
man_frowning_tone5	1f64d-1f3ff-200d-2642-fe0f	-	+
man_frowning_dark_skin_tone	1f64d-1f3ff-200d-2642-fe0f	-	+
person_getting_haircut	1f487	people	+
haircut	1f487	-	+
person_getting_haircut_tone1	1f487-1f3fb	-	+
haircut_tone1	1f487-1f3fb	-	+
person_getting_haircut_tone2	1f487-1f3fc	-	+
haircut_tone2	1f487-1f3fc	-	+
person_getting_haircut_tone3	1f487-1f3fd	-	+
haircut_tone3	1f487-1f3fd	-	+
person_getting_haircut_tone4	1f487-1f3fe	-	+
haircut_tone4	1f487-1f3fe	-	+
person_getting_haircut_tone5	1f487-1f3ff	-	+
haircut_tone5	1f487-1f3ff	-	+
woman_getting_haircut	1f487-200d-2640-fe0f	people	+
woman_getting_haircut_tone1	1f487-1f3fb-200d-2640-fe0f	-	+
woman_getting_haircut_light_skin_tone	1f487-1f3fb-200d-2640-fe0f	-	+
woman_getting_haircut_tone2	1f487-1f3fc-200d-2640-fe0f	-	+
woman_getting_haircut_medium_light_skin_tone	1f487-1f3fc-200d-2640-fe0f	-	+
woman_getting_haircut_tone3	1f487-1f3fd-200d-2640-fe0f	-	+
woman_getting_haircut_medium_skin_tone	1f487-1f3fd-200d-2640-fe0f	-	+
woman_getting_haircut_tone4	1f487-1f3fe-200d-2640-fe0f	-	+
woman_getting_haircut_medium_dark_skin_tone	1f487-1f3fe-200d-2640-fe0f	-	+
woman_getting_haircut_tone5	1f487-1f3ff-200d-2640-fe0f	-	+
woman_getting_haircut_dark_skin_tone	1f487-1f3ff-200d-2640-fe0f	-	+
man_getting_haircut	1f487-200d-2642-fe0f	people	+
man_getting_haircut_tone1	1f487-1f3fb-200d-2642-fe0f	-	+
man_getting_haircut_light_skin_tone	1f487-1f3fb-200d-2642-fe0f	-	+
man_getting_haircut_tone2	1f487-1f3fc-200d-2642-fe0f	-	+
man_getting_haircut_medium_light_skin_tone	1f487-1f3fc-200d-2642-fe0f	-	+
man_getting_haircut_tone3	1f487-1f3fd-200d-2642-fe0f	-	+
man_getting_haircut_medium_skin_tone	1f487-1f3fd-200d-2642-fe0f	-	+
man_getting_haircut_tone4	1f487-1f3fe-200d-2642-fe0f	-	+
man_getting_haircut_medium_dark_skin_tone	1f487-1f3fe-200d-2642-fe0f	-	+
man_getting_haircut_tone5	1f487-1f3ff-200d-2642-fe0f	-	+
man_getting_haircut_dark_skin_tone	1f487-1f3ff-200d-2642-fe0f	-	+
person_getting_massage	1f486	people	+
massage	1f486	-	+
person_getting_massage_tone1	1f486-1f3fb	-	+
massage_tone1	1f486-1f3fb	-	+
person_getting_massage_tone2	1f486-1f3fc	-	+
massage_tone2	1f486-1f3fc	-	+
person_getting_massage_tone3	1f486-1f3fd	-	+
massage_tone3	1f486-1f3fd	-	+
person_getting_massage_tone4	1f486-1f3fe	-	+
massage_tone4	1f486-1f3fe	-	+
person_getting_massage_tone5	1f486-1f3ff	-	+
massage_tone5	1f486-1f3ff	-	+
woman_getting_face_massage	1f486-200d-2640-fe0f	people	+
woman_getting_face_massage_tone1	1f486-1f3fb-200d-2640-fe0f	-	+
woman_getting_face_massage_light_skin_tone	1f486-1f3fb-200d-2640-fe0f	-	+
woman_getting_face_massage_tone2	1f486-1f3fc-200d-2640-fe0f	-	+
woman_getting_face_massage_medium_light_skin_tone	1f486-1f3fc-200d-2640-fe0f	-	+
woman_getting_face_massage_tone3	1f486-1f3fd-200d-2640-fe0f	-	+
woman_getting_face_massage_medium_skin_tone	1f486-1f3fd-200d-2640-fe0f	-	+
woman_getting_face_massage_tone4	1f486-1f3fe-200d-2640-fe0f	-	+
woman_getting_face_massage_medium_dark_skin_tone	1f486-1f3fe-200d-2640-fe0f	-	+
woman_getting_face_massage_tone5	1f486-1f3ff-200d-2640-fe0f	-	+
woman_getting_face_massage_dark_skin_tone	1f486-1f3ff-200d-2640-fe0f	-	+
man_getting_face_massage	1f486-200d-2642-fe0f	people	+
man_getting_face_massage_tone1	1f486-1f3fb-200d-2642-fe0f	-	+
man_getting_face_massage_light_skin_tone	1f486-1f3fb-200d-2642-fe0f	-	+
man_getting_face_massage_tone2	1f486-1f3fc-200d-2642-fe0f	-	+
man_getting_face_massage_medium_light_skin_tone	1f486-1f3fc-200d-2642-fe0f	-	+
man_getting_face_massage_tone3	1f486-1f3fd-200d-2642-fe0f	-	+
man_getting_face_massage_medium_skin_tone	1f486-1f3fd-200d-2642-fe0f	-	+
man_getting_face_massage_tone4	1f486-1f3fe-200d-2642-fe0f	-	+
man_getting_face_massage_medium_dark_skin_tone	1f486-1f3fe-200d-2642-fe0f	-	+
man_getting_face_massage_tone5	1f486-1f3ff-200d-2642-fe0f	-	+
man_getting_face_massage_dark_skin_tone	1f486-1f3ff-200d-2642-fe0f	-	+
person_in_steamy_room	1f9d6	people	+
person_in_steamy_room_tone1	1f9d6-1f3fb	-	+
person_in_steamy_room_light_skin_tone	1f9d6-1f3fb	-	+
person_in_steamy_room_tone2	1f9d6-1f3fc	-	+
person_in_steamy_room_medium_light_skin_tone	1f9d6-1f3fc	-	+
person_in_steamy_room_tone3	1f9d6-1f3fd	-	+
person_in_steamy_room_medium_skin_tone	1f9d6-1f3fd	-	+
person_in_steamy_room_tone4	1f9d6-1f3fe	-	+
person_in_steamy_room_medium_dark_skin_tone	1f9d6-1f3fe	-	+
person_in_steamy_room_tone5	1f9d6-1f3ff	-	+
person_in_steamy_room_dark_skin_tone	1f9d6-1f3ff	-	+
woman_in_steamy_room	1f9d6-200d-2640-fe0f	people	+
woman_in_steamy_room_tone1	1f9d6-1f3fb-200d-2640-fe0f	-	+
woman_in_steamy_room_light_skin_tone	1f9d6-1f3fb-200d-2640-fe0f	-	+
woman_in_steamy_room_tone2	1f9d6-1f3fc-200d-2640-fe0f	-	+
woman_in_steamy_room_medium_light_skin_tone	1f9d6-1f3fc-200d-2640-fe0f	-	+
woman_in_steamy_room_tone3	1f9d6-1f3fd-200d-2640-fe0f	-	+
woman_in_steamy_room_medium_skin_tone	1f9d6-1f3fd-200d-2640-fe0f	-	+
woman_in_steamy_room_tone4	1f9d6-1f3fe-200d-2640-fe0f	-	+
woman_in_steamy_room_medium_dark_skin_tone	1f9d6-1f3fe-200d-2640-fe0f	-	+
woman_in_steamy_room_tone5	1f9d6-1f3ff-200d-2640-fe0f	-	+
woman_in_steamy_room_dark_skin_tone	1f9d6-1f3ff-200d-2640-fe0f	-	+
man_in_steamy_room	1f9d6-200d-2642-fe0f	people	+
man_in_steamy_room_tone1	1f9d6-1f3fb-200d-2642-fe0f	-	+
man_in_steamy_room_light_skin_tone	1f9d6-1f3fb-200d-2642-fe0f	-	+
man_in_steamy_room_tone2	1f9d6-1f3fc-200d-2642-fe0f	-	+
man_in_steamy_room_medium_light_skin_tone	1f9d6-1f3fc-200d-2642-fe0f	-	+
man_in_steamy_room_tone3	1f9d6-1f3fd-200d-2642-fe0f	-	+
man_in_steamy_room_medium_skin_tone	1f9d6-1f3fd-200d-2642-fe0f	-	+
man_in_steamy_room_tone4	1f9d6-1f3fe-200d-2642-fe0f	-	+
man_in_steamy_room_medium_dark_skin_tone	1f9d6-1f3fe-200d-2642-fe0f	-	+
man_in_steamy_room_tone5	1f9d6-1f3ff-200d-2642-fe0f	-	+
man_in_steamy_room_dark_skin_tone	1f9d6-1f3ff-200d-2642-fe0f	-	+
nail_care	1f485	people	+
nail_polish	1f485	-	-
nail_care_tone1	1f485-1f3fb	-	+
nail_care_tone2	1f485-1f3fc	-	+
nail_care_tone3	1f485-1f3fd	-	+
nail_care_tone4	1f485-1f3fe	-	+
nail_care_tone5	1f485-1f3ff	-	+
selfie	1f933	people	+
selfie_tone1	1f933-1f3fb	-	+
selfie_tone2	1f933-1f3fc	-	+
selfie_tone3	1f933-1f3fd	-	+
selfie_tone4	1f933-1f3fe	-	+
selfie_tone5	1f933-1f3ff	-	+
dancer	1f483	people	+
woman_dancing	1f483	-	-
dancer_tone1	1f483-1f3fb	-	+
dancer_tone2	1f483-1f3fc	-	+
dancer_tone3	1f483-1f3fd	-	+
dancer_tone4	1f483-1f3fe	-	+
dancer_tone5	1f483-1f3ff	-	+
man_dancing	1f57a	people	+
male_dancer	1f57a	-	+
man_dancing_tone1	1f57a-1f3fb	-	+
male_dancer_tone1	1f57a-1f3fb	-	+
man_dancing_tone2	1f57a-1f3fc	-	+
male_dancer_tone2	1f57a-1f3fc	-	+
man_dancing_tone3	1f57a-1f3fd	-	+
male_dancer_tone3	1f57a-1f3fd	-	+
man_dancing_tone5	1f57a-1f3ff	-	+
male_dancer_tone5	1f57a-1f3ff	-	+
man_dancing_tone4	1f57a-1f3fe	-	+
male_dancer_tone4	1f57a-1f3fe	-	+
people_with_bunny_ears_partying	1f46f	people	+
dancers	1f46f	-	+
women_with_bunny_ears_partying	1f46f-200d-2640-fe0f	people	+
men_with_bunny_ears_partying	1f46f-200d-2642-fe0f	people	+
levitate	1f574-fe0f	people	+
man_in_business_suit_levitating	1f574-fe0f	-	+
levitate_tone1	1f574-1f3fb	-	+
man_in_business_suit_levitating_tone1	1f574-1f3fb	-	+
man_in_business_suit_levitating_light_skin_tone	1f574-1f3fb	-	+
levitate_tone2	1f574-1f3fc	-	+
man_in_business_suit_levitating_tone2	1f574-1f3fc	-	+
man_in_business_suit_levitating_medium_light_skin_tone	1f574-1f3fc	-	+
levitate_tone3	1f574-1f3fd	-	+
man_in_business_suit_levitating_tone3	1f574-1f3fd	-	+
man_in_business_suit_levitating_medium_skin_tone	1f574-1f3fd	-	+
levitate_tone4	1f574-1f3fe	-	+
man_in_business_suit_levitating_tone4	1f574-1f3fe	-	+
man_in_business_suit_levitating_medium_dark_skin_tone	1f574-1f3fe	-	+
levitate_tone5	1f574-1f3ff	-	+
man_in_business_suit_levitating_tone5	1f574-1f3ff	-	+
man_in_business_suit_levitating_dark_skin_tone	1f574-1f3ff	-	+
person_in_manual_wheelchair	1f9d1-200d-1f9bd	people	-
person_in_manual_wheelchair_tone1	1f9d1-1f3fb-200d-1f9bd	-	-
person_in_manual_wheelchair_light_skin_tone	1f9d1-1f3fb-200d-1f9bd	-	-
person_in_manual_wheelchair_tone2	1f9d1-1f3fc-200d-1f9bd	-	-
person_in_manual_wheelchair_medium_light_skin_tone	1f9d1-1f3fc-200d-1f9bd	-	-
person_in_manual_wheelchair_tone3	1f9d1-1f3fd-200d-1f9bd	-	-
person_in_manual_wheelchair_medium_skin_tone	1f9d1-1f3fd-200d-1f9bd	-	-
person_in_manual_wheelchair_tone4	1f9d1-1f3fe-200d-1f9bd	-	-
person_in_manual_wheelchair_medium_dark_skin_tone	1f9d1-1f3fe-200d-1f9bd	-	-
person_in_manual_wheelchair_tone5	1f9d1-1f3ff-200d-1f9bd	-	-
person_in_manual_wheelchair_dark_skin_tone	1f9d1-1f3ff-200d-1f9bd	-	-
woman_in_manual_wheelchair	1f469-200d-1f9bd	people	-
woman_in_manual_wheelchair_tone1	1f469-1f3fb-200d-1f9bd	-	-
woman_in_manual_wheelchair_light_skin_tone	1f469-1f3fb-200d-1f9bd	-	-
woman_in_manual_wheelchair_tone2	1f469-1f3fc-200d-1f9bd	-	-
woman_in_manual_wheelchair_medium_light_skin_tone	1f469-1f3fc-200d-1f9bd	-	-
woman_in_manual_wheelchair_tone3	1f469-1f3fd-200d-1f9bd	-	-
woman_in_manual_wheelchair_medium_skin_tone	1f469-1f3fd-200d-1f9bd	-	-
woman_in_manual_wheelchair_tone4	1f469-1f3fe-200d-1f9bd	-	-
woman_in_manual_wheelchair_medium_dark_skin_tone	1f469-1f3fe-200d-1f9bd	-	-
woman_in_manual_wheelchair_tone5	1f469-1f3ff-200d-1f9bd	-	-
woman_in_manual_wheelchair_dark_skin_tone	1f469-1f3ff-200d-1f9bd	-	-
man_in_manual_wheelchair	1f468-200d-1f9bd	people	-
man_in_manual_wheelchair_tone1	1f468-1f3fb-200d-1f9bd	-	-
man_in_manual_wheelchair_light_skin_tone	1f468-1f3fb-200d-1f9bd	-	-
man_in_manual_wheelchair_tone2	1f468-1f3fc-200d-1f9bd	-	-
man_in_manual_wheelchair_medium_light_skin_tone	1f468-1f3fc-200d-1f9bd	-	-
man_in_manual_wheelchair_tone3	1f468-1f3fd-200d-1f9bd	-	-
man_in_manual_wheelchair_medium_skin_tone	1f468-1f3fd-200d-1f9bd	-	-
man_in_manual_wheelchair_tone4	1f468-1f3fe-200d-1f9bd	-	-
man_in_manual_wheelchair_medium_dark_skin_tone	1f468-1f3fe-200d-1f9bd	-	-
man_in_manual_wheelchair_tone5	1f468-1f3ff-200d-1f9bd	-	-
man_in_manual_wheelchair_dark_skin_tone	1f468-1f3ff-200d-1f9bd	-	-
person_in_manual_wheelchair_facing_right	1f9d1-200d-1f9bd-200d-27a1-fe0f	people	-
person_in_manual_wheelchair_facing_right_tone1	1f9d1-1f3fb-200d-1f9bd-200d-27a1-fe0f	-	-
person_in_manual_wheelchair_facing_right_light_skin_tone	1f9d1-1f3fb-200d-1f9bd-200d-27a1-fe0f	-	-
person_in_manual_wheelchair_facing_right_tone2	1f9d1-1f3fc-200d-1f9bd-200d-27a1-fe0f	-	-
person_in_manual_wheelchair_facing_right_medium_light_skin_tone	1f9d1-1f3fc-200d-1f9bd-200d-27a1-fe0f	-	-
person_in_manual_wheelchair_facing_right_tone3	1f9d1-1f3fd-200d-1f9bd-200d-27a1-fe0f	-	-
person_in_manual_wheelchair_facing_right_medium_skin_tone	1f9d1-1f3fd-200d-1f9bd-200d-27a1-fe0f	-	-
person_in_manual_wheelchair_facing_right_tone4	1f9d1-1f3fe-200d-1f9bd-200d-27a1-fe0f	-	-
person_in_manual_wheelchair_facing_right_medium_dark_skin_tone	1f9d1-1f3fe-200d-1f9bd-200d-27a1-fe0f	-	-
person_in_manual_wheelchair_facing_right_tone5	1f9d1-1f3ff-200d-1f9bd-200d-27a1-fe0f	-	-
person_in_manual_wheelchair_facing_right_dark_skin_tone	1f9d1-1f3ff-200d-1f9bd-200d-27a1-fe0f	-	-
woman_in_manual_wheelchair_facing_right	1f469-200d-1f9bd-200d-27a1-fe0f	people	-
woman_in_manual_wheelchair_facing_right_tone1	1f469-1f3fb-200d-1f9bd-200d-27a1-fe0f	-	-
woman_in_manual_wheelchair_facing_right_light_skin_tone	1f469-1f3fb-200d-1f9bd-200d-27a1-fe0f	-	-
woman_in_manual_wheelchair_facing_right_tone2	1f469-1f3fc-200d-1f9bd-200d-27a1-fe0f	-	-
woman_in_manual_wheelchair_facing_right_medium_light_skin_tone	1f469-1f3fc-200d-1f9bd-200d-27a1-fe0f	-	-
woman_in_manual_wheelchair_facing_right_tone3	1f469-1f3fd-200d-1f9bd-200d-27a1-fe0f	-	-
woman_in_manual_wheelchair_facing_right_medium_skin_tone	1f469-1f3fd-200d-1f9bd-200d-27a1-fe0f	-	-
woman_in_manual_wheelchair_facing_right_tone4	1f469-1f3fe-200d-1f9bd-200d-27a1-fe0f	-	-
woman_in_manual_wheelchair_facing_right_medium_dark_skin_tone	1f469-1f3fe-200d-1f9bd-200d-27a1-fe0f	-	-
woman_in_manual_wheelchair_facing_right_tone5	1f469-1f3ff-200d-1f9bd-200d-27a1-fe0f	-	-
woman_in_manual_wheelchair_facing_right_dark_skin_tone	1f469-1f3ff-200d-1f9bd-200d-27a1-fe0f	-	-
man_in_manual_wheelchair_facing_right	1f468-200d-1f9bd-200d-27a1-fe0f	people	-
man_in_manual_wheelchair_facing_right_tone2	1f468-1f3fc-200d-1f9bd-200d-27a1-fe0f	-	-
man_in_manual_wheelchair_facing_right_medium_light_skin_tone	1f468-1f3fc-200d-1f9bd-200d-27a1-fe0f	-	-
man_in_manual_wheelchair_facing_right_tone1	1f468-1f3fb-200d-1f9bd-200d-27a1-fe0f	-	-
man_in_manual_wheelchair_facing_right_light_skin_tone	1f468-1f3fb-200d-1f9bd-200d-27a1-fe0f	-	-
man_in_manual_wheelchair_facing_right_tone3	1f468-1f3fd-200d-1f9bd-200d-27a1-fe0f	-	-
man_in_manual_wheelchair_facing_right_medium_skin_tone	1f468-1f3fd-200d-1f9bd-200d-27a1-fe0f	-	-
man_in_manual_wheelchair_facing_right_tone4	1f468-1f3fe-200d-1f9bd-200d-27a1-fe0f	-	-
man_in_manual_wheelchair_facing_right_medium_dark_skin_tone	1f468-1f3fe-200d-1f9bd-200d-27a1-fe0f	-	-
man_in_manual_wheelchair_facing_right_tone5	1f468-1f3ff-200d-1f9bd-200d-27a1-fe0f	-	-
man_in_manual_wheelchair_facing_right_dark_skin_tone	1f468-1f3ff-200d-1f9bd-200d-27a1-fe0f	-	-
person_in_motorized_wheelchair	1f9d1-200d-1f9bc	people	-
person_in_motorized_wheelchair_tone1	1f9d1-1f3fb-200d-1f9bc	-	-
person_in_motorized_wheelchair_light_skin_tone	1f9d1-1f3fb-200d-1f9bc	-	-
person_in_motorized_wheelchair_tone2	1f9d1-1f3fc-200d-1f9bc	-	-
person_in_motorized_wheelchair_medium_light_skin_tone	1f9d1-1f3fc-200d-1f9bc	-	-
person_in_motorized_wheelchair_tone3	1f9d1-1f3fd-200d-1f9bc	-	-
person_in_motorized_wheelchair_medium_skin_tone	1f9d1-1f3fd-200d-1f9bc	-	-
person_in_motorized_wheelchair_tone4	1f9d1-1f3fe-200d-1f9bc	-	-
person_in_motorized_wheelchair_medium_dark_skin_tone	1f9d1-1f3fe-200d-1f9bc	-	-
person_in_motorized_wheelchair_tone5	1f9d1-1f3ff-200d-1f9bc	-	-
person_in_motorized_wheelchair_dark_skin_tone	1f9d1-1f3ff-200d-1f9bc	-	-
woman_in_motorized_wheelchair	1f469-200d-1f9bc	people	-
woman_in_motorized_wheelchair_tone1	1f469-1f3fb-200d-1f9bc	-	-
woman_in_motorized_wheelchair_light_skin_tone	1f469-1f3fb-200d-1f9bc	-	-
woman_in_motorized_wheelchair_tone2	1f469-1f3fc-200d-1f9bc	-	-
woman_in_motorized_wheelchair_medium_light_skin_tone	1f469-1f3fc-200d-1f9bc	-	-
woman_in_motorized_wheelchair_tone3	1f469-1f3fd-200d-1f9bc	-	-
woman_in_motorized_wheelchair_medium_skin_tone	1f469-1f3fd-200d-1f9bc	-	-
woman_in_motorized_wheelchair_tone4	1f469-1f3fe-200d-1f9bc	-	-
woman_in_motorized_wheelchair_medium_dark_skin_tone	1f469-1f3fe-200d-1f9bc	-	-
woman_in_motorized_wheelchair_tone5	1f469-1f3ff-200d-1f9bc	-	-
woman_in_motorized_wheelchair_dark_skin_tone	1f469-1f3ff-200d-1f9bc	-	-
man_in_motorized_wheelchair	1f468-200d-1f9bc	people	-
man_in_motorized_wheelchair_tone1	1f468-1f3fb-200d-1f9bc	-	-
man_in_motorized_wheelchair_light_skin_tone	1f468-1f3fb-200d-1f9bc	-	-
man_in_motorized_wheelchair_tone2	1f468-1f3fc-200d-1f9bc	-	-
man_in_motorized_wheelchair_medium_light_skin_tone	1f468-1f3fc-200d-1f9bc	-	-
man_in_motorized_wheelchair_tone3	1f468-1f3fd-200d-1f9bc	-	-
man_in_motorized_wheelchair_medium_skin_tone	1f468-1f3fd-200d-1f9bc	-	-
man_in_motorized_wheelchair_tone4	1f468-1f3fe-200d-1f9bc	-	-
man_in_motorized_wheelchair_medium_dark_skin_tone	1f468-1f3fe-200d-1f9bc	-	-
man_in_motorized_wheelchair_tone5	1f468-1f3ff-200d-1f9bc	-	-
man_in_motorized_wheelchair_dark_skin_tone	1f468-1f3ff-200d-1f9bc	-	-
person_in_motorized_wheelchair_facing_right	1f9d1-200d-1f9bc-200d-27a1-fe0f	people	-
person_in_motorized_wheelchair_facing_right_tone1	1f9d1-1f3fb-200d-1f9bc-200d-27a1-fe0f	-	-
person_in_motorized_wheelchair_facing_right_light_skin_tone	1f9d1-1f3fb-200d-1f9bc-200d-27a1-fe0f	-	-
person_in_motorized_wheelchair_facing_right_tone2	1f9d1-1f3fc-200d-1f9bc-200d-27a1-fe0f	-	-
person_in_motorized_wheelchair_facing_right_medium_light_skin_tone	1f9d1-1f3fc-200d-1f9bc-200d-27a1-fe0f	-	-
person_in_motorized_wheelchair_facing_right_tone3	1f9d1-1f3fd-200d-1f9bc-200d-27a1-fe0f	-	-
person_in_motorized_wheelchair_facing_right_medium_skin_tone	1f9d1-1f3fd-200d-1f9bc-200d-27a1-fe0f	-	-
person_in_motorized_wheelchair_facing_right_tone4	1f9d1-1f3fe-200d-1f9bc-200d-27a1-fe0f	-	-
person_in_motorized_wheelchair_facing_right_medium_dark_skin_tone	1f9d1-1f3fe-200d-1f9bc-200d-27a1-fe0f	-	-
person_in_motorized_wheelchair_facing_right_tone5	1f9d1-1f3ff-200d-1f9bc-200d-27a1-fe0f	-	-
person_in_motorized_wheelchair_facing_right_dark_skin_tone	1f9d1-1f3ff-200d-1f9bc-200d-27a1-fe0f	-	-
woman_in_motorized_wheelchair_facing_right	1f469-200d-1f9bc-200d-27a1-fe0f	people	-
woman_in_motorized_wheelchair_facing_right_tone1	1f469-1f3fb-200d-1f9bc-200d-27a1-fe0f	-	-
woman_in_motorized_wheelchair_facing_right_light_skin_tone	1f469-1f3fb-200d-1f9bc-200d-27a1-fe0f	-	-
woman_in_motorized_wheelchair_facing_right_tone2	1f469-1f3fc-200d-1f9bc-200d-27a1-fe0f	-	-
woman_in_motorized_wheelchair_facing_right_medium_light_skin_tone	1f469-1f3fc-200d-1f9bc-200d-27a1-fe0f	-	-
woman_in_motorized_wheelchair_facing_right_tone3	1f469-1f3fd-200d-1f9bc-200d-27a1-fe0f	-	-
woman_in_motorized_wheelchair_facing_right_medium_skin_tone	1f469-1f3fd-200d-1f9bc-200d-27a1-fe0f	-	-
woman_in_motorized_wheelchair_facing_right_tone4	1f469-1f3fe-200d-1f9bc-200d-27a1-fe0f	-	-
woman_in_motorized_wheelchair_facing_right_medium_dark_skin_tone	1f469-1f3fe-200d-1f9bc-200d-27a1-fe0f	-	-
woman_in_motorized_wheelchair_facing_right_tone5	1f469-1f3ff-200d-1f9bc-200d-27a1-fe0f	-	-
woman_in_motorized_wheelchair_facing_right_dark_skin_tone	1f469-1f3ff-200d-1f9bc-200d-27a1-fe0f	-	-
man_in_motorized_wheelchair_facing_right	1f468-200d-1f9bc-200d-27a1-fe0f	people	-
man_in_motorized_wheelchair_facing_right_tone1	1f468-1f3fb-200d-1f9bc-200d-27a1-fe0f	-	-
man_in_motorized_wheelchair_facing_right_light_skin_tone	1f468-1f3fb-200d-1f9bc-200d-27a1-fe0f	-	-
man_in_motorized_wheelchair_facing_right_tone2	1f468-1f3fc-200d-1f9bc-200d-27a1-fe0f	-	-
man_in_motorized_wheelchair_facing_right_medium_light_skin_tone	1f468-1f3fc-200d-1f9bc-200d-27a1-fe0f	-	-
man_in_motorized_wheelchair_facing_right_tone3	1f468-1f3fd-200d-1f9bc-200d-27a1-fe0f	-	-
man_in_motorized_wheelchair_facing_right_medium_skin_tone	1f468-1f3fd-200d-1f9bc-200d-27a1-fe0f	-	-
man_in_motorized_wheelchair_facing_right_tone4	1f468-1f3fe-200d-1f9bc-200d-27a1-fe0f	-	-
man_in_motorized_wheelchair_facing_right_medium_dark_skin_tone	1f468-1f3fe-200d-1f9bc-200d-27a1-fe0f	-	-
man_in_motorized_wheelchair_facing_right_tone5	1f468-1f3ff-200d-1f9bc-200d-27a1-fe0f	-	-
man_in_motorized_wheelchair_facing_right_dark_skin_tone	1f468-1f3ff-200d-1f9bc-200d-27a1-fe0f	-	-
person_walking	1f6b6	people	+
walking	1f6b6	-	+
person_walking_tone1	1f6b6-1f3fb	-	+
walking_tone1	1f6b6-1f3fb	-	+
person_walking_tone2	1f6b6-1f3fc	-	+
walking_tone2	1f6b6-1f3fc	-	+
person_walking_tone3	1f6b6-1f3fd	-	+
walking_tone3	1f6b6-1f3fd	-	+
person_walking_tone4	1f6b6-1f3fe	-	+
walking_tone4	1f6b6-1f3fe	-	+
person_walking_tone5	1f6b6-1f3ff	-	+
walking_tone5	1f6b6-1f3ff	-	+
woman_walking	1f6b6-200d-2640-fe0f	people	+
woman_walking_tone1	1f6b6-1f3fb-200d-2640-fe0f	-	+
woman_walking_light_skin_tone	1f6b6-1f3fb-200d-2640-fe0f	-	+
woman_walking_tone2	1f6b6-1f3fc-200d-2640-fe0f	-	+
woman_walking_medium_light_skin_tone	1f6b6-1f3fc-200d-2640-fe0f	-	+
woman_walking_tone3	1f6b6-1f3fd-200d-2640-fe0f	-	+
woman_walking_medium_skin_tone	1f6b6-1f3fd-200d-2640-fe0f	-	+
woman_walking_tone4	1f6b6-1f3fe-200d-2640-fe0f	-	+
woman_walking_medium_dark_skin_tone	1f6b6-1f3fe-200d-2640-fe0f	-	+
woman_walking_tone5	1f6b6-1f3ff-200d-2640-fe0f	-	+
woman_walking_dark_skin_tone	1f6b6-1f3ff-200d-2640-fe0f	-	+
man_walking	1f6b6-200d-2642-fe0f	people	+
man_walking_tone1	1f6b6-1f3fb-200d-2642-fe0f	-	+
man_walking_light_skin_tone	1f6b6-1f3fb-200d-2642-fe0f	-	+
man_walking_tone2	1f6b6-1f3fc-200d-2642-fe0f	-	+
man_walking_medium_light_skin_tone	1f6b6-1f3fc-200d-2642-fe0f	-	+
man_walking_tone3	1f6b6-1f3fd-200d-2642-fe0f	-	+
man_walking_medium_skin_tone	1f6b6-1f3fd-200d-2642-fe0f	-	+
man_walking_tone4	1f6b6-1f3fe-200d-2642-fe0f	-	+
man_walking_medium_dark_skin_tone	1f6b6-1f3fe-200d-2642-fe0f	-	+
man_walking_tone5	1f6b6-1f3ff-200d-2642-fe0f	-	+
man_walking_dark_skin_tone	1f6b6-1f3ff-200d-2642-fe0f	-	+
person_walking_facing_right	1f6b6-200d-27a1-fe0f	people	-
person_walking_facing_right_tone1	1f6b6-1f3fb-200d-27a1-fe0f	-	-
person_walking_facing_right_light_skin_tone	1f6b6-1f3fb-200d-27a1-fe0f	-	-
person_walking_facing_right_tone2	1f6b6-1f3fc-200d-27a1-fe0f	-	-
person_walking_facing_right_medium_light_skin_tone	1f6b6-1f3fc-200d-27a1-fe0f	-	-
person_walking_facing_right_tone3	1f6b6-1f3fd-200d-27a1-fe0f	-	-
person_walking_facing_right_medium_skin_tone	1f6b6-1f3fd-200d-27a1-fe0f	-	-
person_walking_facing_right_tone4	1f6b6-1f3fe-200d-27a1-fe0f	-	-
person_walking_facing_right_medium_dark_skin_tone	1f6b6-1f3fe-200d-27a1-fe0f	-	-
person_walking_facing_right_tone5	1f6b6-1f3ff-200d-27a1-fe0f	-	-
person_walking_facing_right_dark_skin_tone	1f6b6-1f3ff-200d-27a1-fe0f	-	-
woman_walking_facing_right	1f6b6-200d-2640-fe0f-200d-27a1-fe0f	people	-
woman_walking_facing_right_tone1	1f6b6-1f3fb-200d-2640-fe0f-200d-27a1-fe0f	-	-
woman_walking_facing_right_light_skin_tone	1f6b6-1f3fb-200d-2640-fe0f-200d-27a1-fe0f	-	-
woman_walking_facing_right_tone2	1f6b6-1f3fc-200d-2640-fe0f-200d-27a1-fe0f	-	-
woman_walking_facing_right_medium_light_skin_tone	1f6b6-1f3fc-200d-2640-fe0f-200d-27a1-fe0f	-	-
woman_walking_facing_right_tone3	1f6b6-1f3fd-200d-2640-fe0f-200d-27a1-fe0f	-	-
woman_walking_facing_right_medium_skin_tone	1f6b6-1f3fd-200d-2640-fe0f-200d-27a1-fe0f	-	-
woman_walking_facing_right_tone4	1f6b6-1f3fe-200d-2640-fe0f-200d-27a1-fe0f	-	-
woman_walking_facing_right_medium_dark_skin_tone	1f6b6-1f3fe-200d-2640-fe0f-200d-27a1-fe0f	-	-
woman_walking_facing_right_tone5	1f6b6-1f3ff-200d-2640-fe0f-200d-27a1-fe0f	-	-
woman_walking_facing_right_dark_skin_tone	1f6b6-1f3ff-200d-2640-fe0f-200d-27a1-fe0f	-	-
man_walking_facing_right	1f6b6-200d-2642-fe0f-200d-27a1-fe0f	people	-
man_walking_facing_right_tone1	1f6b6-1f3fb-200d-2642-fe0f-200d-27a1-fe0f	-	-
man_walking_facing_right_light_skin_tone	1f6b6-1f3fb-200d-2642-fe0f-200d-27a1-fe0f	-	-
man_walking_facing_right_tone2	1f6b6-1f3fc-200d-2642-fe0f-200d-27a1-fe0f	-	-
man_walking_facing_right_medium_light_skin_tone	1f6b6-1f3fc-200d-2642-fe0f-200d-27a1-fe0f	-	-
man_walking_facing_right_tone3	1f6b6-1f3fd-200d-2642-fe0f-200d-27a1-fe0f	-	-
man_walking_facing_right_medium_skin_tone	1f6b6-1f3fd-200d-2642-fe0f-200d-27a1-fe0f	-	-
man_walking_facing_right_tone4	1f6b6-1f3fe-200d-2642-fe0f-200d-27a1-fe0f	-	-
man_walking_facing_right_medium_dark_skin_tone	1f6b6-1f3fe-200d-2642-fe0f-200d-27a1-fe0f	-	-
man_walking_facing_right_tone5	1f6b6-1f3ff-200d-2642-fe0f-200d-27a1-fe0f	-	-
man_walking_facing_right_dark_skin_tone	1f6b6-1f3ff-200d-2642-fe0f-200d-27a1-fe0f	-	-
person_with_probing_cane	1f9d1-200d-1f9af	people	-
person_with_probing_cane_tone1	1f9d1-1f3fb-200d-1f9af	-	-
person_with_probing_cane_light_skin_tone	1f9d1-1f3fb-200d-1f9af	-	-
person_with_probing_cane_tone2	1f9d1-1f3fc-200d-1f9af	-	-
person_with_probing_cane_medium_light_skin_tone	1f9d1-1f3fc-200d-1f9af	-	-
person_with_probing_cane_tone3	1f9d1-1f3fd-200d-1f9af	-	-
person_with_probing_cane_medium_skin_tone	1f9d1-1f3fd-200d-1f9af	-	-
person_with_probing_cane_tone4	1f9d1-1f3fe-200d-1f9af	-	-
person_with_probing_cane_medium_dark_skin_tone	1f9d1-1f3fe-200d-1f9af	-	-
person_with_probing_cane_tone5	1f9d1-1f3ff-200d-1f9af	-	-
person_with_probing_cane_dark_skin_tone	1f9d1-1f3ff-200d-1f9af	-	-
woman_with_probing_cane	1f469-200d-1f9af	people	-
woman_with_probing_cane_tone1	1f469-1f3fb-200d-1f9af	-	-
woman_with_probing_cane_light_skin_tone	1f469-1f3fb-200d-1f9af	-	-
woman_with_probing_cane_tone2	1f469-1f3fc-200d-1f9af	-	-
woman_with_probing_cane_medium_light_skin_tone	1f469-1f3fc-200d-1f9af	-	-
woman_with_probing_cane_tone3	1f469-1f3fd-200d-1f9af	-	-
woman_with_probing_cane_medium_skin_tone	1f469-1f3fd-200d-1f9af	-	-
woman_with_probing_cane_tone4	1f469-1f3fe-200d-1f9af	-	-
woman_with_probing_cane_medium_dark_skin_tone	1f469-1f3fe-200d-1f9af	-	-
woman_with_probing_cane_tone5	1f469-1f3ff-200d-1f9af	-	-
woman_with_probing_cane_dark_skin_tone	1f469-1f3ff-200d-1f9af	-	-
man_with_probing_cane	1f468-200d-1f9af	people	-
man_with_probing_cane_tone1	1f468-1f3fb-200d-1f9af	-	-
man_with_probing_cane_light_skin_tone	1f468-1f3fb-200d-1f9af	-	-
man_with_probing_cane_tone2	1f468-1f3fc-200d-1f9af	-	-
man_with_probing_cane_medium_light_skin_tone	1f468-1f3fc-200d-1f9af	-	-
man_with_probing_cane_tone3	1f468-1f3fd-200d-1f9af	-	-
man_with_probing_cane_medium_skin_tone	1f468-1f3fd-200d-1f9af	-	-
man_with_probing_cane_tone4	1f468-1f3fe-200d-1f9af	-	-
man_with_probing_cane_medium_dark_skin_tone	1f468-1f3fe-200d-1f9af	-	-
man_with_probing_cane_tone5	1f468-1f3ff-200d-1f9af	-	-
man_with_probing_cane_dark_skin_tone	1f468-1f3ff-200d-1f9af	-	-
person_with_white_cane_facing_right	1f9d1-200d-1f9af-200d-27a1-fe0f	people	-
person_with_white_cane_facing_right_tone1	1f9d1-1f3fb-200d-1f9af-200d-27a1-fe0f	-	-
person_with_white_cane_facing_right_light_skin_tone	1f9d1-1f3fb-200d-1f9af-200d-27a1-fe0f	-	-
person_with_white_cane_facing_right_tone2	1f9d1-1f3fc-200d-1f9af-200d-27a1-fe0f	-	-
person_with_white_cane_facing_right_medium_light_skin_tone	1f9d1-1f3fc-200d-1f9af-200d-27a1-fe0f	-	-
person_with_white_cane_facing_right_tone3	1f9d1-1f3fd-200d-1f9af-200d-27a1-fe0f	-	-
person_with_white_cane_facing_right_medium_skin_tone	1f9d1-1f3fd-200d-1f9af-200d-27a1-fe0f	-	-
person_with_white_cane_facing_right_tone4	1f9d1-1f3fe-200d-1f9af-200d-27a1-fe0f	-	-
person_with_white_cane_facing_right_medium_dark_skin_tone	1f9d1-1f3fe-200d-1f9af-200d-27a1-fe0f	-	-
person_with_white_cane_facing_right_tone5	1f9d1-1f3ff-200d-1f9af-200d-27a1-fe0f	-	-
person_with_white_cane_facing_right_dark_skin_tone	1f9d1-1f3ff-200d-1f9af-200d-27a1-fe0f	-	-
woman_with_white_cane_facing_right	1f469-200d-1f9af-200d-27a1-fe0f	people	-
woman_with_white_cane_facing_right_tone1	1f469-1f3fb-200d-1f9af-200d-27a1-fe0f	-	-
woman_with_white_cane_facing_right_light_skin_tone	1f469-1f3fb-200d-1f9af-200d-27a1-fe0f	-	-
woman_with_white_cane_facing_right_tone2	1f469-1f3fc-200d-1f9af-200d-27a1-fe0f	-	-
woman_with_white_cane_facing_right_medium_light_skin_tone	1f469-1f3fc-200d-1f9af-200d-27a1-fe0f	-	-
woman_with_white_cane_facing_right_tone3	1f469-1f3fd-200d-1f9af-200d-27a1-fe0f	-	-
woman_with_white_cane_facing_right_medium_skin_tone	1f469-1f3fd-200d-1f9af-200d-27a1-fe0f	-	-
woman_with_white_cane_facing_right_tone4	1f469-1f3fe-200d-1f9af-200d-27a1-fe0f	-	-
woman_with_white_cane_facing_right_medium_dark_skin_tone	1f469-1f3fe-200d-1f9af-200d-27a1-fe0f	-	-
woman_with_white_cane_facing_right_tone5	1f469-1f3ff-200d-1f9af-200d-27a1-fe0f	-	-
woman_with_white_cane_facing_right_dark_skin_tone	1f469-1f3ff-200d-1f9af-200d-27a1-fe0f	-	-
man_with_white_cane_facing_right	1f468-200d-1f9af-200d-27a1-fe0f	people	-
man_with_white_cane_facing_right_tone1	1f468-1f3fb-200d-1f9af-200d-27a1-fe0f	-	-
man_with_white_cane_facing_right_light_skin_tone	1f468-1f3fb-200d-1f9af-200d-27a1-fe0f	-	-
man_with_white_cane_facing_right_tone2	1f468-1f3fc-200d-1f9af-200d-27a1-fe0f	-	-
man_with_white_cane_facing_right_medium_light_skin_tone	1f468-1f3fc-200d-1f9af-200d-27a1-fe0f	-	-
man_with_white_cane_facing_right_tone3	1f468-1f3fd-200d-1f9af-200d-27a1-fe0f	-	-
man_with_white_cane_facing_right_medium_skin_tone	1f468-1f3fd-200d-1f9af-200d-27a1-fe0f	-	-
man_with_white_cane_facing_right_tone4	1f468-1f3fe-200d-1f9af-200d-27a1-fe0f	-	-
man_with_white_cane_facing_right_medium_dark_skin_tone	1f468-1f3fe-200d-1f9af-200d-27a1-fe0f	-	-
man_with_white_cane_facing_right_tone5	1f468-1f3ff-200d-1f9af-200d-27a1-fe0f	-	-
man_with_white_cane_facing_right_dark_skin_tone	1f468-1f3ff-200d-1f9af-200d-27a1-fe0f	-	-
person_kneeling	1f9ce	people	-
person_kneeling_tone1	1f9ce-1f3fb	-	-
person_kneeling_light_skin_tone	1f9ce-1f3fb	-	-
person_kneeling_tone2	1f9ce-1f3fc	-	-
person_kneeling_medium_light_skin_tone	1f9ce-1f3fc	-	-
person_kneeling_tone3	1f9ce-1f3fd	-	-
person_kneeling_medium_skin_tone	1f9ce-1f3fd	-	-
person_kneeling_tone4	1f9ce-1f3fe	-	-
person_kneeling_medium_dark_skin_tone	1f9ce-1f3fe	-	-
person_kneeling_tone5	1f9ce-1f3ff	-	-
person_kneeling_dark_skin_tone	1f9ce-1f3ff	-	-
woman_kneeling	1f9ce-200d-2640-fe0f	people	-
woman_kneeling_tone1	1f9ce-1f3fb-200d-2640-fe0f	-	-
woman_kneeling_light_skin_tone	1f9ce-1f3fb-200d-2640-fe0f	-	-
woman_kneeling_tone2	1f9ce-1f3fc-200d-2640-fe0f	-	-
woman_kneeling_medium_light_skin_tone	1f9ce-1f3fc-200d-2640-fe0f	-	-
woman_kneeling_tone3	1f9ce-1f3fd-200d-2640-fe0f	-	-
woman_kneeling_medium_skin_tone	1f9ce-1f3fd-200d-2640-fe0f	-	-
woman_kneeling_tone4	1f9ce-1f3fe-200d-2640-fe0f	-	-
woman_kneeling_medium_dark_skin_tone	1f9ce-1f3fe-200d-2640-fe0f	-	-
woman_kneeling_tone5	1f9ce-1f3ff-200d-2640-fe0f	-	-
woman_kneeling_dark_skin_tone	1f9ce-1f3ff-200d-2640-fe0f	-	-
man_kneeling	1f9ce-200d-2642-fe0f	people	-
man_kneeling_tone1	1f9ce-1f3fb-200d-2642-fe0f	-	-
man_kneeling_light_skin_tone	1f9ce-1f3fb-200d-2642-fe0f	-	-
man_kneeling_tone2	1f9ce-1f3fc-200d-2642-fe0f	-	-
man_kneeling_medium_light_skin_tone	1f9ce-1f3fc-200d-2642-fe0f	-	-
man_kneeling_tone3	1f9ce-1f3fd-200d-2642-fe0f	-	-
man_kneeling_medium_skin_tone	1f9ce-1f3fd-200d-2642-fe0f	-	-
man_kneeling_tone4	1f9ce-1f3fe-200d-2642-fe0f	-	-
man_kneeling_medium_dark_skin_tone	1f9ce-1f3fe-200d-2642-fe0f	-	-
man_kneeling_tone5	1f9ce-1f3ff-200d-2642-fe0f	-	-
man_kneeling_dark_skin_tone	1f9ce-1f3ff-200d-2642-fe0f	-	-
person_kneeling_facing_right	1f9ce-200d-27a1-fe0f	people	-
person_kneeling_facing_right_tone1	1f9ce-1f3fb-200d-27a1-fe0f	-	-
person_kneeling_facing_right_light_skin_tone	1f9ce-1f3fb-200d-27a1-fe0f	-	-
person_kneeling_facing_right_tone2	1f9ce-1f3fc-200d-27a1-fe0f	-	-
person_kneeling_facing_right_medium_light_skin_tone	1f9ce-1f3fc-200d-27a1-fe0f	-	-
person_kneeling_facing_right_tone3	1f9ce-1f3fd-200d-27a1-fe0f	-	-
person_kneeling_facing_right_medium_skin_tone	1f9ce-1f3fd-200d-27a1-fe0f	-	-
person_kneeling_facing_right_tone4	1f9ce-1f3fe-200d-27a1-fe0f	-	-
person_kneeling_facing_right_medium_dark_skin_tone	1f9ce-1f3fe-200d-27a1-fe0f	-	-
person_kneeling_facing_right_tone5	1f9ce-1f3ff-200d-27a1-fe0f	-	-
person_kneeling_facing_right_dark_skin_tone	1f9ce-1f3ff-200d-27a1-fe0f	-	-
woman_kneeling_facing_right	1f9ce-200d-2640-fe0f-200d-27a1-fe0f	people	-
woman_kneeling_facing_right_tone1	1f9ce-1f3fb-200d-2640-fe0f-200d-27a1-fe0f	-	-
woman_kneeling_facing_right_light_skin_tone	1f9ce-1f3fb-200d-2640-fe0f-200d-27a1-fe0f	-	-
woman_kneeling_facing_right_tone2	1f9ce-1f3fc-200d-2640-fe0f-200d-27a1-fe0f	-	-
woman_kneeling_facing_right_medium_light_skin_tone	1f9ce-1f3fc-200d-2640-fe0f-200d-27a1-fe0f	-	-
woman_kneeling_facing_right_tone3	1f9ce-1f3fd-200d-2640-fe0f-200d-27a1-fe0f	-	-
woman_kneeling_facing_right_medium_skin_tone	1f9ce-1f3fd-200d-2640-fe0f-200d-27a1-fe0f	-	-
woman_kneeling_facing_right_tone4	1f9ce-1f3fe-200d-2640-fe0f-200d-27a1-fe0f	-	-
woman_kneeling_facing_right_medium_dark_skin_tone	1f9ce-1f3fe-200d-2640-fe0f-200d-27a1-fe0f	-	-
woman_kneeling_facing_right_tone5	1f9ce-1f3ff-200d-2640-fe0f-200d-27a1-fe0f	-	-
woman_kneeling_facing_right_dark_skin_tone	1f9ce-1f3ff-200d-2640-fe0f-200d-27a1-fe0f	-	-
man_kneeling_facing_right	1f9ce-200d-2642-fe0f-200d-27a1-fe0f	people	-
man_kneeling_facing_right_tone1	1f9ce-1f3fb-200d-2642-fe0f-200d-27a1-fe0f	-	-
man_kneeling_facing_right_light_skin_tone	1f9ce-1f3fb-200d-2642-fe0f-200d-27a1-fe0f	-	-
man_kneeling_facing_right_tone2	1f9ce-1f3fc-200d-2642-fe0f-200d-27a1-fe0f	-	-
man_kneeling_facing_right_medium_light_skin_tone	1f9ce-1f3fc-200d-2642-fe0f-200d-27a1-fe0f	-	-
man_kneeling_facing_right_tone3	1f9ce-1f3fd-200d-2642-fe0f-200d-27a1-fe0f	-	-
man_kneeling_facing_right_medium_skin_tone	1f9ce-1f3fd-200d-2642-fe0f-200d-27a1-fe0f	-	-
man_kneeling_facing_right_tone4	1f9ce-1f3fe-200d-2642-fe0f-200d-27a1-fe0f	-	-
man_kneeling_facing_right_medium_dark_skin_tone	1f9ce-1f3fe-200d-2642-fe0f-200d-27a1-fe0f	-	-
man_kneeling_facing_right_tone5	1f9ce-1f3ff-200d-2642-fe0f-200d-27a1-fe0f	-	-
man_kneeling_facing_right_dark_skin_tone	1f9ce-1f3ff-200d-2642-fe0f-200d-27a1-fe0f	-	-
person_running	1f3c3	people	+
runner	1f3c3	-	+
person_running_tone1	1f3c3-1f3fb	-	+
runner_tone1	1f3c3-1f3fb	-	+
person_running_tone2	1f3c3-1f3fc	-	+
runner_tone2	1f3c3-1f3fc	-	+
person_running_tone3	1f3c3-1f3fd	-	+
runner_tone3	1f3c3-1f3fd	-	+
person_running_tone4	1f3c3-1f3fe	-	+
runner_tone4	1f3c3-1f3fe	-	+
person_running_tone5	1f3c3-1f3ff	-	+
runner_tone5	1f3c3-1f3ff	-	+
woman_running	1f3c3-200d-2640-fe0f	people	+
woman_running_tone1	1f3c3-1f3fb-200d-2640-fe0f	-	+
woman_running_light_skin_tone	1f3c3-1f3fb-200d-2640-fe0f	-	+
woman_running_tone2	1f3c3-1f3fc-200d-2640-fe0f	-	+
woman_running_medium_light_skin_tone	1f3c3-1f3fc-200d-2640-fe0f	-	+
woman_running_tone3	1f3c3-1f3fd-200d-2640-fe0f	-	+
woman_running_medium_skin_tone	1f3c3-1f3fd-200d-2640-fe0f	-	+
woman_running_tone4	1f3c3-1f3fe-200d-2640-fe0f	-	+
woman_running_medium_dark_skin_tone	1f3c3-1f3fe-200d-2640-fe0f	-	+
woman_running_tone5	1f3c3-1f3ff-200d-2640-fe0f	-	+
woman_running_dark_skin_tone	1f3c3-1f3ff-200d-2640-fe0f	-	+
man_running	1f3c3-200d-2642-fe0f	people	+
man_running_tone1	1f3c3-1f3fb-200d-2642-fe0f	-	+
man_running_light_skin_tone	1f3c3-1f3fb-200d-2642-fe0f	-	+
man_running_tone2	1f3c3-1f3fc-200d-2642-fe0f	-	+
man_running_medium_light_skin_tone	1f3c3-1f3fc-200d-2642-fe0f	-	+
man_running_tone3	1f3c3-1f3fd-200d-2642-fe0f	-	+
man_running_medium_skin_tone	1f3c3-1f3fd-200d-2642-fe0f	-	+
man_running_tone4	1f3c3-1f3fe-200d-2642-fe0f	-	+
man_running_medium_dark_skin_tone	1f3c3-1f3fe-200d-2642-fe0f	-	+
man_running_tone5	1f3c3-1f3ff-200d-2642-fe0f	-	+
man_running_dark_skin_tone	1f3c3-1f3ff-200d-2642-fe0f	-	+
person_running_facing_right	1f3c3-200d-27a1-fe0f	people	-
person_running_facing_right_tone1	1f3c3-1f3fb-200d-27a1-fe0f	-	-
person_running_facing_right_light_skin_tone	1f3c3-1f3fb-200d-27a1-fe0f	-	-
person_running_facing_right_tone2	1f3c3-1f3fc-200d-27a1-fe0f	-	-
person_running_facing_right_medium_light_skin_tone	1f3c3-1f3fc-200d-27a1-fe0f	-	-
person_running_facing_right_tone3	1f3c3-1f3fd-200d-27a1-fe0f	-	-
person_running_facing_right_medium_skin_tone	1f3c3-1f3fd-200d-27a1-fe0f	-	-
person_running_facing_right_tone4	1f3c3-1f3fe-200d-27a1-fe0f	-	-
person_running_facing_right_medium_dark_skin_tone	1f3c3-1f3fe-200d-27a1-fe0f	-	-
person_running_facing_right_tone5	1f3c3-1f3ff-200d-27a1-fe0f	-	-
person_running_facing_right_dark_skin_tone	1f3c3-1f3ff-200d-27a1-fe0f	-	-
woman_running_facing_right	1f3c3-200d-2640-fe0f-200d-27a1-fe0f	people	-
woman_running_facing_right_tone1	1f3c3-1f3fb-200d-2640-fe0f-200d-27a1-fe0f	-	-
woman_running_facing_right_light_skin_tone	1f3c3-1f3fb-200d-2640-fe0f-200d-27a1-fe0f	-	-
woman_running_facing_right_tone2	1f3c3-1f3fc-200d-2640-fe0f-200d-27a1-fe0f	-	-
woman_running_facing_right_medium_light_skin_tone	1f3c3-1f3fc-200d-2640-fe0f-200d-27a1-fe0f	-	-
woman_running_facing_right_tone3	1f3c3-1f3fd-200d-2640-fe0f-200d-27a1-fe0f	-	-
woman_running_facing_right_medium_skin_tone	1f3c3-1f3fd-200d-2640-fe0f-200d-27a1-fe0f	-	-
woman_running_facing_right_tone4	1f3c3-1f3fe-200d-2640-fe0f-200d-27a1-fe0f	-	-
woman_running_facing_right_medium_dark_skin_tone	1f3c3-1f3fe-200d-2640-fe0f-200d-27a1-fe0f	-	-
woman_running_facing_right_tone5	1f3c3-1f3ff-200d-2640-fe0f-200d-27a1-fe0f	-	-
woman_running_facing_right_dark_skin_tone	1f3c3-1f3ff-200d-2640-fe0f-200d-27a1-fe0f	-	-
man_running_facing_right	1f3c3-200d-2642-fe0f-200d-27a1-fe0f	people	-
man_running_facing_right_tone1	1f3c3-1f3fb-200d-2642-fe0f-200d-27a1-fe0f	-	-
man_running_facing_right_light_skin_tone	1f3c3-1f3fb-200d-2642-fe0f-200d-27a1-fe0f	-	-
man_running_facing_right_tone2	1f3c3-1f3fc-200d-2642-fe0f-200d-27a1-fe0f	-	-
man_running_facing_right_medium_light_skin_tone	1f3c3-1f3fc-200d-2642-fe0f-200d-27a1-fe0f	-	-
man_running_facing_right_tone3	1f3c3-1f3fd-200d-2642-fe0f-200d-27a1-fe0f	-	-
man_running_facing_right_medium_skin_tone	1f3c3-1f3fd-200d-2642-fe0f-200d-27a1-fe0f	-	-
man_running_facing_right_tone4	1f3c3-1f3fe-200d-2642-fe0f-200d-27a1-fe0f	-	-
man_running_facing_right_medium_dark_skin_tone	1f3c3-1f3fe-200d-2642-fe0f-200d-27a1-fe0f	-	-
man_running_facing_right_tone5	1f3c3-1f3ff-200d-2642-fe0f-200d-27a1-fe0f	-	-
man_running_facing_right_dark_skin_tone	1f3c3-1f3ff-200d-2642-fe0f-200d-27a1-fe0f	-	-
person_standing	1f9cd	people	-
person_standing_tone1	1f9cd-1f3fb	-	-
person_standing_light_skin_tone	1f9cd-1f3fb	-	-
person_standing_tone2	1f9cd-1f3fc	-	-
person_standing_medium_light_skin_tone	1f9cd-1f3fc	-	-
person_standing_tone3	1f9cd-1f3fd	-	-
person_standing_medium_skin_tone	1f9cd-1f3fd	-	-
person_standing_tone4	1f9cd-1f3fe	-	-
person_standing_medium_dark_skin_tone	1f9cd-1f3fe	-	-
person_standing_tone5	1f9cd-1f3ff	-	-
person_standing_dark_skin_tone	1f9cd-1f3ff	-	-
woman_standing	1f9cd-200d-2640-fe0f	people	-
woman_standing_tone1	1f9cd-1f3fb-200d-2640-fe0f	-	-
woman_standing_light_skin_tone	1f9cd-1f3fb-200d-2640-fe0f	-	-
woman_standing_tone2	1f9cd-1f3fc-200d-2640-fe0f	-	-
woman_standing_medium_light_skin_tone	1f9cd-1f3fc-200d-2640-fe0f	-	-
woman_standing_tone3	1f9cd-1f3fd-200d-2640-fe0f	-	-
woman_standing_medium_skin_tone	1f9cd-1f3fd-200d-2640-fe0f	-	-
woman_standing_tone4	1f9cd-1f3fe-200d-2640-fe0f	-	-
woman_standing_medium_dark_skin_tone	1f9cd-1f3fe-200d-2640-fe0f	-	-
woman_standing_tone5	1f9cd-1f3ff-200d-2640-fe0f	-	-
woman_standing_dark_skin_tone	1f9cd-1f3ff-200d-2640-fe0f	-	-
man_standing	1f9cd-200d-2642-fe0f	people	-
man_standing_tone1	1f9cd-1f3fb-200d-2642-fe0f	-	-
man_standing_light_skin_tone	1f9cd-1f3fb-200d-2642-fe0f	-	-
man_standing_tone2	1f9cd-1f3fc-200d-2642-fe0f	-	-
man_standing_medium_light_skin_tone	1f9cd-1f3fc-200d-2642-fe0f	-	-
man_standing_tone3	1f9cd-1f3fd-200d-2642-fe0f	-	-
man_standing_medium_skin_tone	1f9cd-1f3fd-200d-2642-fe0f	-	-
man_standing_tone4	1f9cd-1f3fe-200d-2642-fe0f	-	-
man_standing_medium_dark_skin_tone	1f9cd-1f3fe-200d-2642-fe0f	-	-
man_standing_tone5	1f9cd-1f3ff-200d-2642-fe0f	-	-
man_standing_dark_skin_tone	1f9cd-1f3ff-200d-2642-fe0f	-	-
people_holding_hands	1f9d1-200d-1f91d-200d-1f9d1	people	-
people_holding_hands_tone1	1f9d1-1f3fb-200d-1f91d-200d-1f9d1-1f3fb	-	-
people_holding_hands_light_skin_tone	1f9d1-1f3fb-200d-1f91d-200d-1f9d1-1f3fb	-	-
people_holding_hands_tone1_tone2	1f9d1-1f3fb-200d-1f91d-200d-1f9d1-1f3fc	-	-
people_holding_hands_light_skin_tone_medium_light_skin_tone	1f9d1-1f3fb-200d-1f91d-200d-1f9d1-1f3fc	-	-
people_holding_hands_tone1_tone3	1f9d1-1f3fb-200d-1f91d-200d-1f9d1-1f3fd	-	-
people_holding_hands_light_skin_tone_medium_skin_tone	1f9d1-1f3fb-200d-1f91d-200d-1f9d1-1f3fd	-	-
people_holding_hands_tone1_tone4	1f9d1-1f3fb-200d-1f91d-200d-1f9d1-1f3fe	-	-
people_holding_hands_light_skin_tone_medium_dark_skin_tone	1f9d1-1f3fb-200d-1f91d-200d-1f9d1-1f3fe	-	-
people_holding_hands_tone1_tone5	1f9d1-1f3fb-200d-1f91d-200d-1f9d1-1f3ff	-	-
people_holding_hands_light_skin_tone_dark_skin_tone	1f9d1-1f3fb-200d-1f91d-200d-1f9d1-1f3ff	-	-
people_holding_hands_tone2_tone1	1f9d1-1f3fc-200d-1f91d-200d-1f9d1-1f3fb	-	-
people_holding_hands_medium_light_skin_tone_light_skin_tone	1f9d1-1f3fc-200d-1f91d-200d-1f9d1-1f3fb	-	-
people_holding_hands_tone2	1f9d1-1f3fc-200d-1f91d-200d-1f9d1-1f3fc	-	-
people_holding_hands_medium_light_skin_tone	1f9d1-1f3fc-200d-1f91d-200d-1f9d1-1f3fc	-	-
people_holding_hands_tone2_tone3	1f9d1-1f3fc-200d-1f91d-200d-1f9d1-1f3fd	-	-
people_holding_hands_medium_light_skin_tone_medium_skin_tone	1f9d1-1f3fc-200d-1f91d-200d-1f9d1-1f3fd	-	-
people_holding_hands_tone2_tone4	1f9d1-1f3fc-200d-1f91d-200d-1f9d1-1f3fe	-	-
people_holding_hands_medium_light_skin_tone_medium_dark_skin_tone	1f9d1-1f3fc-200d-1f91d-200d-1f9d1-1f3fe	-	-
people_holding_hands_tone2_tone5	1f9d1-1f3fc-200d-1f91d-200d-1f9d1-1f3ff	-	-
people_holding_hands_medium_light_skin_tone_dark_skin_tone	1f9d1-1f3fc-200d-1f91d-200d-1f9d1-1f3ff	-	-
people_holding_hands_tone3_tone1	1f9d1-1f3fd-200d-1f91d-200d-1f9d1-1f3fb	-	-
people_holding_hands_medium_skin_tone_light_skin_tone	1f9d1-1f3fd-200d-1f91d-200d-1f9d1-1f3fb	-	-
people_holding_hands_tone3_tone2	1f9d1-1f3fd-200d-1f91d-200d-1f9d1-1f3fc	-	-
people_holding_hands_medium_skin_tone_medium_light_skin_tone	1f9d1-1f3fd-200d-1f91d-200d-1f9d1-1f3fc	-	-
people_holding_hands_tone3	1f9d1-1f3fd-200d-1f91d-200d-1f9d1-1f3fd	-	-
people_holding_hands_medium_skin_tone	1f9d1-1f3fd-200d-1f91d-200d-1f9d1-1f3fd	-	-
people_holding_hands_tone3_tone4	1f9d1-1f3fd-200d-1f91d-200d-1f9d1-1f3fe	-	-
people_holding_hands_medium_skin_tone_medium_dark_skin_tone	1f9d1-1f3fd-200d-1f91d-200d-1f9d1-1f3fe	-	-
people_holding_hands_tone3_tone5	1f9d1-1f3fd-200d-1f91d-200d-1f9d1-1f3ff	-	-
people_holding_hands_medium_skin_tone_dark_skin_tone	1f9d1-1f3fd-200d-1f91d-200d-1f9d1-1f3ff	-	-
people_holding_hands_tone4_tone1	1f9d1-1f3fe-200d-1f91d-200d-1f9d1-1f3fb	-	-
people_holding_hands_medium_dark_skin_tone_light_skin_tone	1f9d1-1f3fe-200d-1f91d-200d-1f9d1-1f3fb	-	-
people_holding_hands_tone4_tone2	1f9d1-1f3fe-200d-1f91d-200d-1f9d1-1f3fc	-	-
people_holding_hands_medium_dark_skin_tone_medium_light_skin_tone	1f9d1-1f3fe-200d-1f91d-200d-1f9d1-1f3fc	-	-
people_holding_hands_tone4_tone3	1f9d1-1f3fe-200d-1f91d-200d-1f9d1-1f3fd	-	-
people_holding_hands_medium_dark_skin_tone_medium_skin_tone	1f9d1-1f3fe-200d-1f91d-200d-1f9d1-1f3fd	-	-
people_holding_hands_tone4	1f9d1-1f3fe-200d-1f91d-200d-1f9d1-1f3fe	-	-
people_holding_hands_medium_dark_skin_tone	1f9d1-1f3fe-200d-1f91d-200d-1f9d1-1f3fe	-	-
people_holding_hands_tone4_tone5	1f9d1-1f3fe-200d-1f91d-200d-1f9d1-1f3ff	-	-
people_holding_hands_medium_dark_skin_tone_dark_skin_tone	1f9d1-1f3fe-200d-1f91d-200d-1f9d1-1f3ff	-	-
people_holding_hands_tone5_tone1	1f9d1-1f3ff-200d-1f91d-200d-1f9d1-1f3fb	-	-
people_holding_hands_dark_skin_tone_light_skin_tone	1f9d1-1f3ff-200d-1f91d-200d-1f9d1-1f3fb	-	-
people_holding_hands_tone5_tone2	1f9d1-1f3ff-200d-1f91d-200d-1f9d1-1f3fc	-	-
people_holding_hands_dark_skin_tone_medium_light_skin_tone	1f9d1-1f3ff-200d-1f91d-200d-1f9d1-1f3fc	-	-
people_holding_hands_tone5_tone3	1f9d1-1f3ff-200d-1f91d-200d-1f9d1-1f3fd	-	-
people_holding_hands_dark_skin_tone_medium_skin_tone	1f9d1-1f3ff-200d-1f91d-200d-1f9d1-1f3fd	-	-
people_holding_hands_tone5_tone4	1f9d1-1f3ff-200d-1f91d-200d-1f9d1-1f3fe	-	-
people_holding_hands_dark_skin_tone_medium_dark_skin_tone	1f9d1-1f3ff-200d-1f91d-200d-1f9d1-1f3fe	-	-
people_holding_hands_tone5	1f9d1-1f3ff-200d-1f91d-200d-1f9d1-1f3ff	-	-
people_holding_hands_dark_skin_tone	1f9d1-1f3ff-200d-1f91d-200d-1f9d1-1f3ff	-	-
couple	1f46b	people	+
woman_and_man_holding_hands_tone1	1f46b-1f3fb	-	-
woman_and_man_holding_hands_light_skin_tone	1f46b-1f3fb	-	-
woman_and_man_holding_hands_tone1_tone2	1f469-1f3fb-200d-1f91d-200d-1f468-1f3fc	-	-
woman_and_man_holding_hands_light_skin_tone_medium_light_skin_tone	1f469-1f3fb-200d-1f91d-200d-1f468-1f3fc	-	-
woman_and_man_holding_hands_tone1_tone3	1f469-1f3fb-200d-1f91d-200d-1f468-1f3fd	-	-
woman_and_man_holding_hands_light_skin_tone_medium_skin_tone	1f469-1f3fb-200d-1f91d-200d-1f468-1f3fd	-	-
woman_and_man_holding_hands_tone1_tone4	1f469-1f3fb-200d-1f91d-200d-1f468-1f3fe	-	-
woman_and_man_holding_hands_light_skin_tone_medium_dark_skin_tone	1f469-1f3fb-200d-1f91d-200d-1f468-1f3fe	-	-
woman_and_man_holding_hands_tone1_tone5	1f469-1f3fb-200d-1f91d-200d-1f468-1f3ff	-	-
woman_and_man_holding_hands_light_skin_tone_dark_skin_tone	1f469-1f3fb-200d-1f91d-200d-1f468-1f3ff	-	-
woman_and_man_holding_hands_tone2_tone1	1f469-1f3fc-200d-1f91d-200d-1f468-1f3fb	-	-
woman_and_man_holding_hands_medium_light_skin_tone_light_skin_tone	1f469-1f3fc-200d-1f91d-200d-1f468-1f3fb	-	-
woman_and_man_holding_hands_tone2	1f46b-1f3fc	-	-
woman_and_man_holding_hands_medium_light_skin_tone	1f46b-1f3fc	-	-
woman_and_man_holding_hands_tone2_tone3	1f469-1f3fc-200d-1f91d-200d-1f468-1f3fd	-	-
woman_and_man_holding_hands_medium_light_skin_tone_medium_skin_tone	1f469-1f3fc-200d-1f91d-200d-1f468-1f3fd	-	-
woman_and_man_holding_hands_tone2_tone4	1f469-1f3fc-200d-1f91d-200d-1f468-1f3fe	-	-
woman_and_man_holding_hands_medium_light_skin_tone_medium_dark_skin_tone	1f469-1f3fc-200d-1f91d-200d-1f468-1f3fe	-	-
woman_and_man_holding_hands_tone2_tone5	1f469-1f3fc-200d-1f91d-200d-1f468-1f3ff	-	-
woman_and_man_holding_hands_medium_light_skin_tone_dark_skin_tone	1f469-1f3fc-200d-1f91d-200d-1f468-1f3ff	-	-
woman_and_man_holding_hands_tone3_tone1	1f469-1f3fd-200d-1f91d-200d-1f468-1f3fb	-	-
woman_and_man_holding_hands_medium_skin_tone_light_skin_tone	1f469-1f3fd-200d-1f91d-200d-1f468-1f3fb	-	-
woman_and_man_holding_hands_tone3_tone2	1f469-1f3fd-200d-1f91d-200d-1f468-1f3fc	-	-
woman_and_man_holding_hands_medium_skin_tone_medium_light_skin_tone	1f469-1f3fd-200d-1f91d-200d-1f468-1f3fc	-	-
woman_and_man_holding_hands_tone3	1f46b-1f3fd	-	-
woman_and_man_holding_hands_medium_skin_tone	1f46b-1f3fd	-	-
woman_and_man_holding_hands_tone3_tone4	1f469-1f3fd-200d-1f91d-200d-1f468-1f3fe	-	-
woman_and_man_holding_hands_medium_skin_tone_medium_dark_skin_tone	1f469-1f3fd-200d-1f91d-200d-1f468-1f3fe	-	-
woman_and_man_holding_hands_tone3_tone5	1f469-1f3fd-200d-1f91d-200d-1f468-1f3ff	-	-
woman_and_man_holding_hands_medium_skin_tone_dark_skin_tone	1f469-1f3fd-200d-1f91d-200d-1f468-1f3ff	-	-
woman_and_man_holding_hands_tone4_tone1	1f469-1f3fe-200d-1f91d-200d-1f468-1f3fb	-	-
woman_and_man_holding_hands_medium_dark_skin_tone_light_skin_tone	1f469-1f3fe-200d-1f91d-200d-1f468-1f3fb	-	-
woman_and_man_holding_hands_tone4_tone2	1f469-1f3fe-200d-1f91d-200d-1f468-1f3fc	-	-
woman_and_man_holding_hands_medium_dark_skin_tone_medium_light_skin_tone	1f469-1f3fe-200d-1f91d-200d-1f468-1f3fc	-	-
woman_and_man_holding_hands_tone4_tone3	1f469-1f3fe-200d-1f91d-200d-1f468-1f3fd	-	-
woman_and_man_holding_hands_medium_dark_skin_tone_medium_skin_tone	1f469-1f3fe-200d-1f91d-200d-1f468-1f3fd	-	-
woman_and_man_holding_hands_tone4	1f46b-1f3fe	-	-
woman_and_man_holding_hands_medium_dark_skin_tone	1f46b-1f3fe	-	-
woman_and_man_holding_hands_tone4_tone5	1f469-1f3fe-200d-1f91d-200d-1f468-1f3ff	-	-
woman_and_man_holding_hands_medium_dark_skin_tone_dark_skin_tone	1f469-1f3fe-200d-1f91d-200d-1f468-1f3ff	-	-
woman_and_man_holding_hands_tone5_tone1	1f469-1f3ff-200d-1f91d-200d-1f468-1f3fb	-	-
woman_and_man_holding_hands_dark_skin_tone_light_skin_tone	1f469-1f3ff-200d-1f91d-200d-1f468-1f3fb	-	-
woman_and_man_holding_hands_tone5_tone2	1f469-1f3ff-200d-1f91d-200d-1f468-1f3fc	-	-
woman_and_man_holding_hands_dark_skin_tone_medium_light_skin_tone	1f469-1f3ff-200d-1f91d-200d-1f468-1f3fc	-	-
woman_and_man_holding_hands_tone5_tone3	1f469-1f3ff-200d-1f91d-200d-1f468-1f3fd	-	-
woman_and_man_holding_hands_dark_skin_tone_medium_skin_tone	1f469-1f3ff-200d-1f91d-200d-1f468-1f3fd	-	-
woman_and_man_holding_hands_tone5_tone4	1f469-1f3ff-200d-1f91d-200d-1f468-1f3fe	-	-
woman_and_man_holding_hands_dark_skin_tone_medium_dark_skin_tone	1f469-1f3ff-200d-1f91d-200d-1f468-1f3fe	-	-
woman_and_man_holding_hands_tone5	1f46b-1f3ff	-	-
woman_and_man_holding_hands_dark_skin_tone	1f46b-1f3ff	-	-
two_women_holding_hands	1f46d	people	+
women_holding_hands_tone1	1f46d-1f3fb	-	-
women_holding_hands_light_skin_tone	1f46d-1f3fb	-	-
women_holding_hands_tone1_tone2	1f469-1f3fb-200d-1f91d-200d-1f469-1f3fc	-	-
women_holding_hands_light_skin_tone_medium_light_skin_tone	1f469-1f3fb-200d-1f91d-200d-1f469-1f3fc	-	-
women_holding_hands_tone1_tone3	1f469-1f3fb-200d-1f91d-200d-1f469-1f3fd	-	-
women_holding_hands_light_skin_tone_medium_skin_tone	1f469-1f3fb-200d-1f91d-200d-1f469-1f3fd	-	-
women_holding_hands_tone1_tone4	1f469-1f3fb-200d-1f91d-200d-1f469-1f3fe	-	-
women_holding_hands_light_skin_tone_medium_dark_skin_tone	1f469-1f3fb-200d-1f91d-200d-1f469-1f3fe	-	-
women_holding_hands_tone1_tone5	1f469-1f3fb-200d-1f91d-200d-1f469-1f3ff	-	-
women_holding_hands_light_skin_tone_dark_skin_tone	1f469-1f3fb-200d-1f91d-200d-1f469-1f3ff	-	-
women_holding_hands_tone2_tone1	1f469-1f3fc-200d-1f91d-200d-1f469-1f3fb	-	-
women_holding_hands_medium_light_skin_tone_light_skin_tone	1f469-1f3fc-200d-1f91d-200d-1f469-1f3fb	-	-
women_holding_hands_tone2	1f46d-1f3fc	-	-
women_holding_hands_medium_light_skin_tone	1f46d-1f3fc	-	-
women_holding_hands_tone2_tone3	1f469-1f3fc-200d-1f91d-200d-1f469-1f3fd	-	-
women_holding_hands_medium_light_skin_tone_medium_skin_tone	1f469-1f3fc-200d-1f91d-200d-1f469-1f3fd	-	-
women_holding_hands_tone2_tone4	1f469-1f3fc-200d-1f91d-200d-1f469-1f3fe	-	-
women_holding_hands_medium_light_skin_tone_medium_dark_skin_tone	1f469-1f3fc-200d-1f91d-200d-1f469-1f3fe	-	-
women_holding_hands_tone2_tone5	1f469-1f3fc-200d-1f91d-200d-1f469-1f3ff	-	-
women_holding_hands_medium_light_skin_tone_dark_skin_tone	1f469-1f3fc-200d-1f91d-200d-1f469-1f3ff	-	-
women_holding_hands_tone3_tone1	1f469-1f3fd-200d-1f91d-200d-1f469-1f3fb	-	-
women_holding_hands_medium_skin_tone_light_skin_tone	1f469-1f3fd-200d-1f91d-200d-1f469-1f3fb	-	-
women_holding_hands_tone3_tone2	1f469-1f3fd-200d-1f91d-200d-1f469-1f3fc	-	-
women_holding_hands_medium_skin_tone_medium_light_skin_tone	1f469-1f3fd-200d-1f91d-200d-1f469-1f3fc	-	-
women_holding_hands_tone3	1f46d-1f3fd	-	-
women_holding_hands_medium_skin_tone	1f46d-1f3fd	-	-
women_holding_hands_tone3_tone4	1f469-1f3fd-200d-1f91d-200d-1f469-1f3fe	-	-
women_holding_hands_medium_skin_tone_medium_dark_skin_tone	1f469-1f3fd-200d-1f91d-200d-1f469-1f3fe	-	-
women_holding_hands_tone3_tone5	1f469-1f3fd-200d-1f91d-200d-1f469-1f3ff	-	-
women_holding_hands_medium_skin_tone_dark_skin_tone	1f469-1f3fd-200d-1f91d-200d-1f469-1f3ff	-	-
women_holding_hands_tone4_tone1	1f469-1f3fe-200d-1f91d-200d-1f469-1f3fb	-	-
women_holding_hands_medium_dark_skin_tone_light_skin_tone	1f469-1f3fe-200d-1f91d-200d-1f469-1f3fb	-	-
women_holding_hands_tone4_tone2	1f469-1f3fe-200d-1f91d-200d-1f469-1f3fc	-	-
women_holding_hands_medium_dark_skin_tone_medium_light_skin_tone	1f469-1f3fe-200d-1f91d-200d-1f469-1f3fc	-	-
women_holding_hands_tone4_tone3	1f469-1f3fe-200d-1f91d-200d-1f469-1f3fd	-	-
women_holding_hands_medium_dark_skin_tone_medium_skin_tone	1f469-1f3fe-200d-1f91d-200d-1f469-1f3fd	-	-
women_holding_hands_tone4	1f46d-1f3fe	-	-
women_holding_hands_medium_dark_skin_tone	1f46d-1f3fe	-	-
women_holding_hands_tone4_tone5	1f469-1f3fe-200d-1f91d-200d-1f469-1f3ff	-	-
women_holding_hands_medium_dark_skin_tone_dark_skin_tone	1f469-1f3fe-200d-1f91d-200d-1f469-1f3ff	-	-
women_holding_hands_tone5_tone1	1f469-1f3ff-200d-1f91d-200d-1f469-1f3fb	-	-
women_holding_hands_dark_skin_tone_light_skin_tone	1f469-1f3ff-200d-1f91d-200d-1f469-1f3fb	-	-
women_holding_hands_tone5_tone2	1f469-1f3ff-200d-1f91d-200d-1f469-1f3fc	-	-
women_holding_hands_dark_skin_tone_medium_light_skin_tone	1f469-1f3ff-200d-1f91d-200d-1f469-1f3fc	-	-
women_holding_hands_tone5_tone3	1f469-1f3ff-200d-1f91d-200d-1f469-1f3fd	-	-
women_holding_hands_dark_skin_tone_medium_skin_tone	1f469-1f3ff-200d-1f91d-200d-1f469-1f3fd	-	-
women_holding_hands_tone5_tone4	1f469-1f3ff-200d-1f91d-200d-1f469-1f3fe	-	-
women_holding_hands_dark_skin_tone_medium_dark_skin_tone	1f469-1f3ff-200d-1f91d-200d-1f469-1f3fe	-	-
women_holding_hands_tone5	1f46d-1f3ff	-	-
women_holding_hands_dark_skin_tone	1f46d-1f3ff	-	-
two_men_holding_hands	1f46c	people	+
men_holding_hands_tone1	1f46c-1f3fb	-	-
men_holding_hands_light_skin_tone	1f46c-1f3fb	-	-
men_holding_hands_tone1_tone2	1f468-1f3fb-200d-1f91d-200d-1f468-1f3fc	-	-
men_holding_hands_light_skin_tone_medium_light_skin_tone	1f468-1f3fb-200d-1f91d-200d-1f468-1f3fc	-	-
men_holding_hands_tone1_tone3	1f468-1f3fb-200d-1f91d-200d-1f468-1f3fd	-	-
men_holding_hands_light_skin_tone_medium_skin_tone	1f468-1f3fb-200d-1f91d-200d-1f468-1f3fd	-	-
men_holding_hands_tone1_tone4	1f468-1f3fb-200d-1f91d-200d-1f468-1f3fe	-	-
men_holding_hands_light_skin_tone_medium_dark_skin_tone	1f468-1f3fb-200d-1f91d-200d-1f468-1f3fe	-	-
men_holding_hands_tone1_tone5	1f468-1f3fb-200d-1f91d-200d-1f468-1f3ff	-	-
men_holding_hands_light_skin_tone_dark_skin_tone	1f468-1f3fb-200d-1f91d-200d-1f468-1f3ff	-	-
men_holding_hands_tone2_tone1	1f468-1f3fc-200d-1f91d-200d-1f468-1f3fb	-	-
men_holding_hands_medium_light_skin_tone_light_skin_tone	1f468-1f3fc-200d-1f91d-200d-1f468-1f3fb	-	-
men_holding_hands_tone2	1f46c-1f3fc	-	-
men_holding_hands_medium_light_skin_tone	1f46c-1f3fc	-	-
men_holding_hands_tone2_tone3	1f468-1f3fc-200d-1f91d-200d-1f468-1f3fd	-	-
men_holding_hands_medium_light_skin_tone_medium_skin_tone	1f468-1f3fc-200d-1f91d-200d-1f468-1f3fd	-	-
men_holding_hands_tone2_tone4	1f468-1f3fc-200d-1f91d-200d-1f468-1f3fe	-	-
men_holding_hands_medium_light_skin_tone_medium_dark_skin_tone	1f468-1f3fc-200d-1f91d-200d-1f468-1f3fe	-	-
men_holding_hands_tone2_tone5	1f468-1f3fc-200d-1f91d-200d-1f468-1f3ff	-	-
men_holding_hands_medium_light_skin_tone_dark_skin_tone	1f468-1f3fc-200d-1f91d-200d-1f468-1f3ff	-	-
men_holding_hands_tone3_tone1	1f468-1f3fd-200d-1f91d-200d-1f468-1f3fb	-	-
men_holding_hands_medium_skin_tone_light_skin_tone	1f468-1f3fd-200d-1f91d-200d-1f468-1f3fb	-	-
men_holding_hands_tone3_tone2	1f468-1f3fd-200d-1f91d-200d-1f468-1f3fc	-	-
men_holding_hands_medium_skin_tone_medium_light_skin_tone	1f468-1f3fd-200d-1f91d-200d-1f468-1f3fc	-	-
men_holding_hands_tone3	1f46c-1f3fd	-	-
men_holding_hands_medium_skin_tone	1f46c-1f3fd	-	-
men_holding_hands_tone3_tone4	1f468-1f3fd-200d-1f91d-200d-1f468-1f3fe	-	-
men_holding_hands_medium_skin_tone_medium_dark_skin_tone	1f468-1f3fd-200d-1f91d-200d-1f468-1f3fe	-	-
men_holding_hands_tone3_tone5	1f468-1f3fd-200d-1f91d-200d-1f468-1f3ff	-	-
men_holding_hands_medium_skin_tone_dark_skin_tone	1f468-1f3fd-200d-1f91d-200d-1f468-1f3ff	-	-
men_holding_hands_tone4_tone1	1f468-1f3fe-200d-1f91d-200d-1f468-1f3fb	-	-
men_holding_hands_medium_dark_skin_tone_light_skin_tone	1f468-1f3fe-200d-1f91d-200d-1f468-1f3fb	-	-
men_holding_hands_tone4_tone2	1f468-1f3fe-200d-1f91d-200d-1f468-1f3fc	-	-
men_holding_hands_medium_dark_skin_tone_medium_light_skin_tone	1f468-1f3fe-200d-1f91d-200d-1f468-1f3fc	-	-
men_holding_hands_tone4_tone3	1f468-1f3fe-200d-1f91d-200d-1f468-1f3fd	-	-
men_holding_hands_medium_dark_skin_tone_medium_skin_tone	1f468-1f3fe-200d-1f91d-200d-1f468-1f3fd	-	-
men_holding_hands_tone4	1f46c-1f3fe	-	-
men_holding_hands_medium_dark_skin_tone	1f46c-1f3fe	-	-
men_holding_hands_tone4_tone5	1f468-1f3fe-200d-1f91d-200d-1f468-1f3ff	-	-
men_holding_hands_medium_dark_skin_tone_dark_skin_tone	1f468-1f3fe-200d-1f91d-200d-1f468-1f3ff	-	-
men_holding_hands_tone5_tone1	1f468-1f3ff-200d-1f91d-200d-1f468-1f3fb	-	-
men_holding_hands_dark_skin_tone_light_skin_tone	1f468-1f3ff-200d-1f91d-200d-1f468-1f3fb	-	-
men_holding_hands_tone5_tone2	1f468-1f3ff-200d-1f91d-200d-1f468-1f3fc	-	-
men_holding_hands_dark_skin_tone_medium_light_skin_tone	1f468-1f3ff-200d-1f91d-200d-1f468-1f3fc	-	-
men_holding_hands_tone5_tone3	1f468-1f3ff-200d-1f91d-200d-1f468-1f3fd	-	-
men_holding_hands_dark_skin_tone_medium_skin_tone	1f468-1f3ff-200d-1f91d-200d-1f468-1f3fd	-	-
men_holding_hands_tone5_tone4	1f468-1f3ff-200d-1f91d-200d-1f468-1f3fe	-	-
men_holding_hands_dark_skin_tone_medium_dark_skin_tone	1f468-1f3ff-200d-1f91d-200d-1f468-1f3fe	-	-
men_holding_hands_tone5	1f46c-1f3ff	-	-
men_holding_hands_dark_skin_tone	1f46c-1f3ff	-	-
couple_with_heart	1f491	people	+
couple_with_heart_tone1	1f491-1f3fb	-	-
couple_with_heart_light_skin_tone	1f491-1f3fb	-	-
couple_with_heart_person_person_tone1_tone2	1f9d1-1f3fb-200d-2764-fe0f-200d-1f9d1-1f3fc	-	-
couple_with_heart_person_person_light_skin_tone_medium_light_skin_tone	1f9d1-1f3fb-200d-2764-fe0f-200d-1f9d1-1f3fc	-	-
couple_with_heart_person_person_tone1_tone3	1f9d1-1f3fb-200d-2764-fe0f-200d-1f9d1-1f3fd	-	-
couple_with_heart_person_person_light_skin_tone_medium_skin_tone	1f9d1-1f3fb-200d-2764-fe0f-200d-1f9d1-1f3fd	-	-
couple_with_heart_person_person_tone1_tone4	1f9d1-1f3fb-200d-2764-fe0f-200d-1f9d1-1f3fe	-	-
couple_with_heart_person_person_light_skin_tone_medium_dark_skin_tone	1f9d1-1f3fb-200d-2764-fe0f-200d-1f9d1-1f3fe	-	-
couple_with_heart_person_person_tone1_tone5	1f9d1-1f3fb-200d-2764-fe0f-200d-1f9d1-1f3ff	-	-
couple_with_heart_person_person_light_skin_tone_dark_skin_tone	1f9d1-1f3fb-200d-2764-fe0f-200d-1f9d1-1f3ff	-	-
couple_with_heart_person_person_tone2_tone1	1f9d1-1f3fc-200d-2764-fe0f-200d-1f9d1-1f3fb	-	-
couple_with_heart_person_person_medium_light_skin_tone_light_skin_tone	1f9d1-1f3fc-200d-2764-fe0f-200d-1f9d1-1f3fb	-	-
couple_with_heart_tone2	1f491-1f3fc	-	-
couple_with_heart_medium_light_skin_tone	1f491-1f3fc	-	-
couple_with_heart_person_person_tone2_tone3	1f9d1-1f3fc-200d-2764-fe0f-200d-1f9d1-1f3fd	-	-
couple_with_heart_person_person_medium_light_skin_tone_medium_skin_tone	1f9d1-1f3fc-200d-2764-fe0f-200d-1f9d1-1f3fd	-	-
couple_with_heart_person_person_tone2_tone4	1f9d1-1f3fc-200d-2764-fe0f-200d-1f9d1-1f3fe	-	-
couple_with_heart_person_person_medium_light_skin_tone_medium_dark_skin_tone	1f9d1-1f3fc-200d-2764-fe0f-200d-1f9d1-1f3fe	-	-
couple_with_heart_person_person_tone2_tone5	1f9d1-1f3fc-200d-2764-fe0f-200d-1f9d1-1f3ff	-	-
couple_with_heart_person_person_medium_light_skin_tone_dark_skin_tone	1f9d1-1f3fc-200d-2764-fe0f-200d-1f9d1-1f3ff	-	-
couple_with_heart_person_person_tone3_tone1	1f9d1-1f3fd-200d-2764-fe0f-200d-1f9d1-1f3fb	-	-
couple_with_heart_person_person_medium_skin_tone_light_skin_tone	1f9d1-1f3fd-200d-2764-fe0f-200d-1f9d1-1f3fb	-	-
couple_with_heart_person_person_tone3_tone2	1f9d1-1f3fd-200d-2764-fe0f-200d-1f9d1-1f3fc	-	-
couple_with_heart_person_person_medium_skin_tone_medium_light_skin_tone	1f9d1-1f3fd-200d-2764-fe0f-200d-1f9d1-1f3fc	-	-
couple_with_heart_tone3	1f491-1f3fd	-	-
couple_with_heart_medium_skin_tone	1f491-1f3fd	-	-
couple_with_heart_person_person_tone3_tone4	1f9d1-1f3fd-200d-2764-fe0f-200d-1f9d1-1f3fe	-	-
couple_with_heart_person_person_medium_skin_tone_medium_dark_skin_tone	1f9d1-1f3fd-200d-2764-fe0f-200d-1f9d1-1f3fe	-	-
couple_with_heart_person_person_tone3_tone5	1f9d1-1f3fd-200d-2764-fe0f-200d-1f9d1-1f3ff	-	-
couple_with_heart_person_person_medium_skin_tone_dark_skin_tone	1f9d1-1f3fd-200d-2764-fe0f-200d-1f9d1-1f3ff	-	-
couple_with_heart_person_person_tone4_tone1	1f9d1-1f3fe-200d-2764-fe0f-200d-1f9d1-1f3fb	-	-
couple_with_heart_person_person_medium_dark_skin_tone_light_skin_tone	1f9d1-1f3fe-200d-2764-fe0f-200d-1f9d1-1f3fb	-	-
couple_with_heart_person_person_tone4_tone2	1f9d1-1f3fe-200d-2764-fe0f-200d-1f9d1-1f3fc	-	-
couple_with_heart_person_person_medium_dark_skin_tone_medium_light_skin_tone	1f9d1-1f3fe-200d-2764-fe0f-200d-1f9d1-1f3fc	-	-
couple_with_heart_person_person_tone4_tone3	1f9d1-1f3fe-200d-2764-fe0f-200d-1f9d1-1f3fd	-	-
couple_with_heart_person_person_medium_dark_skin_tone_medium_skin_tone	1f9d1-1f3fe-200d-2764-fe0f-200d-1f9d1-1f3fd	-	-
couple_with_heart_tone4	1f491-1f3fe	-	-
couple_with_heart_medium_dark_skin_tone	1f491-1f3fe	-	-
couple_with_heart_person_person_tone4_tone5	1f9d1-1f3fe-200d-2764-fe0f-200d-1f9d1-1f3ff	-	-
couple_with_heart_person_person_medium_dark_skin_tone_dark_skin_tone	1f9d1-1f3fe-200d-2764-fe0f-200d-1f9d1-1f3ff	-	-
couple_with_heart_person_person_tone5_tone1	1f9d1-1f3ff-200d-2764-fe0f-200d-1f9d1-1f3fb	-	-
couple_with_heart_person_person_dark_skin_tone_light_skin_tone	1f9d1-1f3ff-200d-2764-fe0f-200d-1f9d1-1f3fb	-	-
couple_with_heart_person_person_tone5_tone2	1f9d1-1f3ff-200d-2764-fe0f-200d-1f9d1-1f3fc	-	-
couple_with_heart_person_person_dark_skin_tone_medium_light_skin_tone	1f9d1-1f3ff-200d-2764-fe0f-200d-1f9d1-1f3fc	-	-
couple_with_heart_person_person_tone5_tone3	1f9d1-1f3ff-200d-2764-fe0f-200d-1f9d1-1f3fd	-	-
couple_with_heart_person_person_dark_skin_tone_medium_skin_tone	1f9d1-1f3ff-200d-2764-fe0f-200d-1f9d1-1f3fd	-	-
couple_with_heart_person_person_tone5_tone4	1f9d1-1f3ff-200d-2764-fe0f-200d-1f9d1-1f3fe	-	-
couple_with_heart_person_person_dark_skin_tone_medium_dark_skin_tone	1f9d1-1f3ff-200d-2764-fe0f-200d-1f9d1-1f3fe	-	-
couple_with_heart_tone5	1f491-1f3ff	-	-
couple_with_heart_dark_skin_tone	1f491-1f3ff	-	-
couple_with_heart_woman_man	1f469-200d-2764-fe0f-200d-1f468	people	+
couple_with_heart_woman_man_tone1	1f469-1f3fb-200d-2764-fe0f-200d-1f468-1f3fb	-	-
couple_with_heart_woman_man_light_skin_tone	1f469-1f3fb-200d-2764-fe0f-200d-1f468-1f3fb	-	-
couple_with_heart_woman_man_tone1_tone2	1f469-1f3fb-200d-2764-fe0f-200d-1f468-1f3fc	-	-
couple_with_heart_woman_man_light_skin_tone_medium_light_skin_tone	1f469-1f3fb-200d-2764-fe0f-200d-1f468-1f3fc	-	-
couple_with_heart_woman_man_tone1_tone3	1f469-1f3fb-200d-2764-fe0f-200d-1f468-1f3fd	-	-
couple_with_heart_woman_man_light_skin_tone_medium_skin_tone	1f469-1f3fb-200d-2764-fe0f-200d-1f468-1f3fd	-	-
couple_with_heart_woman_man_tone1_tone4	1f469-1f3fb-200d-2764-fe0f-200d-1f468-1f3fe	-	-
couple_with_heart_woman_man_light_skin_tone_medium_dark_skin_tone	1f469-1f3fb-200d-2764-fe0f-200d-1f468-1f3fe	-	-
couple_with_heart_woman_man_tone1_tone5	1f469-1f3fb-200d-2764-fe0f-200d-1f468-1f3ff	-	-
couple_with_heart_woman_man_light_skin_tone_dark_skin_tone	1f469-1f3fb-200d-2764-fe0f-200d-1f468-1f3ff	-	-
couple_with_heart_woman_man_tone2_tone1	1f469-1f3fc-200d-2764-fe0f-200d-1f468-1f3fb	-	-
couple_with_heart_woman_man_medium_light_skin_tone_light_skin_tone	1f469-1f3fc-200d-2764-fe0f-200d-1f468-1f3fb	-	-
couple_with_heart_woman_man_tone2	1f469-1f3fc-200d-2764-fe0f-200d-1f468-1f3fc	-	-
couple_with_heart_woman_man_medium_light_skin_tone	1f469-1f3fc-200d-2764-fe0f-200d-1f468-1f3fc	-	-
couple_with_heart_woman_man_tone2_tone3	1f469-1f3fc-200d-2764-fe0f-200d-1f468-1f3fd	-	-
couple_with_heart_woman_man_medium_light_skin_tone_medium_skin_tone	1f469-1f3fc-200d-2764-fe0f-200d-1f468-1f3fd	-	-
couple_with_heart_woman_man_tone2_tone4	1f469-1f3fc-200d-2764-fe0f-200d-1f468-1f3fe	-	-
couple_with_heart_woman_man_medium_light_skin_tone_medium_dark_skin_tone	1f469-1f3fc-200d-2764-fe0f-200d-1f468-1f3fe	-	-
couple_with_heart_woman_man_tone2_tone5	1f469-1f3fc-200d-2764-fe0f-200d-1f468-1f3ff	-	-
couple_with_heart_woman_man_medium_light_skin_tone_dark_skin_tone	1f469-1f3fc-200d-2764-fe0f-200d-1f468-1f3ff	-	-
couple_with_heart_woman_man_tone3_tone1	1f469-1f3fd-200d-2764-fe0f-200d-1f468-1f3fb	-	-
couple_with_heart_woman_man_medium_skin_tone_light_skin_tone	1f469-1f3fd-200d-2764-fe0f-200d-1f468-1f3fb	-	-
couple_with_heart_woman_man_tone3_tone2	1f469-1f3fd-200d-2764-fe0f-200d-1f468-1f3fc	-	-
couple_with_heart_woman_man_medium_skin_tone_medium_light_skin_tone	1f469-1f3fd-200d-2764-fe0f-200d-1f468-1f3fc	-	-
couple_with_heart_woman_man_tone3	1f469-1f3fd-200d-2764-fe0f-200d-1f468-1f3fd	-	-
couple_with_heart_woman_man_medium_skin_tone	1f469-1f3fd-200d-2764-fe0f-200d-1f468-1f3fd	-	-
couple_with_heart_woman_man_tone3_tone4	1f469-1f3fd-200d-2764-fe0f-200d-1f468-1f3fe	-	-
couple_with_heart_woman_man_medium_skin_tone_medium_dark_skin_tone	1f469-1f3fd-200d-2764-fe0f-200d-1f468-1f3fe	-	-
couple_with_heart_woman_man_tone3_tone5	1f469-1f3fd-200d-2764-fe0f-200d-1f468-1f3ff	-	-
couple_with_heart_woman_man_medium_skin_tone_dark_skin_tone	1f469-1f3fd-200d-2764-fe0f-200d-1f468-1f3ff	-	-
couple_with_heart_woman_man_tone4_tone1	1f469-1f3fe-200d-2764-fe0f-200d-1f468-1f3fb	-	-
couple_with_heart_woman_man_medium_dark_skin_tone_light_skin_tone	1f469-1f3fe-200d-2764-fe0f-200d-1f468-1f3fb	-	-
couple_with_heart_woman_man_tone4_tone2	1f469-1f3fe-200d-2764-fe0f-200d-1f468-1f3fc	-	-
couple_with_heart_woman_man_medium_dark_skin_tone_medium_light_skin_tone	1f469-1f3fe-200d-2764-fe0f-200d-1f468-1f3fc	-	-
couple_with_heart_woman_man_tone4_tone3	1f469-1f3fe-200d-2764-fe0f-200d-1f468-1f3fd	-	-
couple_with_heart_woman_man_medium_dark_skin_tone_medium_skin_tone	1f469-1f3fe-200d-2764-fe0f-200d-1f468-1f3fd	-	-
couple_with_heart_woman_man_tone4	1f469-1f3fe-200d-2764-fe0f-200d-1f468-1f3fe	-	-
couple_with_heart_woman_man_medium_dark_skin_tone	1f469-1f3fe-200d-2764-fe0f-200d-1f468-1f3fe	-	-
couple_with_heart_woman_man_tone4_tone5	1f469-1f3fe-200d-2764-fe0f-200d-1f468-1f3ff	-	-
couple_with_heart_woman_man_medium_dark_skin_tone_dark_skin_tone	1f469-1f3fe-200d-2764-fe0f-200d-1f468-1f3ff	-	-
couple_with_heart_woman_man_tone5_tone1	1f469-1f3ff-200d-2764-fe0f-200d-1f468-1f3fb	-	-
couple_with_heart_woman_man_dark_skin_tone_light_skin_tone	1f469-1f3ff-200d-2764-fe0f-200d-1f468-1f3fb	-	-
couple_with_heart_woman_man_tone5_tone2	1f469-1f3ff-200d-2764-fe0f-200d-1f468-1f3fc	-	-
couple_with_heart_woman_man_dark_skin_tone_medium_light_skin_tone	1f469-1f3ff-200d-2764-fe0f-200d-1f468-1f3fc	-	-
couple_with_heart_woman_man_tone5_tone3	1f469-1f3ff-200d-2764-fe0f-200d-1f468-1f3fd	-	-
couple_with_heart_woman_man_dark_skin_tone_medium_skin_tone	1f469-1f3ff-200d-2764-fe0f-200d-1f468-1f3fd	-	-
couple_with_heart_woman_man_tone5_tone4	1f469-1f3ff-200d-2764-fe0f-200d-1f468-1f3fe	-	-
couple_with_heart_woman_man_dark_skin_tone_medium_dark_skin_tone	1f469-1f3ff-200d-2764-fe0f-200d-1f468-1f3fe	-	-
couple_with_heart_woman_man_tone5	1f469-1f3ff-200d-2764-fe0f-200d-1f468-1f3ff	-	-
couple_with_heart_woman_man_dark_skin_tone	1f469-1f3ff-200d-2764-fe0f-200d-1f468-1f3ff	-	-
couple_ww	1f469-200d-2764-fe0f-200d-1f469	people	+
couple_with_heart_ww	1f469-200d-2764-fe0f-200d-1f469	-	+
couple_with_heart_woman_woman_tone1	1f469-1f3fb-200d-2764-fe0f-200d-1f469-1f3fb	-	-
couple_with_heart_woman_woman_light_skin_tone	1f469-1f3fb-200d-2764-fe0f-200d-1f469-1f3fb	-	-
couple_with_heart_woman_woman_tone1_tone2	1f469-1f3fb-200d-2764-fe0f-200d-1f469-1f3fc	-	-
couple_with_heart_woman_woman_light_skin_tone_medium_light_skin_tone	1f469-1f3fb-200d-2764-fe0f-200d-1f469-1f3fc	-	-
couple_with_heart_woman_woman_tone1_tone3	1f469-1f3fb-200d-2764-fe0f-200d-1f469-1f3fd	-	-
couple_with_heart_woman_woman_light_skin_tone_medium_skin_tone	1f469-1f3fb-200d-2764-fe0f-200d-1f469-1f3fd	-	-
couple_with_heart_woman_woman_tone1_tone4	1f469-1f3fb-200d-2764-fe0f-200d-1f469-1f3fe	-	-
couple_with_heart_woman_woman_light_skin_tone_medium_dark_skin_tone	1f469-1f3fb-200d-2764-fe0f-200d-1f469-1f3fe	-	-
couple_with_heart_woman_woman_tone1_tone5	1f469-1f3fb-200d-2764-fe0f-200d-1f469-1f3ff	-	-
couple_with_heart_woman_woman_light_skin_tone_dark_skin_tone	1f469-1f3fb-200d-2764-fe0f-200d-1f469-1f3ff	-	-
couple_with_heart_woman_woman_tone2_tone1	1f469-1f3fc-200d-2764-fe0f-200d-1f469-1f3fb	-	-
couple_with_heart_woman_woman_medium_light_skin_tone_light_skin_tone	1f469-1f3fc-200d-2764-fe0f-200d-1f469-1f3fb	-	-
couple_with_heart_woman_woman_tone2	1f469-1f3fc-200d-2764-fe0f-200d-1f469-1f3fc	-	-
couple_with_heart_woman_woman_medium_light_skin_tone	1f469-1f3fc-200d-2764-fe0f-200d-1f469-1f3fc	-	-
couple_with_heart_woman_woman_tone2_tone3	1f469-1f3fc-200d-2764-fe0f-200d-1f469-1f3fd	-	-
couple_with_heart_woman_woman_medium_light_skin_tone_medium_skin_tone	1f469-1f3fc-200d-2764-fe0f-200d-1f469-1f3fd	-	-
couple_with_heart_woman_woman_tone2_tone4	1f469-1f3fc-200d-2764-fe0f-200d-1f469-1f3fe	-	-
couple_with_heart_woman_woman_medium_light_skin_tone_medium_dark_skin_tone	1f469-1f3fc-200d-2764-fe0f-200d-1f469-1f3fe	-	-
couple_with_heart_woman_woman_tone2_tone5	1f469-1f3fc-200d-2764-fe0f-200d-1f469-1f3ff	-	-
couple_with_heart_woman_woman_medium_light_skin_tone_dark_skin_tone	1f469-1f3fc-200d-2764-fe0f-200d-1f469-1f3ff	-	-
couple_with_heart_woman_woman_tone3_tone1	1f469-1f3fd-200d-2764-fe0f-200d-1f469-1f3fb	-	-
couple_with_heart_woman_woman_medium_skin_tone_light_skin_tone	1f469-1f3fd-200d-2764-fe0f-200d-1f469-1f3fb	-	-
couple_with_heart_woman_woman_tone3_tone2	1f469-1f3fd-200d-2764-fe0f-200d-1f469-1f3fc	-	-
couple_with_heart_woman_woman_medium_skin_tone_medium_light_skin_tone	1f469-1f3fd-200d-2764-fe0f-200d-1f469-1f3fc	-	-
couple_with_heart_woman_woman_tone3	1f469-1f3fd-200d-2764-fe0f-200d-1f469-1f3fd	-	-
couple_with_heart_woman_woman_medium_skin_tone	1f469-1f3fd-200d-2764-fe0f-200d-1f469-1f3fd	-	-
couple_with_heart_woman_woman_tone3_tone4	1f469-1f3fd-200d-2764-fe0f-200d-1f469-1f3fe	-	-
couple_with_heart_woman_woman_medium_skin_tone_medium_dark_skin_tone	1f469-1f3fd-200d-2764-fe0f-200d-1f469-1f3fe	-	-
couple_with_heart_woman_woman_tone3_tone5	1f469-1f3fd-200d-2764-fe0f-200d-1f469-1f3ff	-	-
couple_with_heart_woman_woman_medium_skin_tone_dark_skin_tone	1f469-1f3fd-200d-2764-fe0f-200d-1f469-1f3ff	-	-
couple_with_heart_woman_woman_tone4_tone1	1f469-1f3fe-200d-2764-fe0f-200d-1f469-1f3fb	-	-
couple_with_heart_woman_woman_medium_dark_skin_tone_light_skin_tone	1f469-1f3fe-200d-2764-fe0f-200d-1f469-1f3fb	-	-
couple_with_heart_woman_woman_tone4_tone2	1f469-1f3fe-200d-2764-fe0f-200d-1f469-1f3fc	-	-
couple_with_heart_woman_woman_medium_dark_skin_tone_medium_light_skin_tone	1f469-1f3fe-200d-2764-fe0f-200d-1f469-1f3fc	-	-
couple_with_heart_woman_woman_tone4_tone3	1f469-1f3fe-200d-2764-fe0f-200d-1f469-1f3fd	-	-
couple_with_heart_woman_woman_medium_dark_skin_tone_medium_skin_tone	1f469-1f3fe-200d-2764-fe0f-200d-1f469-1f3fd	-	-
couple_with_heart_woman_woman_tone4	1f469-1f3fe-200d-2764-fe0f-200d-1f469-1f3fe	-	-
couple_with_heart_woman_woman_medium_dark_skin_tone	1f469-1f3fe-200d-2764-fe0f-200d-1f469-1f3fe	-	-
couple_with_heart_woman_woman_tone4_tone5	1f469-1f3fe-200d-2764-fe0f-200d-1f469-1f3ff	-	-
couple_with_heart_woman_woman_medium_dark_skin_tone_dark_skin_tone	1f469-1f3fe-200d-2764-fe0f-200d-1f469-1f3ff	-	-
couple_with_heart_woman_woman_tone5_tone1	1f469-1f3ff-200d-2764-fe0f-200d-1f469-1f3fb	-	-
couple_with_heart_woman_woman_dark_skin_tone_light_skin_tone	1f469-1f3ff-200d-2764-fe0f-200d-1f469-1f3fb	-	-
couple_with_heart_woman_woman_tone5_tone2	1f469-1f3ff-200d-2764-fe0f-200d-1f469-1f3fc	-	-
couple_with_heart_woman_woman_dark_skin_tone_medium_light_skin_tone	1f469-1f3ff-200d-2764-fe0f-200d-1f469-1f3fc	-	-
couple_with_heart_woman_woman_tone5_tone3	1f469-1f3ff-200d-2764-fe0f-200d-1f469-1f3fd	-	-
couple_with_heart_woman_woman_dark_skin_tone_medium_skin_tone	1f469-1f3ff-200d-2764-fe0f-200d-1f469-1f3fd	-	-
couple_with_heart_woman_woman_tone5_tone4	1f469-1f3ff-200d-2764-fe0f-200d-1f469-1f3fe	-	-
couple_with_heart_woman_woman_dark_skin_tone_medium_dark_skin_tone	1f469-1f3ff-200d-2764-fe0f-200d-1f469-1f3fe	-	-
couple_with_heart_woman_woman_tone5	1f469-1f3ff-200d-2764-fe0f-200d-1f469-1f3ff	-	-
couple_with_heart_woman_woman_dark_skin_tone	1f469-1f3ff-200d-2764-fe0f-200d-1f469-1f3ff	-	-
couple_mm	1f468-200d-2764-fe0f-200d-1f468	people	+
couple_with_heart_mm	1f468-200d-2764-fe0f-200d-1f468	-	+
couple_with_heart_man_man_tone1	1f468-1f3fb-200d-2764-fe0f-200d-1f468-1f3fb	-	-
couple_with_heart_man_man_light_skin_tone	1f468-1f3fb-200d-2764-fe0f-200d-1f468-1f3fb	-	-
couple_with_heart_man_man_tone1_tone2	1f468-1f3fb-200d-2764-fe0f-200d-1f468-1f3fc	-	-
couple_with_heart_man_man_light_skin_tone_medium_light_skin_tone	1f468-1f3fb-200d-2764-fe0f-200d-1f468-1f3fc	-	-
couple_with_heart_man_man_tone1_tone3	1f468-1f3fb-200d-2764-fe0f-200d-1f468-1f3fd	-	-
couple_with_heart_man_man_light_skin_tone_medium_skin_tone	1f468-1f3fb-200d-2764-fe0f-200d-1f468-1f3fd	-	-
couple_with_heart_man_man_tone1_tone4	1f468-1f3fb-200d-2764-fe0f-200d-1f468-1f3fe	-	-
couple_with_heart_man_man_light_skin_tone_medium_dark_skin_tone	1f468-1f3fb-200d-2764-fe0f-200d-1f468-1f3fe	-	-
couple_with_heart_man_man_tone1_tone5	1f468-1f3fb-200d-2764-fe0f-200d-1f468-1f3ff	-	-
couple_with_heart_man_man_light_skin_tone_dark_skin_tone	1f468-1f3fb-200d-2764-fe0f-200d-1f468-1f3ff	-	-
couple_with_heart_man_man_tone2_tone1	1f468-1f3fc-200d-2764-fe0f-200d-1f468-1f3fb	-	-
couple_with_heart_man_man_medium_light_skin_tone_light_skin_tone	1f468-1f3fc-200d-2764-fe0f-200d-1f468-1f3fb	-	-
couple_with_heart_man_man_tone2	1f468-1f3fc-200d-2764-fe0f-200d-1f468-1f3fc	-	-
couple_with_heart_man_man_medium_light_skin_tone	1f468-1f3fc-200d-2764-fe0f-200d-1f468-1f3fc	-	-
couple_with_heart_man_man_tone2_tone3	1f468-1f3fc-200d-2764-fe0f-200d-1f468-1f3fd	-	-
couple_with_heart_man_man_medium_light_skin_tone_medium_skin_tone	1f468-1f3fc-200d-2764-fe0f-200d-1f468-1f3fd	-	-
couple_with_heart_man_man_tone2_tone4	1f468-1f3fc-200d-2764-fe0f-200d-1f468-1f3fe	-	-
couple_with_heart_man_man_medium_light_skin_tone_medium_dark_skin_tone	1f468-1f3fc-200d-2764-fe0f-200d-1f468-1f3fe	-	-
couple_with_heart_man_man_tone2_tone5	1f468-1f3fc-200d-2764-fe0f-200d-1f468-1f3ff	-	-
couple_with_heart_man_man_medium_light_skin_tone_dark_skin_tone	1f468-1f3fc-200d-2764-fe0f-200d-1f468-1f3ff	-	-
couple_with_heart_man_man_tone3_tone1	1f468-1f3fd-200d-2764-fe0f-200d-1f468-1f3fb	-	-
couple_with_heart_man_man_medium_skin_tone_light_skin_tone	1f468-1f3fd-200d-2764-fe0f-200d-1f468-1f3fb	-	-
couple_with_heart_man_man_tone3_tone2	1f468-1f3fd-200d-2764-fe0f-200d-1f468-1f3fc	-	-
couple_with_heart_man_man_medium_skin_tone_medium_light_skin_tone	1f468-1f3fd-200d-2764-fe0f-200d-1f468-1f3fc	-	-
couple_with_heart_man_man_tone3	1f468-1f3fd-200d-2764-fe0f-200d-1f468-1f3fd	-	-
couple_with_heart_man_man_medium_skin_tone	1f468-1f3fd-200d-2764-fe0f-200d-1f468-1f3fd	-	-
couple_with_heart_man_man_tone3_tone4	1f468-1f3fd-200d-2764-fe0f-200d-1f468-1f3fe	-	-
couple_with_heart_man_man_medium_skin_tone_medium_dark_skin_tone	1f468-1f3fd-200d-2764-fe0f-200d-1f468-1f3fe	-	-
couple_with_heart_man_man_tone3_tone5	1f468-1f3fd-200d-2764-fe0f-200d-1f468-1f3ff	-	-
couple_with_heart_man_man_medium_skin_tone_dark_skin_tone	1f468-1f3fd-200d-2764-fe0f-200d-1f468-1f3ff	-	-
couple_with_heart_man_man_tone4_tone1	1f468-1f3fe-200d-2764-fe0f-200d-1f468-1f3fb	-	-
couple_with_heart_man_man_medium_dark_skin_tone_light_skin_tone	1f468-1f3fe-200d-2764-fe0f-200d-1f468-1f3fb	-	-
couple_with_heart_man_man_tone4_tone2	1f468-1f3fe-200d-2764-fe0f-200d-1f468-1f3fc	-	-
couple_with_heart_man_man_medium_dark_skin_tone_medium_light_skin_tone	1f468-1f3fe-200d-2764-fe0f-200d-1f468-1f3fc	-	-
couple_with_heart_man_man_tone4_tone3	1f468-1f3fe-200d-2764-fe0f-200d-1f468-1f3fd	-	-
couple_with_heart_man_man_medium_dark_skin_tone_medium_skin_tone	1f468-1f3fe-200d-2764-fe0f-200d-1f468-1f3fd	-	-
couple_with_heart_man_man_tone4	1f468-1f3fe-200d-2764-fe0f-200d-1f468-1f3fe	-	-
couple_with_heart_man_man_medium_dark_skin_tone	1f468-1f3fe-200d-2764-fe0f-200d-1f468-1f3fe	-	-
couple_with_heart_man_man_tone4_tone5	1f468-1f3fe-200d-2764-fe0f-200d-1f468-1f3ff	-	-
couple_with_heart_man_man_medium_dark_skin_tone_dark_skin_tone	1f468-1f3fe-200d-2764-fe0f-200d-1f468-1f3ff	-	-
couple_with_heart_man_man_tone5_tone1	1f468-1f3ff-200d-2764-fe0f-200d-1f468-1f3fb	-	-
couple_with_heart_man_man_dark_skin_tone_light_skin_tone	1f468-1f3ff-200d-2764-fe0f-200d-1f468-1f3fb	-	-
couple_with_heart_man_man_tone5_tone2	1f468-1f3ff-200d-2764-fe0f-200d-1f468-1f3fc	-	-
couple_with_heart_man_man_dark_skin_tone_medium_light_skin_tone	1f468-1f3ff-200d-2764-fe0f-200d-1f468-1f3fc	-	-
couple_with_heart_man_man_tone5_tone3	1f468-1f3ff-200d-2764-fe0f-200d-1f468-1f3fd	-	-
couple_with_heart_man_man_dark_skin_tone_medium_skin_tone	1f468-1f3ff-200d-2764-fe0f-200d-1f468-1f3fd	-	-
couple_with_heart_man_man_tone5_tone4	1f468-1f3ff-200d-2764-fe0f-200d-1f468-1f3fe	-	-
couple_with_heart_man_man_dark_skin_tone_medium_dark_skin_tone	1f468-1f3ff-200d-2764-fe0f-200d-1f468-1f3fe	-	-
couple_with_heart_man_man_tone5	1f468-1f3ff-200d-2764-fe0f-200d-1f468-1f3ff	-	-
couple_with_heart_man_man_dark_skin_tone	1f468-1f3ff-200d-2764-fe0f-200d-1f468-1f3ff	-	-
couplekiss	1f48f	people	+
kiss_tone1	1f48f-1f3fb	-	-
kiss_light_skin_tone	1f48f-1f3fb	-	-
kiss_person_person_tone1_tone2	1f9d1-1f3fb-200d-2764-fe0f-200d-1f48b-200d-1f9d1-1f3fc	-	-
kiss_person_person_light_skin_tone_medium_light_skin_tone	1f9d1-1f3fb-200d-2764-fe0f-200d-1f48b-200d-1f9d1-1f3fc	-	-
kiss_person_person_tone1_tone3	1f9d1-1f3fb-200d-2764-fe0f-200d-1f48b-200d-1f9d1-1f3fd	-	-
kiss_person_person_light_skin_tone_medium_skin_tone	1f9d1-1f3fb-200d-2764-fe0f-200d-1f48b-200d-1f9d1-1f3fd	-	-
kiss_person_person_tone1_tone4	1f9d1-1f3fb-200d-2764-fe0f-200d-1f48b-200d-1f9d1-1f3fe	-	-
kiss_person_person_light_skin_tone_medium_dark_skin_tone	1f9d1-1f3fb-200d-2764-fe0f-200d-1f48b-200d-1f9d1-1f3fe	-	-
kiss_person_person_tone1_tone5	1f9d1-1f3fb-200d-2764-fe0f-200d-1f48b-200d-1f9d1-1f3ff	-	-
kiss_person_person_light_skin_tone_dark_skin_tone	1f9d1-1f3fb-200d-2764-fe0f-200d-1f48b-200d-1f9d1-1f3ff	-	-
kiss_person_person_tone2_tone1	1f9d1-1f3fc-200d-2764-fe0f-200d-1f48b-200d-1f9d1-1f3fb	-	-
kiss_person_person_medium_light_skin_tone_light_skin_tone	1f9d1-1f3fc-200d-2764-fe0f-200d-1f48b-200d-1f9d1-1f3fb	-	-
kiss_tone2	1f48f-1f3fc	-	-
kiss_medium_light_skin_tone	1f48f-1f3fc	-	-
kiss_person_person_tone2_tone3	1f9d1-1f3fc-200d-2764-fe0f-200d-1f48b-200d-1f9d1-1f3fd	-	-
kiss_person_person_medium_light_skin_tone_medium_skin_tone	1f9d1-1f3fc-200d-2764-fe0f-200d-1f48b-200d-1f9d1-1f3fd	-	-
kiss_person_person_tone2_tone4	1f9d1-1f3fc-200d-2764-fe0f-200d-1f48b-200d-1f9d1-1f3fe	-	-
kiss_person_person_medium_light_skin_tone_medium_dark_skin_tone	1f9d1-1f3fc-200d-2764-fe0f-200d-1f48b-200d-1f9d1-1f3fe	-	-
kiss_person_person_tone2_tone5	1f9d1-1f3fc-200d-2764-fe0f-200d-1f48b-200d-1f9d1-1f3ff	-	-
kiss_person_person_medium_light_skin_tone_dark_skin_tone	1f9d1-1f3fc-200d-2764-fe0f-200d-1f48b-200d-1f9d1-1f3ff	-	-
kiss_person_person_tone3_tone1	1f9d1-1f3fd-200d-2764-fe0f-200d-1f48b-200d-1f9d1-1f3fb	-	-
kiss_person_person_medium_skin_tone_light_skin_tone	1f9d1-1f3fd-200d-2764-fe0f-200d-1f48b-200d-1f9d1-1f3fb	-	-
kiss_person_person_tone3_tone2	1f9d1-1f3fd-200d-2764-fe0f-200d-1f48b-200d-1f9d1-1f3fc	-	-
kiss_person_person_medium_skin_tone_medium_light_skin_tone	1f9d1-1f3fd-200d-2764-fe0f-200d-1f48b-200d-1f9d1-1f3fc	-	-
kiss_tone3	1f48f-1f3fd	-	-
kiss_medium_skin_tone	1f48f-1f3fd	-	-
kiss_person_person_tone3_tone4	1f9d1-1f3fd-200d-2764-fe0f-200d-1f48b-200d-1f9d1-1f3fe	-	-
kiss_person_person_medium_skin_tone_medium_dark_skin_tone	1f9d1-1f3fd-200d-2764-fe0f-200d-1f48b-200d-1f9d1-1f3fe	-	-
kiss_person_person_tone3_tone5	1f9d1-1f3fd-200d-2764-fe0f-200d-1f48b-200d-1f9d1-1f3ff	-	-
kiss_person_person_medium_skin_tone_dark_skin_tone	1f9d1-1f3fd-200d-2764-fe0f-200d-1f48b-200d-1f9d1-1f3ff	-	-
kiss_person_person_tone4_tone1	1f9d1-1f3fe-200d-2764-fe0f-200d-1f48b-200d-1f9d1-1f3fb	-	-
kiss_person_person_medium_dark_skin_tone_light_skin_tone	1f9d1-1f3fe-200d-2764-fe0f-200d-1f48b-200d-1f9d1-1f3fb	-	-
kiss_person_person_tone4_tone2	1f9d1-1f3fe-200d-2764-fe0f-200d-1f48b-200d-1f9d1-1f3fc	-	-
kiss_person_person_medium_dark_skin_tone_medium_light_skin_tone	1f9d1-1f3fe-200d-2764-fe0f-200d-1f48b-200d-1f9d1-1f3fc	-	-
kiss_person_person_tone4_tone3	1f9d1-1f3fe-200d-2764-fe0f-200d-1f48b-200d-1f9d1-1f3fd	-	-
kiss_person_person_medium_dark_skin_tone_medium_skin_tone	1f9d1-1f3fe-200d-2764-fe0f-200d-1f48b-200d-1f9d1-1f3fd	-	-
kiss_tone4	1f48f-1f3fe	-	-
kiss_medium_dark_skin_tone	1f48f-1f3fe	-	-
kiss_person_person_tone4_tone5	1f9d1-1f3fe-200d-2764-fe0f-200d-1f48b-200d-1f9d1-1f3ff	-	-
kiss_person_person_medium_dark_skin_tone_dark_skin_tone	1f9d1-1f3fe-200d-2764-fe0f-200d-1f48b-200d-1f9d1-1f3ff	-	-
kiss_person_person_tone5_tone1	1f9d1-1f3ff-200d-2764-fe0f-200d-1f48b-200d-1f9d1-1f3fb	-	-
kiss_person_person_dark_skin_tone_light_skin_tone	1f9d1-1f3ff-200d-2764-fe0f-200d-1f48b-200d-1f9d1-1f3fb	-	-
kiss_person_person_tone5_tone2	1f9d1-1f3ff-200d-2764-fe0f-200d-1f48b-200d-1f9d1-1f3fc	-	-
kiss_person_person_dark_skin_tone_medium_light_skin_tone	1f9d1-1f3ff-200d-2764-fe0f-200d-1f48b-200d-1f9d1-1f3fc	-	-
kiss_person_person_tone5_tone3	1f9d1-1f3ff-200d-2764-fe0f-200d-1f48b-200d-1f9d1-1f3fd	-	-
kiss_person_person_dark_skin_tone_medium_skin_tone	1f9d1-1f3ff-200d-2764-fe0f-200d-1f48b-200d-1f9d1-1f3fd	-	-
kiss_person_person_tone5_tone4	1f9d1-1f3ff-200d-2764-fe0f-200d-1f48b-200d-1f9d1-1f3fe	-	-
kiss_person_person_dark_skin_tone_medium_dark_skin_tone	1f9d1-1f3ff-200d-2764-fe0f-200d-1f48b-200d-1f9d1-1f3fe	-	-
kiss_tone5	1f48f-1f3ff	-	-
kiss_dark_skin_tone	1f48f-1f3ff	-	-
kiss_woman_man	1f469-200d-2764-fe0f-200d-1f48b-200d-1f468	people	+
kiss_woman_man_tone1	1f469-1f3fb-200d-2764-fe0f-200d-1f48b-200d-1f468-1f3fb	-	-
kiss_woman_man_light_skin_tone	1f469-1f3fb-200d-2764-fe0f-200d-1f48b-200d-1f468-1f3fb	-	-
kiss_woman_man_tone1_tone2	1f469-1f3fb-200d-2764-fe0f-200d-1f48b-200d-1f468-1f3fc	-	-
kiss_woman_man_light_skin_tone_medium_light_skin_tone	1f469-1f3fb-200d-2764-fe0f-200d-1f48b-200d-1f468-1f3fc	-	-
kiss_woman_man_tone1_tone3	1f469-1f3fb-200d-2764-fe0f-200d-1f48b-200d-1f468-1f3fd	-	-
kiss_woman_man_light_skin_tone_medium_skin_tone	1f469-1f3fb-200d-2764-fe0f-200d-1f48b-200d-1f468-1f3fd	-	-
kiss_woman_man_tone1_tone4	1f469-1f3fb-200d-2764-fe0f-200d-1f48b-200d-1f468-1f3fe	-	-
kiss_woman_man_light_skin_tone_medium_dark_skin_tone	1f469-1f3fb-200d-2764-fe0f-200d-1f48b-200d-1f468-1f3fe	-	-
kiss_woman_man_tone1_tone5	1f469-1f3fb-200d-2764-fe0f-200d-1f48b-200d-1f468-1f3ff	-	-
kiss_woman_man_light_skin_tone_dark_skin_tone	1f469-1f3fb-200d-2764-fe0f-200d-1f48b-200d-1f468-1f3ff	-	-
kiss_woman_man_tone2_tone1	1f469-1f3fc-200d-2764-fe0f-200d-1f48b-200d-1f468-1f3fb	-	-
kiss_woman_man_medium_light_skin_tone_light_skin_tone	1f469-1f3fc-200d-2764-fe0f-200d-1f48b-200d-1f468-1f3fb	-	-
kiss_woman_man_tone2	1f469-1f3fc-200d-2764-fe0f-200d-1f48b-200d-1f468-1f3fc	-	-
kiss_woman_man_medium_light_skin_tone	1f469-1f3fc-200d-2764-fe0f-200d-1f48b-200d-1f468-1f3fc	-	-
kiss_woman_man_tone2_tone3	1f469-1f3fc-200d-2764-fe0f-200d-1f48b-200d-1f468-1f3fd	-	-
kiss_woman_man_medium_light_skin_tone_medium_skin_tone	1f469-1f3fc-200d-2764-fe0f-200d-1f48b-200d-1f468-1f3fd	-	-
kiss_woman_man_tone2_tone4	1f469-1f3fc-200d-2764-fe0f-200d-1f48b-200d-1f468-1f3fe	-	-
kiss_woman_man_medium_light_skin_tone_medium_dark_skin_tone	1f469-1f3fc-200d-2764-fe0f-200d-1f48b-200d-1f468-1f3fe	-	-
kiss_woman_man_tone2_tone5	1f469-1f3fc-200d-2764-fe0f-200d-1f48b-200d-1f468-1f3ff	-	-
kiss_woman_man_medium_light_skin_tone_dark_skin_tone	1f469-1f3fc-200d-2764-fe0f-200d-1f48b-200d-1f468-1f3ff	-	-
kiss_woman_man_tone3_tone1	1f469-1f3fd-200d-2764-fe0f-200d-1f48b-200d-1f468-1f3fb	-	-
kiss_woman_man_medium_skin_tone_light_skin_tone	1f469-1f3fd-200d-2764-fe0f-200d-1f48b-200d-1f468-1f3fb	-	-
kiss_woman_man_tone3_tone2	1f469-1f3fd-200d-2764-fe0f-200d-1f48b-200d-1f468-1f3fc	-	-
kiss_woman_man_medium_skin_tone_medium_light_skin_tone	1f469-1f3fd-200d-2764-fe0f-200d-1f48b-200d-1f468-1f3fc	-	-
kiss_woman_man_tone3	1f469-1f3fd-200d-2764-fe0f-200d-1f48b-200d-1f468-1f3fd	-	-
kiss_woman_man_medium_skin_tone	1f469-1f3fd-200d-2764-fe0f-200d-1f48b-200d-1f468-1f3fd	-	-
kiss_woman_man_tone3_tone4	1f469-1f3fd-200d-2764-fe0f-200d-1f48b-200d-1f468-1f3fe	-	-
kiss_woman_man_medium_skin_tone_medium_dark_skin_tone	1f469-1f3fd-200d-2764-fe0f-200d-1f48b-200d-1f468-1f3fe	-	-
kiss_woman_man_tone3_tone5	1f469-1f3fd-200d-2764-fe0f-200d-1f48b-200d-1f468-1f3ff	-	-
kiss_woman_man_medium_skin_tone_dark_skin_tone	1f469-1f3fd-200d-2764-fe0f-200d-1f48b-200d-1f468-1f3ff	-	-
kiss_woman_man_tone4_tone1	1f469-1f3fe-200d-2764-fe0f-200d-1f48b-200d-1f468-1f3fb	-	-
kiss_woman_man_medium_dark_skin_tone_light_skin_tone	1f469-1f3fe-200d-2764-fe0f-200d-1f48b-200d-1f468-1f3fb	-	-
kiss_woman_man_tone4_tone2	1f469-1f3fe-200d-2764-fe0f-200d-1f48b-200d-1f468-1f3fc	-	-
kiss_woman_man_medium_dark_skin_tone_medium_light_skin_tone	1f469-1f3fe-200d-2764-fe0f-200d-1f48b-200d-1f468-1f3fc	-	-
kiss_woman_man_tone4_tone3	1f469-1f3fe-200d-2764-fe0f-200d-1f48b-200d-1f468-1f3fd	-	-
kiss_woman_man_medium_dark_skin_tone_medium_skin_tone	1f469-1f3fe-200d-2764-fe0f-200d-1f48b-200d-1f468-1f3fd	-	-
kiss_woman_man_tone4	1f469-1f3fe-200d-2764-fe0f-200d-1f48b-200d-1f468-1f3fe	-	-
kiss_woman_man_medium_dark_skin_tone	1f469-1f3fe-200d-2764-fe0f-200d-1f48b-200d-1f468-1f3fe	-	-
kiss_woman_man_tone4_tone5	1f469-1f3fe-200d-2764-fe0f-200d-1f48b-200d-1f468-1f3ff	-	-
kiss_woman_man_medium_dark_skin_tone_dark_skin_tone	1f469-1f3fe-200d-2764-fe0f-200d-1f48b-200d-1f468-1f3ff	-	-
kiss_woman_man_tone5_tone1	1f469-1f3ff-200d-2764-fe0f-200d-1f48b-200d-1f468-1f3fb	-	-
kiss_woman_man_dark_skin_tone_light_skin_tone	1f469-1f3ff-200d-2764-fe0f-200d-1f48b-200d-1f468-1f3fb	-	-
kiss_woman_man_tone5_tone2	1f469-1f3ff-200d-2764-fe0f-200d-1f48b-200d-1f468-1f3fc	-	-
kiss_woman_man_dark_skin_tone_medium_light_skin_tone	1f469-1f3ff-200d-2764-fe0f-200d-1f48b-200d-1f468-1f3fc	-	-
kiss_woman_man_tone5_tone3	1f469-1f3ff-200d-2764-fe0f-200d-1f48b-200d-1f468-1f3fd	-	-
kiss_woman_man_dark_skin_tone_medium_skin_tone	1f469-1f3ff-200d-2764-fe0f-200d-1f48b-200d-1f468-1f3fd	-	-
kiss_woman_man_tone5_tone4	1f469-1f3ff-200d-2764-fe0f-200d-1f48b-200d-1f468-1f3fe	-	-
kiss_woman_man_dark_skin_tone_medium_dark_skin_tone	1f469-1f3ff-200d-2764-fe0f-200d-1f48b-200d-1f468-1f3fe	-	-
kiss_woman_man_tone5	1f469-1f3ff-200d-2764-fe0f-200d-1f48b-200d-1f468-1f3ff	-	-
kiss_woman_man_dark_skin_tone	1f469-1f3ff-200d-2764-fe0f-200d-1f48b-200d-1f468-1f3ff	-	-
kiss_ww	1f469-200d-2764-fe0f-200d-1f48b-200d-1f469	people	+
couplekiss_ww	1f469-200d-2764-fe0f-200d-1f48b-200d-1f469	-	+
kiss_woman_woman_tone1	1f469-1f3fb-200d-2764-fe0f-200d-1f48b-200d-1f469-1f3fb	-	-
kiss_woman_woman_light_skin_tone	1f469-1f3fb-200d-2764-fe0f-200d-1f48b-200d-1f469-1f3fb	-	-
kiss_woman_woman_tone1_tone2	1f469-1f3fb-200d-2764-fe0f-200d-1f48b-200d-1f469-1f3fc	-	-
kiss_woman_woman_light_skin_tone_medium_light_skin_tone	1f469-1f3fb-200d-2764-fe0f-200d-1f48b-200d-1f469-1f3fc	-	-
kiss_woman_woman_tone1_tone3	1f469-1f3fb-200d-2764-fe0f-200d-1f48b-200d-1f469-1f3fd	-	-
kiss_woman_woman_light_skin_tone_medium_skin_tone	1f469-1f3fb-200d-2764-fe0f-200d-1f48b-200d-1f469-1f3fd	-	-
kiss_woman_woman_tone1_tone4	1f469-1f3fb-200d-2764-fe0f-200d-1f48b-200d-1f469-1f3fe	-	-
kiss_woman_woman_light_skin_tone_medium_dark_skin_tone	1f469-1f3fb-200d-2764-fe0f-200d-1f48b-200d-1f469-1f3fe	-	-
kiss_woman_woman_tone1_tone5	1f469-1f3fb-200d-2764-fe0f-200d-1f48b-200d-1f469-1f3ff	-	-
kiss_woman_woman_light_skin_tone_dark_skin_tone	1f469-1f3fb-200d-2764-fe0f-200d-1f48b-200d-1f469-1f3ff	-	-
kiss_woman_woman_tone2_tone1	1f469-1f3fc-200d-2764-fe0f-200d-1f48b-200d-1f469-1f3fb	-	-
kiss_woman_woman_medium_light_skin_tone_light_skin_tone	1f469-1f3fc-200d-2764-fe0f-200d-1f48b-200d-1f469-1f3fb	-	-
kiss_woman_woman_tone2	1f469-1f3fc-200d-2764-fe0f-200d-1f48b-200d-1f469-1f3fc	-	-
kiss_woman_woman_medium_light_skin_tone	1f469-1f3fc-200d-2764-fe0f-200d-1f48b-200d-1f469-1f3fc	-	-
kiss_woman_woman_tone2_tone3	1f469-1f3fc-200d-2764-fe0f-200d-1f48b-200d-1f469-1f3fd	-	-
kiss_woman_woman_medium_light_skin_tone_medium_skin_tone	1f469-1f3fc-200d-2764-fe0f-200d-1f48b-200d-1f469-1f3fd	-	-
kiss_woman_woman_tone2_tone4	1f469-1f3fc-200d-2764-fe0f-200d-1f48b-200d-1f469-1f3fe	-	-
kiss_woman_woman_medium_light_skin_tone_medium_dark_skin_tone	1f469-1f3fc-200d-2764-fe0f-200d-1f48b-200d-1f469-1f3fe	-	-
kiss_woman_woman_tone2_tone5	1f469-1f3fc-200d-2764-fe0f-200d-1f48b-200d-1f469-1f3ff	-	-
kiss_woman_woman_medium_light_skin_tone_dark_skin_tone	1f469-1f3fc-200d-2764-fe0f-200d-1f48b-200d-1f469-1f3ff	-	-
kiss_woman_woman_tone3_tone1	1f469-1f3fd-200d-2764-fe0f-200d-1f48b-200d-1f469-1f3fb	-	-
kiss_woman_woman_medium_skin_tone_light_skin_tone	1f469-1f3fd-200d-2764-fe0f-200d-1f48b-200d-1f469-1f3fb	-	-
kiss_woman_woman_tone3_tone2	1f469-1f3fd-200d-2764-fe0f-200d-1f48b-200d-1f469-1f3fc	-	-
kiss_woman_woman_medium_skin_tone_medium_light_skin_tone	1f469-1f3fd-200d-2764-fe0f-200d-1f48b-200d-1f469-1f3fc	-	-
kiss_woman_woman_tone3	1f469-1f3fd-200d-2764-fe0f-200d-1f48b-200d-1f469-1f3fd	-	-
kiss_woman_woman_medium_skin_tone	1f469-1f3fd-200d-2764-fe0f-200d-1f48b-200d-1f469-1f3fd	-	-
kiss_woman_woman_tone3_tone4	1f469-1f3fd-200d-2764-fe0f-200d-1f48b-200d-1f469-1f3fe	-	-
kiss_woman_woman_medium_skin_tone_medium_dark_skin_tone	1f469-1f3fd-200d-2764-fe0f-200d-1f48b-200d-1f469-1f3fe	-	-
kiss_woman_woman_tone3_tone5	1f469-1f3fd-200d-2764-fe0f-200d-1f48b-200d-1f469-1f3ff	-	-
kiss_woman_woman_medium_skin_tone_dark_skin_tone	1f469-1f3fd-200d-2764-fe0f-200d-1f48b-200d-1f469-1f3ff	-	-
kiss_woman_woman_tone4_tone1	1f469-1f3fe-200d-2764-fe0f-200d-1f48b-200d-1f469-1f3fb	-	-
kiss_woman_woman_medium_dark_skin_tone_light_skin_tone	1f469-1f3fe-200d-2764-fe0f-200d-1f48b-200d-1f469-1f3fb	-	-
kiss_woman_woman_tone4_tone2	1f469-1f3fe-200d-2764-fe0f-200d-1f48b-200d-1f469-1f3fc	-	-
kiss_woman_woman_medium_dark_skin_tone_medium_light_skin_tone	1f469-1f3fe-200d-2764-fe0f-200d-1f48b-200d-1f469-1f3fc	-	-
kiss_woman_woman_tone4_tone3	1f469-1f3fe-200d-2764-fe0f-200d-1f48b-200d-1f469-1f3fd	-	-
kiss_woman_woman_medium_dark_skin_tone_medium_skin_tone	1f469-1f3fe-200d-2764-fe0f-200d-1f48b-200d-1f469-1f3fd	-	-
kiss_woman_woman_tone4	1f469-1f3fe-200d-2764-fe0f-200d-1f48b-200d-1f469-1f3fe	-	-
kiss_woman_woman_medium_dark_skin_tone	1f469-1f3fe-200d-2764-fe0f-200d-1f48b-200d-1f469-1f3fe	-	-
kiss_woman_woman_tone4_tone5	1f469-1f3fe-200d-2764-fe0f-200d-1f48b-200d-1f469-1f3ff	-	-
kiss_woman_woman_medium_dark_skin_tone_dark_skin_tone	1f469-1f3fe-200d-2764-fe0f-200d-1f48b-200d-1f469-1f3ff	-	-
kiss_woman_woman_tone5_tone1	1f469-1f3ff-200d-2764-fe0f-200d-1f48b-200d-1f469-1f3fb	-	-
kiss_woman_woman_dark_skin_tone_light_skin_tone	1f469-1f3ff-200d-2764-fe0f-200d-1f48b-200d-1f469-1f3fb	-	-
kiss_woman_woman_tone5_tone2	1f469-1f3ff-200d-2764-fe0f-200d-1f48b-200d-1f469-1f3fc	-	-
kiss_woman_woman_dark_skin_tone_medium_light_skin_tone	1f469-1f3ff-200d-2764-fe0f-200d-1f48b-200d-1f469-1f3fc	-	-
kiss_woman_woman_tone5_tone3	1f469-1f3ff-200d-2764-fe0f-200d-1f48b-200d-1f469-1f3fd	-	-
kiss_woman_woman_dark_skin_tone_medium_skin_tone	1f469-1f3ff-200d-2764-fe0f-200d-1f48b-200d-1f469-1f3fd	-	-
kiss_woman_woman_tone5_tone4	1f469-1f3ff-200d-2764-fe0f-200d-1f48b-200d-1f469-1f3fe	-	-
kiss_woman_woman_dark_skin_tone_medium_dark_skin_tone	1f469-1f3ff-200d-2764-fe0f-200d-1f48b-200d-1f469-1f3fe	-	-
kiss_woman_woman_tone5	1f469-1f3ff-200d-2764-fe0f-200d-1f48b-200d-1f469-1f3ff	-	-
kiss_woman_woman_dark_skin_tone	1f469-1f3ff-200d-2764-fe0f-200d-1f48b-200d-1f469-1f3ff	-	-
kiss_mm	1f468-200d-2764-fe0f-200d-1f48b-200d-1f468	people	+
couplekiss_mm	1f468-200d-2764-fe0f-200d-1f48b-200d-1f468	-	+
kiss_man_man	1f468-200d-2764-fe0f-200d-1f48b-200d-1f468	-	-
kiss_man_man_tone1	1f468-1f3fb-200d-2764-fe0f-200d-1f48b-200d-1f468-1f3fb	-	-
kiss_man_man_light_skin_tone	1f468-1f3fb-200d-2764-fe0f-200d-1f48b-200d-1f468-1f3fb	-	-
kiss_man_man_tone1_tone2	1f468-1f3fb-200d-2764-fe0f-200d-1f48b-200d-1f468-1f3fc	-	-
kiss_man_man_light_skin_tone_medium_light_skin_tone	1f468-1f3fb-200d-2764-fe0f-200d-1f48b-200d-1f468-1f3fc	-	-
kiss_man_man_tone1_tone3	1f468-1f3fb-200d-2764-fe0f-200d-1f48b-200d-1f468-1f3fd	-	-
kiss_man_man_light_skin_tone_medium_skin_tone	1f468-1f3fb-200d-2764-fe0f-200d-1f48b-200d-1f468-1f3fd	-	-
kiss_man_man_tone1_tone4	1f468-1f3fb-200d-2764-fe0f-200d-1f48b-200d-1f468-1f3fe	-	-
kiss_man_man_light_skin_tone_medium_dark_skin_tone	1f468-1f3fb-200d-2764-fe0f-200d-1f48b-200d-1f468-1f3fe	-	-
kiss_man_man_tone1_tone5	1f468-1f3fb-200d-2764-fe0f-200d-1f48b-200d-1f468-1f3ff	-	-
kiss_man_man_light_skin_tone_dark_skin_tone	1f468-1f3fb-200d-2764-fe0f-200d-1f48b-200d-1f468-1f3ff	-	-
kiss_man_man_tone2_tone1	1f468-1f3fc-200d-2764-fe0f-200d-1f48b-200d-1f468-1f3fb	-	-
kiss_man_man_medium_light_skin_tone_light_skin_tone	1f468-1f3fc-200d-2764-fe0f-200d-1f48b-200d-1f468-1f3fb	-	-
kiss_man_man_tone2	1f468-1f3fc-200d-2764-fe0f-200d-1f48b-200d-1f468-1f3fc	-	-
kiss_man_man_medium_light_skin_tone	1f468-1f3fc-200d-2764-fe0f-200d-1f48b-200d-1f468-1f3fc	-	-
kiss_man_man_tone2_tone3	1f468-1f3fc-200d-2764-fe0f-200d-1f48b-200d-1f468-1f3fd	-	-
kiss_man_man_medium_light_skin_tone_medium_skin_tone	1f468-1f3fc-200d-2764-fe0f-200d-1f48b-200d-1f468-1f3fd	-	-
kiss_man_man_tone2_tone4	1f468-1f3fc-200d-2764-fe0f-200d-1f48b-200d-1f468-1f3fe	-	-
kiss_man_man_medium_light_skin_tone_medium_dark_skin_tone	1f468-1f3fc-200d-2764-fe0f-200d-1f48b-200d-1f468-1f3fe	-	-
kiss_man_man_tone2_tone5	1f468-1f3fc-200d-2764-fe0f-200d-1f48b-200d-1f468-1f3ff	-	-
kiss_man_man_medium_light_skin_tone_dark_skin_tone	1f468-1f3fc-200d-2764-fe0f-200d-1f48b-200d-1f468-1f3ff	-	-
kiss_man_man_tone3_tone1	1f468-1f3fd-200d-2764-fe0f-200d-1f48b-200d-1f468-1f3fb	-	-
kiss_man_man_medium_skin_tone_light_skin_tone	1f468-1f3fd-200d-2764-fe0f-200d-1f48b-200d-1f468-1f3fb	-	-
kiss_man_man_tone3_tone2	1f468-1f3fd-200d-2764-fe0f-200d-1f48b-200d-1f468-1f3fc	-	-
kiss_man_man_medium_skin_tone_medium_light_skin_tone	1f468-1f3fd-200d-2764-fe0f-200d-1f48b-200d-1f468-1f3fc	-	-
kiss_man_man_tone3	1f468-1f3fd-200d-2764-fe0f-200d-1f48b-200d-1f468-1f3fd	-	-
kiss_man_man_medium_skin_tone	1f468-1f3fd-200d-2764-fe0f-200d-1f48b-200d-1f468-1f3fd	-	-
kiss_man_man_tone3_tone4	1f468-1f3fd-200d-2764-fe0f-200d-1f48b-200d-1f468-1f3fe	-	-
kiss_man_man_medium_skin_tone_medium_dark_skin_tone	1f468-1f3fd-200d-2764-fe0f-200d-1f48b-200d-1f468-1f3fe	-	-
kiss_man_man_tone3_tone5	1f468-1f3fd-200d-2764-fe0f-200d-1f48b-200d-1f468-1f3ff	-	-
kiss_man_man_medium_skin_tone_dark_skin_tone	1f468-1f3fd-200d-2764-fe0f-200d-1f48b-200d-1f468-1f3ff	-	-
kiss_man_man_tone4_tone1	1f468-1f3fe-200d-2764-fe0f-200d-1f48b-200d-1f468-1f3fb	-	-
kiss_man_man_medium_dark_skin_tone_light_skin_tone	1f468-1f3fe-200d-2764-fe0f-200d-1f48b-200d-1f468-1f3fb	-	-
kiss_man_man_tone4_tone2	1f468-1f3fe-200d-2764-fe0f-200d-1f48b-200d-1f468-1f3fc	-	-
kiss_man_man_medium_dark_skin_tone_medium_light_skin_tone	1f468-1f3fe-200d-2764-fe0f-200d-1f48b-200d-1f468-1f3fc	-	-
kiss_man_man_tone4_tone3	1f468-1f3fe-200d-2764-fe0f-200d-1f48b-200d-1f468-1f3fd	-	-
kiss_man_man_medium_dark_skin_tone_medium_skin_tone	1f468-1f3fe-200d-2764-fe0f-200d-1f48b-200d-1f468-1f3fd	-	-
kiss_man_man_tone4	1f468-1f3fe-200d-2764-fe0f-200d-1f48b-200d-1f468-1f3fe	-	-
kiss_man_man_medium_dark_skin_tone	1f468-1f3fe-200d-2764-fe0f-200d-1f48b-200d-1f468-1f3fe	-	-
kiss_man_man_tone4_tone5	1f468-1f3fe-200d-2764-fe0f-200d-1f48b-200d-1f468-1f3ff	-	-
kiss_man_man_medium_dark_skin_tone_dark_skin_tone	1f468-1f3fe-200d-2764-fe0f-200d-1f48b-200d-1f468-1f3ff	-	-
kiss_man_man_tone5_tone1	1f468-1f3ff-200d-2764-fe0f-200d-1f48b-200d-1f468-1f3fb	-	-
kiss_man_man_dark_skin_tone_light_skin_tone	1f468-1f3ff-200d-2764-fe0f-200d-1f48b-200d-1f468-1f3fb	-	-
kiss_man_man_tone5_tone2	1f468-1f3ff-200d-2764-fe0f-200d-1f48b-200d-1f468-1f3fc	-	-
kiss_man_man_dark_skin_tone_medium_light_skin_tone	1f468-1f3ff-200d-2764-fe0f-200d-1f48b-200d-1f468-1f3fc	-	-
kiss_man_man_tone5_tone3	1f468-1f3ff-200d-2764-fe0f-200d-1f48b-200d-1f468-1f3fd	-	-
kiss_man_man_dark_skin_tone_medium_skin_tone	1f468-1f3ff-200d-2764-fe0f-200d-1f48b-200d-1f468-1f3fd	-	-
kiss_man_man_tone5_tone4	1f468-1f3ff-200d-2764-fe0f-200d-1f48b-200d-1f468-1f3fe	-	-
kiss_man_man_dark_skin_tone_medium_dark_skin_tone	1f468-1f3ff-200d-2764-fe0f-200d-1f48b-200d-1f468-1f3fe	-	-
kiss_man_man_tone5	1f468-1f3ff-200d-2764-fe0f-200d-1f48b-200d-1f468-1f3ff	-	-
kiss_man_man_dark_skin_tone	1f468-1f3ff-200d-2764-fe0f-200d-1f48b-200d-1f468-1f3ff	-	-
family_adult_adult_child	1f9d1-200d-1f9d1-200d-1f9d2	people	-
family_adult_adult_child_child	1f9d1-200d-1f9d1-200d-1f9d2-200d-1f9d2	people	-
family_adult_child_child	1f9d1-200d-1f9d2-200d-1f9d2	people	-
family_adult_child	1f9d1-200d-1f9d2	people	-
family	1f46a	people	+
family_man_woman_boy	1f468-200d-1f469-200d-1f466	people	+
family_mwg	1f468-200d-1f469-200d-1f467	people	+
family_mwgb	1f468-200d-1f469-200d-1f467-200d-1f466	people	+
family_mwbb	1f468-200d-1f469-200d-1f466-200d-1f466	people	+
family_mwgg	1f468-200d-1f469-200d-1f467-200d-1f467	people	+
family_wwb	1f469-200d-1f469-200d-1f466	people	+
family_wwg	1f469-200d-1f469-200d-1f467	people	+
family_wwgb	1f469-200d-1f469-200d-1f467-200d-1f466	people	+
family_wwbb	1f469-200d-1f469-200d-1f466-200d-1f466	people	+
family_wwgg	1f469-200d-1f469-200d-1f467-200d-1f467	people	+
family_mmb	1f468-200d-1f468-200d-1f466	people	+
family_mmg	1f468-200d-1f468-200d-1f467	people	+
family_mmgb	1f468-200d-1f468-200d-1f467-200d-1f466	people	+
family_mmbb	1f468-200d-1f468-200d-1f466-200d-1f466	people	+
family_mmgg	1f468-200d-1f468-200d-1f467-200d-1f467	people	+
family_woman_boy	1f469-200d-1f466	people	+
family_woman_girl	1f469-200d-1f467	people	+
family_woman_girl_boy	1f469-200d-1f467-200d-1f466	people	+
family_woman_boy_boy	1f469-200d-1f466-200d-1f466	people	+
family_woman_girl_girl	1f469-200d-1f467-200d-1f467	people	+
family_man_boy	1f468-200d-1f466	people	+
family_man_girl	1f468-200d-1f467	people	+
family_man_girl_boy	1f468-200d-1f467-200d-1f466	people	+
family_man_boy_boy	1f468-200d-1f466-200d-1f466	people	+
family_man_girl_girl	1f468-200d-1f467-200d-1f467	people	+
knot	1faa2	people	-
yarn	1f9f6	people	+
thread	1f9f5	people	+
sewing_needle	1faa1	people	-
coat	1f9e5	people	+
lab_coat	1f97c	people	+
safety_vest	1f9ba	people	-
womans_clothes	1f45a	people	+
shirt	1f455	people	+
t_shirt	1f455	-	-
jeans	1f456	people	+
briefs	1fa72	people	-
shorts	1fa73	people	-
necktie	1f454	people	+
dress	1f457	people	+
bikini	1f459	people	+
one_piece_swimsuit	1fa71	people	-
kimono	1f458	people	+
sari	1f97b	people	-
thong_sandal	1fa74	people	-
womans_flat_shoe	1f97f	people	+
flat_shoe	1f97f	-	-
high_heel	1f460	people	+
sandal	1f461	people	+
womans_sandal	1f461	-	-
boot	1f462	people	+
womans_boot	1f462	-	-
mans_shoe	1f45e	people	+
athletic_shoe	1f45f	people	+
running_shoe	1f45f	-	-
hiking_boot	1f97e	people	+
socks	1f9e6	people	+
gloves	1f9e4	people	+
scarf	1f9e3	people	+
tophat	1f3a9	people	+
top_hat	1f3a9	-	-
billed_cap	1f9e2	people	+
womans_hat	1f452	people	+
mortar_board	1f393	people	+
helmet_with_cross	26d1-fe0f	people	+
helmet_with_white_cross	26d1-fe0f	-	+
military_helmet	1fa96	people	-
crown	1f451	people	+
ring	1f48d	people	+
pouch	1f45d	people	+
clutch_bag	1f45d	-	-
purse	1f45b	people	+
handbag	1f45c	people	+
briefcase	1f4bc	people	+
school_satchel	1f392	people	+
backpack	1f392	-	-
luggage	1f9f3	people	+
eyeglasses	1f453	people	+
glasses	1f453	-	-
dark_sunglasses	1f576-fe0f	people	+
goggles	1f97d	people	+
closed_umbrella	1f302	people	+
dog	1f436	nature	+
dog_face	1f436	-	-
cat	1f431	nature	+
cat_face	1f431	-	-
mouse	1f42d	nature	+
mouse_face	1f42d	-	-
hamster	1f439	nature	+
rabbit	1f430	nature	+
rabbit_face	1f430	-	-
fox	1f98a	nature	+
fox_face	1f98a	-	+
bear	1f43b	nature	+
panda_face	1f43c	nature	+
panda	1f43c	-	-
polar_bear	1f43b-200d-2744-fe0f	nature	-
koala	1f428	nature	+
tiger	1f42f	nature	+
tiger_face	1f42f	-	-
lion_face	1f981	nature	+
lion	1f981	-	+
cow	1f42e	nature	+
cow_face	1f42e	-	-
pig	1f437	nature	+
pig_face	1f437	-	-
pig_nose	1f43d	nature	+
frog	1f438	nature	+
monkey_face	1f435	nature	+
see_no_evil	1f648	nature	+
hear_no_evil	1f649	nature	+
speak_no_evil	1f64a	nature	+
monkey	1f412	nature	+
chicken	1f414	nature	+
penguin	1f427	nature	+
bird	1f426	nature	+
baby_chick	1f424	nature	+
hatching_chick	1f423	nature	+
hatched_chick	1f425	nature	+
goose	1fabf	nature	-
duck	1f986	nature	+
black_bird	1f426-200d-2b1b	nature	-
eagle	1f985	nature	+
owl	1f989	nature	+
bat	1f987	nature	+
wolf	1f43a	nature	+
boar	1f417	nature	+
horse	1f434	nature	+
horse_face	1f434	-	-
unicorn	1f984	nature	+
unicorn_face	1f984	-	+
moose	1face	nature	-
bee	1f41d	nature	+
honeybee	1f41d	-	-
worm	1fab1	nature	-
bug	1f41b	nature	+
butterfly	1f98b	nature	+
snail	1f40c	nature	+
lady_beetle	1f41e	nature	-
ant	1f41c	nature	+
fly	1fab0	nature	-
beetle	1fab2	nature	+
cockroach	1fab3	nature	-
mosquito	1f99f	nature	+
cricket	1f997	nature	+
spider	1f577-fe0f	nature	+
spider_web	1f578-fe0f	nature	+
scorpion	1f982	nature	+
turtle	1f422	nature	+
snake	1f40d	nature	+
lizard	1f98e	nature	+
t_rex	1f996	nature	+
sauropod	1f995	nature	+
octopus	1f419	nature	+
squid	1f991	nature	+
jellyfish	1fabc	nature	-
shrimp	1f990	nature	+
lobster	1f99e	nature	+
crab	1f980	nature	+
blowfish	1f421	nature	+
tropical_fish	1f420	nature	+
fish	1f41f	nature	+
dolphin	1f42c	nature	+
whale	1f433	nature	+
whale2	1f40b	nature	+
shark	1f988	nature	+
seal	1f9ad	nature	-
crocodile	1f40a	nature	+
tiger2	1f405	nature	+
leopard	1f406	nature	+
zebra	1f993	nature	+
gorilla	1f98d	nature	+
orangutan	1f9a7	nature	-
mammoth	1f9a3	nature	-
elephant	1f418	nature	+
hippopotamus	1f99b	nature	+
rhino	1f98f	nature	+
rhinoceros	1f98f	-	+
dromedary_camel	1f42a	nature	+
camel	1f42b	nature	+
giraffe	1f992	nature	+
kangaroo	1f998	nature	+
bison	1f9ac	nature	-
water_buffalo	1f403	nature	+
ox	1f402	nature	+
cow2	1f404	nature	+
donkey	1facf	nature	-
racehorse	1f40e	nature	+
pig2	1f416	nature	+
ram	1f40f	nature	+
sheep	1f411	nature	+
ewe	1f411	-	-
llama	1f999	nature	+
goat	1f410	nature	+
deer	1f98c	nature	+
dog2	1f415	nature	+
poodle	1f429	nature	+
guide_dog	1f9ae	nature	-
service_dog	1f415-200d-1f9ba	nature	-
cat2	1f408	nature	+
black_cat	1f408-200d-2b1b	nature	-
feather	1fab6	nature	-
wing	1fabd	nature	-
rooster	1f413	nature	+
turkey	1f983	nature	+
dodo	1f9a4	nature	-
peacock	1f99a	nature	+
parrot	1f99c	nature	+
swan	1f9a2	nature	+
flamingo	1f9a9	nature	-
dove	1f54a-fe0f	nature	+
dove_of_peace	1f54a-fe0f	-	+
rabbit2	1f407	nature	+
raccoon	1f99d	nature	+
skunk	1f9a8	nature	-
badger	1f9a1	nature	+
beaver	1f9ab	nature	-
otter	1f9a6	nature	-
sloth	1f9a5	nature	-
mouse2	1f401	nature	+
rat	1f400	nature	+
chipmunk	1f43f-fe0f	nature	+
hedgehog	1f994	nature	+
feet	1f43e	nature	+
paw_prints	1f43e	-	+
dragon	1f409	nature	+
dragon_face	1f432	nature	+
phoenix	1f426-200d-1f525	nature	-
cactus	1f335	nature	+
christmas_tree	1f384	nature	+
evergreen_tree	1f332	nature	+
deciduous_tree	1f333	nature	+
palm_tree	1f334	nature	+
leafless_tree	1fabe	nature	-
wood	1fab5	nature	-
seedling	1f331	nature	+
herb	1f33f	nature	+
shamrock	2618-fe0f	nature	+
four_leaf_clover	1f340	nature	+
bamboo	1f38d	nature	+
potted_plant	1fab4	nature	-
tanabata_tree	1f38b	nature	+
leaves	1f343	nature	+
fallen_leaf	1f342	nature	+
maple_leaf	1f341	nature	+
nest_with_eggs	1faba	nature	-
empty_nest	1fab9	nature	-
mushroom	1f344	nature	+
brown_mushroom	1f344-200d-1f7eb	nature	-
shell	1f41a	nature	+
spiral_shell	1f41a	-	-
coral	1fab8	nature	-
rock	1faa8	nature	-
ear_of_rice	1f33e	nature	+
sheaf_of_rice	1f33e	-	-
bouquet	1f490	nature	+
tulip	1f337	nature	+
rose	1f339	nature	+
wilted_rose	1f940	nature	+
wilted_flower	1f940	-	+
hyacinth	1fabb	nature	-
lotus	1fab7	nature	-
hibiscus	1f33a	nature	+
cherry_blossom	1f338	nature	+
blossom	1f33c	nature	+
sunflower	1f33b	nature	+
sun_with_face	1f31e	nature	+
full_moon_with_face	1f31d	nature	+
first_quarter_moon_with_face	1f31b	nature	+
last_quarter_moon_with_face	1f31c	nature	+
new_moon_with_face	1f31a	nature	+
new_moon_face	1f31a	-	-
full_moon	1f315	nature	+
waning_gibbous_moon	1f316	nature	+
last_quarter_moon	1f317	nature	+
waning_crescent_moon	1f318	nature	+
new_moon	1f311	nature	+
waxing_crescent_moon	1f312	nature	+
first_quarter_moon	1f313	nature	+
waxing_gibbous_moon	1f314	nature	+
crescent_moon	1f319	nature	+
earth_americas	1f30e	nature	+
earth_africa	1f30d	nature	+
earth_asia	1f30f	nature	+
ringed_planet	1fa90	nature	-
dizzy	1f4ab	nature	+
star	2b50	nature	+
star2	1f31f	nature	+
glowing_star	1f31f	-	-
sparkles	2728	nature	+
zap	26a1-fe0f	nature	+
high_voltage	26a1-fe0f	-	-
comet	2604-fe0f	nature	+
boom	1f4a5	nature	+
collision	1f4a5	-	-
fire	1f525	nature	+
flame	1f525	-	+
cloud_tornado	1f32a-fe0f	nature	+
cloud_with_tornado	1f32a-fe0f	-	+
tornado	1f32a-fe0f	-	-
rainbow	1f308	nature	+
sunny	2600-fe0f	nature	+
sun	2600-fe0f	-	-
white_sun_small_cloud	1f324-fe0f	nature	+
white_sun_with_small_cloud	1f324-fe0f	-	+
partly_sunny	26c5	nature	+
white_sun_cloud	1f325-fe0f	nature	+
white_sun_behind_cloud	1f325-fe0f	-	+
cloud	2601-fe0f	nature	+
white_sun_rain_cloud	1f326-fe0f	nature	+
white_sun_behind_cloud_with_rain	1f326-fe0f	-	+
cloud_rain	1f327-fe0f	nature	+
cloud_with_rain	1f327-fe0f	-	+
thunder_cloud_rain	26c8-fe0f	nature	+
thunder_cloud_and_rain	26c8-fe0f	-	+
cloud_lightning	1f329-fe0f	nature	+
cloud_with_lightning	1f329-fe0f	-	+
cloud_snow	1f328-fe0f	nature	+
cloud_with_snow	1f328-fe0f	-	+
snowflake	2744-fe0f	nature	+
snowman2	2603-fe0f	nature	+
snowman	26c4	nature	+
wind_blowing_face	1f32c-fe0f	nature	+
wind_face	1f32c-fe0f	-	-
dash	1f4a8	nature	+
dashing_away	1f4a8	-	-
droplet	1f4a7	nature	+
sweat_drops	1f4a6	nature	+
bubbles	1fae7	nature	-
umbrella	2614	nature	+
umbrella2	2602-fe0f	nature	+
ocean	1f30a	nature	+
water_wave	1f30a	-	-
fog	1f32b-fe0f	nature	+
green_apple	1f34f	food	+
apple	1f34e	food	+
red_apple	1f34e	-	-
pear	1f350	food	+
tangerine	1f34a	food	+
lemon	1f34b	food	+
lime	1f34b-200d-1f7e9	food	-
banana	1f34c	food	+
watermelon	1f349	food	+
grapes	1f347	food	+
strawberry	1f353	food	+
blueberries	1fad0	food	-
melon	1f348	food	+
cherries	1f352	food	+
peach	1f351	food	+
mango	1f96d	food	+
pineapple	1f34d	food	+
coconut	1f965	food	+
kiwi	1f95d	food	+
kiwifruit	1f95d	-	+
kiwi_fruit	1f95d	-	-
tomato	1f345	food	+
eggplant	1f346	food	+
avocado	1f951	food	+
pea_pod	1fadb	food	-
broccoli	1f966	food	+
leafy_green	1f96c	food	+
cucumber	1f952	food	+
hot_pepper	1f336-fe0f	food	+
bell_pepper	1fad1	food	-
corn	1f33d	food	+
ear_of_corn	1f33d	-	-
carrot	1f955	food	+
olive	1fad2	food	-
garlic	1f9c4	food	-
onion	1f9c5	food	-
potato	1f954	food	+
root_vegetable	1fadc	food	-
sweet_potato	1f360	food	+
ginger_root	1fada	food	-
croissant	1f950	food	+
bagel	1f96f	food	+
bread	1f35e	food	+
french_bread	1f956	food	+
baguette_bread	1f956	-	+
pretzel	1f968	food	+
cheese	1f9c0	food	+
cheese_wedge	1f9c0	-	+
egg	1f95a	food	+
cooking	1f373	food	+
butter	1f9c8	food	-
pancakes	1f95e	food	+
waffle	1f9c7	food	-
bacon	1f953	food	+
cut_of_meat	1f969	food	+
poultry_leg	1f357	food	+
meat_on_bone	1f356	food	+
bone	1f9b4	food	+
hotdog	1f32d	food	+
hot_dog	1f32d	-	+
hamburger	1f354	food	+
fries	1f35f	food	+
french_fries	1f35f	-	-
pizza	1f355	food	+
flatbread	1fad3	food	-
sandwich	1f96a	food	+
stuffed_flatbread	1f959	food	+
stuffed_pita	1f959	-	+
falafel	1f9c6	food	-
taco	1f32e	food	+
burrito	1f32f	food	+
tamale	1fad4	food	-
salad	1f957	food	+
green_salad	1f957	-	+
shallow_pan_of_food	1f958	food	+
paella	1f958	-	+
fondue	1fad5	food	-
canned_food	1f96b	food	+
jar	1fad9	food	-
spaghetti	1f35d	food	+
ramen	1f35c	food	+
steaming_bowl	1f35c	-	-
stew	1f372	food	+
pot_of_food	1f372	-	-
curry	1f35b	food	+
curry_rice	1f35b	-	-
sushi	1f363	food	+
bento	1f371	food	+
bento_box	1f371	-	-
dumpling	1f95f	food	+
oyster	1f9aa	food	-
fried_shrimp	1f364	food	+
rice_ball	1f359	food	+
rice	1f35a	food	+
cooked_rice	1f35a	-	-
rice_cracker	1f358	food	+
fish_cake	1f365	food	+
fortune_cookie	1f960	food	+
moon_cake	1f96e	food	+
oden	1f362	food	+
dango	1f361	food	+
shaved_ice	1f367	food	+
ice_cream	1f368	food	+
icecream	1f366	food	+
pie	1f967	food	+
cupcake	1f9c1	food	+
cake	1f370	food	+
shortcake	1f370	-	-
birthday	1f382	food	+
birthday_cake	1f382	-	-
custard	1f36e	food	+
pudding	1f36e	-	+
flan	1f36e	-	+
lollipop	1f36d	food	+
candy	1f36c	food	+
chocolate_bar	1f36b	food	+
popcorn	1f37f	food	+
doughnut	1f369	food	+
cookie	1f36a	food	+
chestnut	1f330	food	+
peanuts	1f95c	food	+
shelled_peanut	1f95c	-	+
beans	1fad8	food	-
honey_pot	1f36f	food	+
milk	1f95b	food	+
glass_of_milk	1f95b	-	+
pouring_liquid	1fad7	food	-
baby_bottle	1f37c	food	+
teapot	1fad6	food	-
coffee	2615	food	+
hot_beverage	2615	-	-
tea	1f375	food	+
mate	1f9c9	food	-
beverage_box	1f9c3	food	-
cup_with_straw	1f964	food	+
bubble_tea	1f9cb	food	-
sake	1f376	food	+
beer	1f37a	food	+
beer_mug	1f37a	-	-
beers	1f37b	food	+
champagne_glass	1f942	food	+
clinking_glass	1f942	-	+
wine_glass	1f377	food	+
tumbler_glass	1f943	food	+
whisky	1f943	-	+
cocktail	1f378	food	+
tropical_drink	1f379	food	+
champagne	1f37e	food	+
bottle_with_popping_cork	1f37e	-	+
ice_cube	1f9ca	food	-
spoon	1f944	food	+
fork_and_knife	1f374	food	+
fork_knife_plate	1f37d-fe0f	food	+
fork_and_knife_with_plate	1f37d-fe0f	-	+
bowl_with_spoon	1f963	food	+
takeout_box	1f961	food	+
chopsticks	1f962	food	+
salt	1f9c2	food	+
soccer	26bd	activity	+
soccer_ball	26bd	-	-
basketball	1f3c0	activity	+
football	1f3c8	activity	+
baseball	26be	activity	+
softball	1f94e	activity	+
tennis	1f3be	activity	+
volleyball	1f3d0	activity	+
rugby_football	1f3c9	activity	+
flying_disc	1f94f	activity	+
8ball	1f3b1	activity	+
yo_yo	1fa80	activity	-
ping_pong	1f3d3	activity	+
table_tennis	1f3d3	-	+
badminton	1f3f8	activity	+
hockey	1f3d2	activity	+
ice_hockey	1f3d2	-	-
field_hockey	1f3d1	activity	+
lacrosse	1f94d	activity	+
cricket_game	1f3cf	activity	+
cricket_bat_ball	1f3cf	-	+
boomerang	1fa83	activity	-
goal	1f945	activity	+
goal_net	1f945	-	+
golf	26f3	activity	+
flag_in_hole	26f3	-	-
kite	1fa81	activity	-
playground_slide	1f6dd	activity	-
bow_and_arrow	1f3f9	activity	+
archery	1f3f9	-	+
fishing_pole_and_fish	1f3a3	activity	+
fishing_pole	1f3a3	-	-
diving_mask	1f93f	activity	-
boxing_glove	1f94a	activity	+
boxing_gloves	1f94a	-	+
martial_arts_uniform	1f94b	activity	+
karate_uniform	1f94b	-	+
running_shirt_with_sash	1f3bd	activity	+
running_shirt	1f3bd	-	-
skateboard	1f6f9	activity	+
roller_skate	1f6fc	activity	-
sled	1f6f7	activity	+
ice_skate	26f8-fe0f	activity	+
curling_stone	1f94c	activity	+
ski	1f3bf	activity	+
skis	1f3bf	-	-
skier	26f7-fe0f	activity	+
snowboarder	1f3c2	activity	+
snowboarder_tone1	1f3c2-1f3fb	-	+
snowboarder_light_skin_tone	1f3c2-1f3fb	-	+
snowboarder_tone2	1f3c2-1f3fc	-	+
snowboarder_medium_light_skin_tone	1f3c2-1f3fc	-	+
snowboarder_tone3	1f3c2-1f3fd	-	+
snowboarder_medium_skin_tone	1f3c2-1f3fd	-	+
snowboarder_tone4	1f3c2-1f3fe	-	+
snowboarder_medium_dark_skin_tone	1f3c2-1f3fe	-	+
snowboarder_tone5	1f3c2-1f3ff	-	+
snowboarder_dark_skin_tone	1f3c2-1f3ff	-	+
parachute	1fa82	activity	-
person_lifting_weights	1f3cb-fe0f	activity	+
lifter	1f3cb-fe0f	-	+
weight_lifter	1f3cb-fe0f	-	+
person_lifting_weights_tone1	1f3cb-1f3fb	-	+
lifter_tone1	1f3cb-1f3fb	-	+
weight_lifter_tone1	1f3cb-1f3fb	-	+
person_lifting_weights_tone2	1f3cb-1f3fc	-	+
lifter_tone2	1f3cb-1f3fc	-	+
weight_lifter_tone2	1f3cb-1f3fc	-	+
person_lifting_weights_tone3	1f3cb-1f3fd	-	+
lifter_tone3	1f3cb-1f3fd	-	+
weight_lifter_tone3	1f3cb-1f3fd	-	+
person_lifting_weights_tone4	1f3cb-1f3fe	-	+
lifter_tone4	1f3cb-1f3fe	-	+
weight_lifter_tone4	1f3cb-1f3fe	-	+
person_lifting_weights_tone5	1f3cb-1f3ff	-	+
lifter_tone5	1f3cb-1f3ff	-	+
weight_lifter_tone5	1f3cb-1f3ff	-	+
woman_lifting_weights	1f3cb-fe0f-200d-2640-fe0f	activity	+
woman_lifting_weights_tone1	1f3cb-1f3fb-200d-2640-fe0f	-	+
woman_lifting_weights_light_skin_tone	1f3cb-1f3fb-200d-2640-fe0f	-	+
woman_lifting_weights_tone2	1f3cb-1f3fc-200d-2640-fe0f	-	+
woman_lifting_weights_medium_light_skin_tone	1f3cb-1f3fc-200d-2640-fe0f	-	+
woman_lifting_weights_tone3	1f3cb-1f3fd-200d-2640-fe0f	-	+
woman_lifting_weights_medium_skin_tone	1f3cb-1f3fd-200d-2640-fe0f	-	+
woman_lifting_weights_tone4	1f3cb-1f3fe-200d-2640-fe0f	-	+
woman_lifting_weights_medium_dark_skin_tone	1f3cb-1f3fe-200d-2640-fe0f	-	+
woman_lifting_weights_tone5	1f3cb-1f3ff-200d-2640-fe0f	-	+
woman_lifting_weights_dark_skin_tone	1f3cb-1f3ff-200d-2640-fe0f	-	+
man_lifting_weights	1f3cb-fe0f-200d-2642-fe0f	activity	+
man_lifting_weights_tone1	1f3cb-1f3fb-200d-2642-fe0f	-	+
man_lifting_weights_light_skin_tone	1f3cb-1f3fb-200d-2642-fe0f	-	+
man_lifting_weights_tone2	1f3cb-1f3fc-200d-2642-fe0f	-	+
man_lifting_weights_medium_light_skin_tone	1f3cb-1f3fc-200d-2642-fe0f	-	+
man_lifting_weights_tone3	1f3cb-1f3fd-200d-2642-fe0f	-	+
man_lifting_weights_medium_skin_tone	1f3cb-1f3fd-200d-2642-fe0f	-	+
man_lifting_weights_tone4	1f3cb-1f3fe-200d-2642-fe0f	-	+
man_lifting_weights_medium_dark_skin_tone	1f3cb-1f3fe-200d-2642-fe0f	-	+
man_lifting_weights_tone5	1f3cb-1f3ff-200d-2642-fe0f	-	+
man_lifting_weights_dark_skin_tone	1f3cb-1f3ff-200d-2642-fe0f	-	+
people_wrestling	1f93c	activity	+
wrestlers	1f93c	-	+
wrestling	1f93c	-	+
women_wrestling	1f93c-200d-2640-fe0f	activity	+
men_wrestling	1f93c-200d-2642-fe0f	activity	+
person_doing_cartwheel	1f938	activity	+
cartwheel	1f938	-	+
person_doing_cartwheel_tone1	1f938-1f3fb	-	+
cartwheel_tone1	1f938-1f3fb	-	+
person_doing_cartwheel_tone2	1f938-1f3fc	-	+
cartwheel_tone2	1f938-1f3fc	-	+
person_doing_cartwheel_tone3	1f938-1f3fd	-	+
cartwheel_tone3	1f938-1f3fd	-	+
person_doing_cartwheel_tone4	1f938-1f3fe	-	+
cartwheel_tone4	1f938-1f3fe	-	+
person_doing_cartwheel_tone5	1f938-1f3ff	-	+
cartwheel_tone5	1f938-1f3ff	-	+
woman_cartwheeling	1f938-200d-2640-fe0f	activity	+
woman_cartwheeling_tone1	1f938-1f3fb-200d-2640-fe0f	-	+
woman_cartwheeling_light_skin_tone	1f938-1f3fb-200d-2640-fe0f	-	+
woman_cartwheeling_tone2	1f938-1f3fc-200d-2640-fe0f	-	+
woman_cartwheeling_medium_light_skin_tone	1f938-1f3fc-200d-2640-fe0f	-	+
woman_cartwheeling_tone3	1f938-1f3fd-200d-2640-fe0f	-	+
woman_cartwheeling_medium_skin_tone	1f938-1f3fd-200d-2640-fe0f	-	+
woman_cartwheeling_tone4	1f938-1f3fe-200d-2640-fe0f	-	+
woman_cartwheeling_medium_dark_skin_tone	1f938-1f3fe-200d-2640-fe0f	-	+
woman_cartwheeling_tone5	1f938-1f3ff-200d-2640-fe0f	-	+
woman_cartwheeling_dark_skin_tone	1f938-1f3ff-200d-2640-fe0f	-	+
man_cartwheeling	1f938-200d-2642-fe0f	activity	+
man_cartwheeling_tone1	1f938-1f3fb-200d-2642-fe0f	-	+
man_cartwheeling_light_skin_tone	1f938-1f3fb-200d-2642-fe0f	-	+
man_cartwheeling_tone2	1f938-1f3fc-200d-2642-fe0f	-	+
man_cartwheeling_medium_light_skin_tone	1f938-1f3fc-200d-2642-fe0f	-	+
man_cartwheeling_tone3	1f938-1f3fd-200d-2642-fe0f	-	+
man_cartwheeling_medium_skin_tone	1f938-1f3fd-200d-2642-fe0f	-	+
man_cartwheeling_tone4	1f938-1f3fe-200d-2642-fe0f	-	+
man_cartwheeling_medium_dark_skin_tone	1f938-1f3fe-200d-2642-fe0f	-	+
man_cartwheeling_tone5	1f938-1f3ff-200d-2642-fe0f	-	+
man_cartwheeling_dark_skin_tone	1f938-1f3ff-200d-2642-fe0f	-	+
person_bouncing_ball	26f9-fe0f	activity	+
basketball_player	26f9-fe0f	-	+
person_with_ball	26f9-fe0f	-	+
person_bouncing_ball_tone1	26f9-1f3fb	-	+
basketball_player_tone1	26f9-1f3fb	-	+
person_with_ball_tone1	26f9-1f3fb	-	+
person_bouncing_ball_tone2	26f9-1f3fc	-	+
basketball_player_tone2	26f9-1f3fc	-	+
person_with_ball_tone2	26f9-1f3fc	-	+
person_bouncing_ball_tone3	26f9-1f3fd	-	+
basketball_player_tone3	26f9-1f3fd	-	+
person_with_ball_tone3	26f9-1f3fd	-	+
person_bouncing_ball_tone4	26f9-1f3fe	-	+
basketball_player_tone4	26f9-1f3fe	-	+
person_with_ball_tone4	26f9-1f3fe	-	+
person_bouncing_ball_tone5	26f9-1f3ff	-	+
basketball_player_tone5	26f9-1f3ff	-	+
person_with_ball_tone5	26f9-1f3ff	-	+
woman_bouncing_ball	26f9-fe0f-200d-2640-fe0f	activity	+
woman_bouncing_ball_tone1	26f9-1f3fb-200d-2640-fe0f	-	+
woman_bouncing_ball_light_skin_tone	26f9-1f3fb-200d-2640-fe0f	-	+
woman_bouncing_ball_tone2	26f9-1f3fc-200d-2640-fe0f	-	+
woman_bouncing_ball_medium_light_skin_tone	26f9-1f3fc-200d-2640-fe0f	-	+
woman_bouncing_ball_tone3	26f9-1f3fd-200d-2640-fe0f	-	+
woman_bouncing_ball_medium_skin_tone	26f9-1f3fd-200d-2640-fe0f	-	+
woman_bouncing_ball_tone4	26f9-1f3fe-200d-2640-fe0f	-	+
woman_bouncing_ball_medium_dark_skin_tone	26f9-1f3fe-200d-2640-fe0f	-	+
woman_bouncing_ball_tone5	26f9-1f3ff-200d-2640-fe0f	-	+
woman_bouncing_ball_dark_skin_tone	26f9-1f3ff-200d-2640-fe0f	-	+
man_bouncing_ball	26f9-fe0f-200d-2642-fe0f	activity	+
man_bouncing_ball_tone1	26f9-1f3fb-200d-2642-fe0f	-	+
man_bouncing_ball_light_skin_tone	26f9-1f3fb-200d-2642-fe0f	-	+
man_bouncing_ball_tone2	26f9-1f3fc-200d-2642-fe0f	-	+
man_bouncing_ball_medium_light_skin_tone	26f9-1f3fc-200d-2642-fe0f	-	+
man_bouncing_ball_tone3	26f9-1f3fd-200d-2642-fe0f	-	+
man_bouncing_ball_medium_skin_tone	26f9-1f3fd-200d-2642-fe0f	-	+
man_bouncing_ball_tone4	26f9-1f3fe-200d-2642-fe0f	-	+
man_bouncing_ball_medium_dark_skin_tone	26f9-1f3fe-200d-2642-fe0f	-	+
man_bouncing_ball_tone5	26f9-1f3ff-200d-2642-fe0f	-	+
man_bouncing_ball_dark_skin_tone	26f9-1f3ff-200d-2642-fe0f	-	+
person_fencing	1f93a	activity	+
fencer	1f93a	-	+
fencing	1f93a	-	+
person_playing_handball	1f93e	activity	+
handball	1f93e	-	+
person_playing_handball_tone1	1f93e-1f3fb	-	+
handball_tone1	1f93e-1f3fb	-	+
person_playing_handball_tone2	1f93e-1f3fc	-	+
handball_tone2	1f93e-1f3fc	-	+
person_playing_handball_tone3	1f93e-1f3fd	-	+
handball_tone3	1f93e-1f3fd	-	+
person_playing_handball_tone4	1f93e-1f3fe	-	+
handball_tone4	1f93e-1f3fe	-	+
person_playing_handball_tone5	1f93e-1f3ff	-	+
handball_tone5	1f93e-1f3ff	-	+
woman_playing_handball	1f93e-200d-2640-fe0f	activity	+
woman_playing_handball_tone1	1f93e-1f3fb-200d-2640-fe0f	-	+
woman_playing_handball_light_skin_tone	1f93e-1f3fb-200d-2640-fe0f	-	+
woman_playing_handball_tone2	1f93e-1f3fc-200d-2640-fe0f	-	+
woman_playing_handball_medium_light_skin_tone	1f93e-1f3fc-200d-2640-fe0f	-	+
woman_playing_handball_tone3	1f93e-1f3fd-200d-2640-fe0f	-	+
woman_playing_handball_medium_skin_tone	1f93e-1f3fd-200d-2640-fe0f	-	+
woman_playing_handball_tone4	1f93e-1f3fe-200d-2640-fe0f	-	+
woman_playing_handball_medium_dark_skin_tone	1f93e-1f3fe-200d-2640-fe0f	-	+
woman_playing_handball_tone5	1f93e-1f3ff-200d-2640-fe0f	-	+
woman_playing_handball_dark_skin_tone	1f93e-1f3ff-200d-2640-fe0f	-	+
man_playing_handball	1f93e-200d-2642-fe0f	activity	+
man_playing_handball_tone1	1f93e-1f3fb-200d-2642-fe0f	-	+
man_playing_handball_light_skin_tone	1f93e-1f3fb-200d-2642-fe0f	-	+
man_playing_handball_tone2	1f93e-1f3fc-200d-2642-fe0f	-	+
man_playing_handball_medium_light_skin_tone	1f93e-1f3fc-200d-2642-fe0f	-	+
man_playing_handball_tone3	1f93e-1f3fd-200d-2642-fe0f	-	+
man_playing_handball_medium_skin_tone	1f93e-1f3fd-200d-2642-fe0f	-	+
man_playing_handball_tone4	1f93e-1f3fe-200d-2642-fe0f	-	+
man_playing_handball_medium_dark_skin_tone	1f93e-1f3fe-200d-2642-fe0f	-	+
man_playing_handball_tone5	1f93e-1f3ff-200d-2642-fe0f	-	+
man_playing_handball_dark_skin_tone	1f93e-1f3ff-200d-2642-fe0f	-	+
person_golfing	1f3cc-fe0f	activity	+
golfer	1f3cc-fe0f	-	+
person_golfing_tone1	1f3cc-1f3fb	-	+
person_golfing_light_skin_tone	1f3cc-1f3fb	-	+
person_golfing_tone2	1f3cc-1f3fc	-	+
person_golfing_medium_light_skin_tone	1f3cc-1f3fc	-	+
person_golfing_tone3	1f3cc-1f3fd	-	+
person_golfing_medium_skin_tone	1f3cc-1f3fd	-	+
person_golfing_tone4	1f3cc-1f3fe	-	+
person_golfing_medium_dark_skin_tone	1f3cc-1f3fe	-	+
person_golfing_tone5	1f3cc-1f3ff	-	+
person_golfing_dark_skin_tone	1f3cc-1f3ff	-	+
woman_golfing	1f3cc-fe0f-200d-2640-fe0f	activity	+
woman_golfing_tone1	1f3cc-1f3fb-200d-2640-fe0f	-	+
woman_golfing_light_skin_tone	1f3cc-1f3fb-200d-2640-fe0f	-	+
woman_golfing_tone2	1f3cc-1f3fc-200d-2640-fe0f	-	+
woman_golfing_medium_light_skin_tone	1f3cc-1f3fc-200d-2640-fe0f	-	+
woman_golfing_tone3	1f3cc-1f3fd-200d-2640-fe0f	-	+
woman_golfing_medium_skin_tone	1f3cc-1f3fd-200d-2640-fe0f	-	+
woman_golfing_tone4	1f3cc-1f3fe-200d-2640-fe0f	-	+
woman_golfing_medium_dark_skin_tone	1f3cc-1f3fe-200d-2640-fe0f	-	+
woman_golfing_tone5	1f3cc-1f3ff-200d-2640-fe0f	-	+
woman_golfing_dark_skin_tone	1f3cc-1f3ff-200d-2640-fe0f	-	+
man_golfing	1f3cc-fe0f-200d-2642-fe0f	activity	+
man_golfing_tone1	1f3cc-1f3fb-200d-2642-fe0f	-	+
man_golfing_light_skin_tone	1f3cc-1f3fb-200d-2642-fe0f	-	+
man_golfing_tone2	1f3cc-1f3fc-200d-2642-fe0f	-	+
man_golfing_medium_light_skin_tone	1f3cc-1f3fc-200d-2642-fe0f	-	+
man_golfing_tone3	1f3cc-1f3fd-200d-2642-fe0f	-	+
man_golfing_medium_skin_tone	1f3cc-1f3fd-200d-2642-fe0f	-	+
man_golfing_tone4	1f3cc-1f3fe-200d-2642-fe0f	-	+
man_golfing_medium_dark_skin_tone	1f3cc-1f3fe-200d-2642-fe0f	-	+
man_golfing_tone5	1f3cc-1f3ff-200d-2642-fe0f	-	+
man_golfing_dark_skin_tone	1f3cc-1f3ff-200d-2642-fe0f	-	+
horse_racing	1f3c7	activity	+
horse_racing_tone1	1f3c7-1f3fb	-	+
horse_racing_tone2	1f3c7-1f3fc	-	+
horse_racing_tone3	1f3c7-1f3fd	-	+
horse_racing_tone4	1f3c7-1f3fe	-	+
horse_racing_tone5	1f3c7-1f3ff	-	+
person_in_lotus_position	1f9d8	activity	+
person_in_lotus_position_tone1	1f9d8-1f3fb	-	+
person_in_lotus_position_light_skin_tone	1f9d8-1f3fb	-	+
person_in_lotus_position_tone2	1f9d8-1f3fc	-	+
person_in_lotus_position_medium_light_skin_tone	1f9d8-1f3fc	-	+
person_in_lotus_position_tone3	1f9d8-1f3fd	-	+
person_in_lotus_position_medium_skin_tone	1f9d8-1f3fd	-	+
person_in_lotus_position_tone4	1f9d8-1f3fe	-	+
person_in_lotus_position_medium_dark_skin_tone	1f9d8-1f3fe	-	+
person_in_lotus_position_tone5	1f9d8-1f3ff	-	+
person_in_lotus_position_dark_skin_tone	1f9d8-1f3ff	-	+
woman_in_lotus_position	1f9d8-200d-2640-fe0f	activity	+
woman_in_lotus_position_tone1	1f9d8-1f3fb-200d-2640-fe0f	-	+
woman_in_lotus_position_light_skin_tone	1f9d8-1f3fb-200d-2640-fe0f	-	+
woman_in_lotus_position_tone2	1f9d8-1f3fc-200d-2640-fe0f	-	+
woman_in_lotus_position_medium_light_skin_tone	1f9d8-1f3fc-200d-2640-fe0f	-	+
woman_in_lotus_position_tone3	1f9d8-1f3fd-200d-2640-fe0f	-	+
woman_in_lotus_position_medium_skin_tone	1f9d8-1f3fd-200d-2640-fe0f	-	+
woman_in_lotus_position_tone4	1f9d8-1f3fe-200d-2640-fe0f	-	+
woman_in_lotus_position_medium_dark_skin_tone	1f9d8-1f3fe-200d-2640-fe0f	-	+
woman_in_lotus_position_tone5	1f9d8-1f3ff-200d-2640-fe0f	-	+
woman_in_lotus_position_dark_skin_tone	1f9d8-1f3ff-200d-2640-fe0f	-	+
man_in_lotus_position	1f9d8-200d-2642-fe0f	activity	+
man_in_lotus_position_tone1	1f9d8-1f3fb-200d-2642-fe0f	-	+
man_in_lotus_position_light_skin_tone	1f9d8-1f3fb-200d-2642-fe0f	-	+
man_in_lotus_position_tone2	1f9d8-1f3fc-200d-2642-fe0f	-	+
man_in_lotus_position_medium_light_skin_tone	1f9d8-1f3fc-200d-2642-fe0f	-	+
man_in_lotus_position_tone3	1f9d8-1f3fd-200d-2642-fe0f	-	+
man_in_lotus_position_medium_skin_tone	1f9d8-1f3fd-200d-2642-fe0f	-	+
man_in_lotus_position_tone4	1f9d8-1f3fe-200d-2642-fe0f	-	+
man_in_lotus_position_medium_dark_skin_tone	1f9d8-1f3fe-200d-2642-fe0f	-	+
man_in_lotus_position_tone5	1f9d8-1f3ff-200d-2642-fe0f	-	+
man_in_lotus_position_dark_skin_tone	1f9d8-1f3ff-200d-2642-fe0f	-	+
person_surfing	1f3c4	activity	+
surfer	1f3c4	-	+
person_surfing_tone1	1f3c4-1f3fb	-	+
surfer_tone1	1f3c4-1f3fb	-	+
person_surfing_tone2	1f3c4-1f3fc	-	+
surfer_tone2	1f3c4-1f3fc	-	+
person_surfing_tone3	1f3c4-1f3fd	-	+
surfer_tone3	1f3c4-1f3fd	-	+
person_surfing_tone4	1f3c4-1f3fe	-	+
surfer_tone4	1f3c4-1f3fe	-	+
person_surfing_tone5	1f3c4-1f3ff	-	+
surfer_tone5	1f3c4-1f3ff	-	+
woman_surfing	1f3c4-200d-2640-fe0f	activity	+
woman_surfing_tone1	1f3c4-1f3fb-200d-2640-fe0f	-	+
woman_surfing_light_skin_tone	1f3c4-1f3fb-200d-2640-fe0f	-	+
woman_surfing_tone2	1f3c4-1f3fc-200d-2640-fe0f	-	+
woman_surfing_medium_light_skin_tone	1f3c4-1f3fc-200d-2640-fe0f	-	+
woman_surfing_tone3	1f3c4-1f3fd-200d-2640-fe0f	-	+
woman_surfing_medium_skin_tone	1f3c4-1f3fd-200d-2640-fe0f	-	+
woman_surfing_tone4	1f3c4-1f3fe-200d-2640-fe0f	-	+
woman_surfing_medium_dark_skin_tone	1f3c4-1f3fe-200d-2640-fe0f	-	+
woman_surfing_tone5	1f3c4-1f3ff-200d-2640-fe0f	-	+
woman_surfing_dark_skin_tone	1f3c4-1f3ff-200d-2640-fe0f	-	+
man_surfing	1f3c4-200d-2642-fe0f	activity	+
man_surfing_tone1	1f3c4-1f3fb-200d-2642-fe0f	-	+
man_surfing_light_skin_tone	1f3c4-1f3fb-200d-2642-fe0f	-	+
man_surfing_tone2	1f3c4-1f3fc-200d-2642-fe0f	-	+
man_surfing_medium_light_skin_tone	1f3c4-1f3fc-200d-2642-fe0f	-	+
man_surfing_tone3	1f3c4-1f3fd-200d-2642-fe0f	-	+
man_surfing_medium_skin_tone	1f3c4-1f3fd-200d-2642-fe0f	-	+
man_surfing_tone4	1f3c4-1f3fe-200d-2642-fe0f	-	+
man_surfing_medium_dark_skin_tone	1f3c4-1f3fe-200d-2642-fe0f	-	+
man_surfing_tone5	1f3c4-1f3ff-200d-2642-fe0f	-	+
man_surfing_dark_skin_tone	1f3c4-1f3ff-200d-2642-fe0f	-	+
person_swimming	1f3ca	activity	+
swimmer	1f3ca	-	+
person_swimming_tone1	1f3ca-1f3fb	-	+
swimmer_tone1	1f3ca-1f3fb	-	+
person_swimming_tone2	1f3ca-1f3fc	-	+
swimmer_tone2	1f3ca-1f3fc	-	+
person_swimming_tone3	1f3ca-1f3fd	-	+
swimmer_tone3	1f3ca-1f3fd	-	+
person_swimming_tone4	1f3ca-1f3fe	-	+
swimmer_tone4	1f3ca-1f3fe	-	+
person_swimming_tone5	1f3ca-1f3ff	-	+
swimmer_tone5	1f3ca-1f3ff	-	+
woman_swimming	1f3ca-200d-2640-fe0f	activity	+
woman_swimming_tone1	1f3ca-1f3fb-200d-2640-fe0f	-	+
woman_swimming_light_skin_tone	1f3ca-1f3fb-200d-2640-fe0f	-	+
woman_swimming_tone2	1f3ca-1f3fc-200d-2640-fe0f	-	+
woman_swimming_medium_light_skin_tone	1f3ca-1f3fc-200d-2640-fe0f	-	+
woman_swimming_tone3	1f3ca-1f3fd-200d-2640-fe0f	-	+
woman_swimming_medium_skin_tone	1f3ca-1f3fd-200d-2640-fe0f	-	+
woman_swimming_tone4	1f3ca-1f3fe-200d-2640-fe0f	-	+
woman_swimming_medium_dark_skin_tone	1f3ca-1f3fe-200d-2640-fe0f	-	+
woman_swimming_tone5	1f3ca-1f3ff-200d-2640-fe0f	-	+
woman_swimming_dark_skin_tone	1f3ca-1f3ff-200d-2640-fe0f	-	+
man_swimming	1f3ca-200d-2642-fe0f	activity	+
man_swimming_tone1	1f3ca-1f3fb-200d-2642-fe0f	-	+
man_swimming_light_skin_tone	1f3ca-1f3fb-200d-2642-fe0f	-	+
man_swimming_tone2	1f3ca-1f3fc-200d-2642-fe0f	-	+
man_swimming_medium_light_skin_tone	1f3ca-1f3fc-200d-2642-fe0f	-	+
man_swimming_tone3	1f3ca-1f3fd-200d-2642-fe0f	-	+
man_swimming_medium_skin_tone	1f3ca-1f3fd-200d-2642-fe0f	-	+
man_swimming_tone4	1f3ca-1f3fe-200d-2642-fe0f	-	+
man_swimming_medium_dark_skin_tone	1f3ca-1f3fe-200d-2642-fe0f	-	+
man_swimming_tone5	1f3ca-1f3ff-200d-2642-fe0f	-	+
man_swimming_dark_skin_tone	1f3ca-1f3ff-200d-2642-fe0f	-	+
person_playing_water_polo	1f93d	activity	+
water_polo	1f93d	-	+
person_playing_water_polo_tone1	1f93d-1f3fb	-	+
water_polo_tone1	1f93d-1f3fb	-	+
person_playing_water_polo_tone2	1f93d-1f3fc	-	+
water_polo_tone2	1f93d-1f3fc	-	+
person_playing_water_polo_tone3	1f93d-1f3fd	-	+
water_polo_tone3	1f93d-1f3fd	-	+
person_playing_water_polo_tone4	1f93d-1f3fe	-	+
water_polo_tone4	1f93d-1f3fe	-	+
person_playing_water_polo_tone5	1f93d-1f3ff	-	+
water_polo_tone5	1f93d-1f3ff	-	+
woman_playing_water_polo	1f93d-200d-2640-fe0f	activity	+
woman_playing_water_polo_tone1	1f93d-1f3fb-200d-2640-fe0f	-	+
woman_playing_water_polo_light_skin_tone	1f93d-1f3fb-200d-2640-fe0f	-	+
woman_playing_water_polo_tone2	1f93d-1f3fc-200d-2640-fe0f	-	+
woman_playing_water_polo_medium_light_skin_tone	1f93d-1f3fc-200d-2640-fe0f	-	+
woman_playing_water_polo_tone3	1f93d-1f3fd-200d-2640-fe0f	-	+
woman_playing_water_polo_medium_skin_tone	1f93d-1f3fd-200d-2640-fe0f	-	+
woman_playing_water_polo_tone4	1f93d-1f3fe-200d-2640-fe0f	-	+
woman_playing_water_polo_medium_dark_skin_tone	1f93d-1f3fe-200d-2640-fe0f	-	+
woman_playing_water_polo_tone5	1f93d-1f3ff-200d-2640-fe0f	-	+
woman_playing_water_polo_dark_skin_tone	1f93d-1f3ff-200d-2640-fe0f	-	+
man_playing_water_polo	1f93d-200d-2642-fe0f	activity	+
man_playing_water_polo_tone1	1f93d-1f3fb-200d-2642-fe0f	-	+
man_playing_water_polo_light_skin_tone	1f93d-1f3fb-200d-2642-fe0f	-	+
man_playing_water_polo_tone2	1f93d-1f3fc-200d-2642-fe0f	-	+
man_playing_water_polo_medium_light_skin_tone	1f93d-1f3fc-200d-2642-fe0f	-	+
man_playing_water_polo_tone3	1f93d-1f3fd-200d-2642-fe0f	-	+
man_playing_water_polo_medium_skin_tone	1f93d-1f3fd-200d-2642-fe0f	-	+
man_playing_water_polo_tone4	1f93d-1f3fe-200d-2642-fe0f	-	+
man_playing_water_polo_medium_dark_skin_tone	1f93d-1f3fe-200d-2642-fe0f	-	+
man_playing_water_polo_tone5	1f93d-1f3ff-200d-2642-fe0f	-	+
man_playing_water_polo_dark_skin_tone	1f93d-1f3ff-200d-2642-fe0f	-	+
person_rowing_boat	1f6a3	activity	+
rowboat	1f6a3	-	+
person_rowing_boat_tone1	1f6a3-1f3fb	-	+
rowboat_tone1	1f6a3-1f3fb	-	+
person_rowing_boat_tone2	1f6a3-1f3fc	-	+
rowboat_tone2	1f6a3-1f3fc	-	+
person_rowing_boat_tone3	1f6a3-1f3fd	-	+
rowboat_tone3	1f6a3-1f3fd	-	+
person_rowing_boat_tone4	1f6a3-1f3fe	-	+
rowboat_tone4	1f6a3-1f3fe	-	+
person_rowing_boat_tone5	1f6a3-1f3ff	-	+
rowboat_tone5	1f6a3-1f3ff	-	+
woman_rowing_boat	1f6a3-200d-2640-fe0f	activity	+
woman_rowing_boat_tone1	1f6a3-1f3fb-200d-2640-fe0f	-	+
woman_rowing_boat_light_skin_tone	1f6a3-1f3fb-200d-2640-fe0f	-	+
woman_rowing_boat_tone2	1f6a3-1f3fc-200d-2640-fe0f	-	+
woman_rowing_boat_medium_light_skin_tone	1f6a3-1f3fc-200d-2640-fe0f	-	+
woman_rowing_boat_tone3	1f6a3-1f3fd-200d-2640-fe0f	-	+
woman_rowing_boat_medium_skin_tone	1f6a3-1f3fd-200d-2640-fe0f	-	+
woman_rowing_boat_tone4	1f6a3-1f3fe-200d-2640-fe0f	-	+
woman_rowing_boat_medium_dark_skin_tone	1f6a3-1f3fe-200d-2640-fe0f	-	+
woman_rowing_boat_tone5	1f6a3-1f3ff-200d-2640-fe0f	-	+
woman_rowing_boat_dark_skin_tone	1f6a3-1f3ff-200d-2640-fe0f	-	+
man_rowing_boat	1f6a3-200d-2642-fe0f	activity	+
man_rowing_boat_tone1	1f6a3-1f3fb-200d-2642-fe0f	-	+
man_rowing_boat_light_skin_tone	1f6a3-1f3fb-200d-2642-fe0f	-	+
man_rowing_boat_tone2	1f6a3-1f3fc-200d-2642-fe0f	-	+
man_rowing_boat_medium_light_skin_tone	1f6a3-1f3fc-200d-2642-fe0f	-	+
man_rowing_boat_tone3	1f6a3-1f3fd-200d-2642-fe0f	-	+
man_rowing_boat_medium_skin_tone	1f6a3-1f3fd-200d-2642-fe0f	-	+
man_rowing_boat_tone4	1f6a3-1f3fe-200d-2642-fe0f	-	+
man_rowing_boat_medium_dark_skin_tone	1f6a3-1f3fe-200d-2642-fe0f	-	+
man_rowing_boat_tone5	1f6a3-1f3ff-200d-2642-fe0f	-	+
man_rowing_boat_dark_skin_tone	1f6a3-1f3ff-200d-2642-fe0f	-	+
person_climbing	1f9d7	activity	+
person_climbing_tone1	1f9d7-1f3fb	-	+
person_climbing_light_skin_tone	1f9d7-1f3fb	-	+
person_climbing_tone2	1f9d7-1f3fc	-	+
person_climbing_medium_light_skin_tone	1f9d7-1f3fc	-	+
person_climbing_tone3	1f9d7-1f3fd	-	+
person_climbing_medium_skin_tone	1f9d7-1f3fd	-	+
person_climbing_tone4	1f9d7-1f3fe	-	+
person_climbing_medium_dark_skin_tone	1f9d7-1f3fe	-	+
person_climbing_tone5	1f9d7-1f3ff	-	+
person_climbing_dark_skin_tone	1f9d7-1f3ff	-	+
woman_climbing	1f9d7-200d-2640-fe0f	activity	+
woman_climbing_tone1	1f9d7-1f3fb-200d-2640-fe0f	-	+
woman_climbing_light_skin_tone	1f9d7-1f3fb-200d-2640-fe0f	-	+
woman_climbing_tone2	1f9d7-1f3fc-200d-2640-fe0f	-	+
woman_climbing_medium_light_skin_tone	1f9d7-1f3fc-200d-2640-fe0f	-	+
woman_climbing_tone3	1f9d7-1f3fd-200d-2640-fe0f	-	+
woman_climbing_medium_skin_tone	1f9d7-1f3fd-200d-2640-fe0f	-	+
woman_climbing_tone4	1f9d7-1f3fe-200d-2640-fe0f	-	+
woman_climbing_medium_dark_skin_tone	1f9d7-1f3fe-200d-2640-fe0f	-	+
woman_climbing_tone5	1f9d7-1f3ff-200d-2640-fe0f	-	+
woman_climbing_dark_skin_tone	1f9d7-1f3ff-200d-2640-fe0f	-	+
man_climbing	1f9d7-200d-2642-fe0f	activity	+
man_climbing_tone1	1f9d7-1f3fb-200d-2642-fe0f	-	+
man_climbing_light_skin_tone	1f9d7-1f3fb-200d-2642-fe0f	-	+
man_climbing_tone2	1f9d7-1f3fc-200d-2642-fe0f	-	+
man_climbing_medium_light_skin_tone	1f9d7-1f3fc-200d-2642-fe0f	-	+
man_climbing_tone3	1f9d7-1f3fd-200d-2642-fe0f	-	+
man_climbing_medium_skin_tone	1f9d7-1f3fd-200d-2642-fe0f	-	+
man_climbing_tone4	1f9d7-1f3fe-200d-2642-fe0f	-	+
man_climbing_medium_dark_skin_tone	1f9d7-1f3fe-200d-2642-fe0f	-	+
man_climbing_tone5	1f9d7-1f3ff-200d-2642-fe0f	-	+
man_climbing_dark_skin_tone	1f9d7-1f3ff-200d-2642-fe0f	-	+
person_mountain_biking	1f6b5	activity	+
mountain_bicyclist	1f6b5	-	+
person_mountain_biking_tone1	1f6b5-1f3fb	-	+
mountain_bicyclist_tone1	1f6b5-1f3fb	-	+
person_mountain_biking_tone2	1f6b5-1f3fc	-	+
mountain_bicyclist_tone2	1f6b5-1f3fc	-	+
person_mountain_biking_tone3	1f6b5-1f3fd	-	+
mountain_bicyclist_tone3	1f6b5-1f3fd	-	+
person_mountain_biking_tone4	1f6b5-1f3fe	-	+
mountain_bicyclist_tone4	1f6b5-1f3fe	-	+
person_mountain_biking_tone5	1f6b5-1f3ff	-	+
mountain_bicyclist_tone5	1f6b5-1f3ff	-	+
woman_mountain_biking	1f6b5-200d-2640-fe0f	activity	+
woman_mountain_biking_tone1	1f6b5-1f3fb-200d-2640-fe0f	-	+
woman_mountain_biking_light_skin_tone	1f6b5-1f3fb-200d-2640-fe0f	-	+
woman_mountain_biking_tone2	1f6b5-1f3fc-200d-2640-fe0f	-	+
woman_mountain_biking_medium_light_skin_tone	1f6b5-1f3fc-200d-2640-fe0f	-	+
woman_mountain_biking_tone3	1f6b5-1f3fd-200d-2640-fe0f	-	+
woman_mountain_biking_medium_skin_tone	1f6b5-1f3fd-200d-2640-fe0f	-	+
woman_mountain_biking_tone4	1f6b5-1f3fe-200d-2640-fe0f	-	+
woman_mountain_biking_medium_dark_skin_tone	1f6b5-1f3fe-200d-2640-fe0f	-	+
woman_mountain_biking_tone5	1f6b5-1f3ff-200d-2640-fe0f	-	+
woman_mountain_biking_dark_skin_tone	1f6b5-1f3ff-200d-2640-fe0f	-	+
man_mountain_biking	1f6b5-200d-2642-fe0f	activity	+
man_mountain_biking_tone1	1f6b5-1f3fb-200d-2642-fe0f	-	+
man_mountain_biking_light_skin_tone	1f6b5-1f3fb-200d-2642-fe0f	-	+
man_mountain_biking_tone2	1f6b5-1f3fc-200d-2642-fe0f	-	+
man_mountain_biking_medium_light_skin_tone	1f6b5-1f3fc-200d-2642-fe0f	-	+
man_mountain_biking_tone3	1f6b5-1f3fd-200d-2642-fe0f	-	+
man_mountain_biking_medium_skin_tone	1f6b5-1f3fd-200d-2642-fe0f	-	+
man_mountain_biking_tone4	1f6b5-1f3fe-200d-2642-fe0f	-	+
man_mountain_biking_medium_dark_skin_tone	1f6b5-1f3fe-200d-2642-fe0f	-	+
man_mountain_biking_tone5	1f6b5-1f3ff-200d-2642-fe0f	-	+
man_mountain_biking_dark_skin_tone	1f6b5-1f3ff-200d-2642-fe0f	-	+
person_biking	1f6b4	activity	+
bicyclist	1f6b4	-	+
person_biking_tone1	1f6b4-1f3fb	-	+
bicyclist_tone1	1f6b4-1f3fb	-	+
person_biking_tone2	1f6b4-1f3fc	-	+
bicyclist_tone2	1f6b4-1f3fc	-	+
person_biking_tone3	1f6b4-1f3fd	-	+
bicyclist_tone3	1f6b4-1f3fd	-	+
person_biking_tone4	1f6b4-1f3fe	-	+
bicyclist_tone4	1f6b4-1f3fe	-	+
person_biking_tone5	1f6b4-1f3ff	-	+
bicyclist_tone5	1f6b4-1f3ff	-	+
woman_biking	1f6b4-200d-2640-fe0f	activity	+
woman_biking_tone1	1f6b4-1f3fb-200d-2640-fe0f	-	+
woman_biking_light_skin_tone	1f6b4-1f3fb-200d-2640-fe0f	-	+
woman_biking_tone2	1f6b4-1f3fc-200d-2640-fe0f	-	+
woman_biking_medium_light_skin_tone	1f6b4-1f3fc-200d-2640-fe0f	-	+
woman_biking_tone3	1f6b4-1f3fd-200d-2640-fe0f	-	+
woman_biking_medium_skin_tone	1f6b4-1f3fd-200d-2640-fe0f	-	+
woman_biking_tone4	1f6b4-1f3fe-200d-2640-fe0f	-	+
woman_biking_medium_dark_skin_tone	1f6b4-1f3fe-200d-2640-fe0f	-	+
woman_biking_tone5	1f6b4-1f3ff-200d-2640-fe0f	-	+
woman_biking_dark_skin_tone	1f6b4-1f3ff-200d-2640-fe0f	-	+
man_biking	1f6b4-200d-2642-fe0f	activity	+
man_biking_tone1	1f6b4-1f3fb-200d-2642-fe0f	-	+
man_biking_light_skin_tone	1f6b4-1f3fb-200d-2642-fe0f	-	+
man_biking_tone2	1f6b4-1f3fc-200d-2642-fe0f	-	+
man_biking_medium_light_skin_tone	1f6b4-1f3fc-200d-2642-fe0f	-	+
man_biking_tone3	1f6b4-1f3fd-200d-2642-fe0f	-	+
man_biking_medium_skin_tone	1f6b4-1f3fd-200d-2642-fe0f	-	+
man_biking_tone4	1f6b4-1f3fe-200d-2642-fe0f	-	+
man_biking_medium_dark_skin_tone	1f6b4-1f3fe-200d-2642-fe0f	-	+
man_biking_tone5	1f6b4-1f3ff-200d-2642-fe0f	-	+
man_biking_dark_skin_tone	1f6b4-1f3ff-200d-2642-fe0f	-	+
trophy	1f3c6	activity	+
first_place	1f947	activity	+
first_place_medal	1f947	-	+
second_place	1f948	activity	+
second_place_medal	1f948	-	+
third_place	1f949	activity	+
third_place_medal	1f949	-	+
medal	1f3c5	activity	+
sports_medal	1f3c5	-	+
military_medal	1f396-fe0f	activity	+
rosette	1f3f5-fe0f	activity	+
reminder_ribbon	1f397-fe0f	activity	+
ticket	1f3ab	activity	+
tickets	1f39f-fe0f	activity	+
admission_tickets	1f39f-fe0f	-	+
circus_tent	1f3aa	activity	+
person_juggling	1f939	activity	+
juggling	1f939	-	+
juggler	1f939	-	+
person_juggling_tone1	1f939-1f3fb	-	+
juggling_tone1	1f939-1f3fb	-	+
juggler_tone1	1f939-1f3fb	-	+
person_juggling_tone2	1f939-1f3fc	-	+
juggling_tone2	1f939-1f3fc	-	+
juggler_tone2	1f939-1f3fc	-	+
person_juggling_tone3	1f939-1f3fd	-	+
juggling_tone3	1f939-1f3fd	-	+
juggler_tone3	1f939-1f3fd	-	+
person_juggling_tone4	1f939-1f3fe	-	+
juggling_tone4	1f939-1f3fe	-	+
juggler_tone4	1f939-1f3fe	-	+
person_juggling_tone5	1f939-1f3ff	-	+
juggling_tone5	1f939-1f3ff	-	+
juggler_tone5	1f939-1f3ff	-	+
woman_juggling	1f939-200d-2640-fe0f	activity	+
woman_juggling_tone1	1f939-1f3fb-200d-2640-fe0f	-	+
woman_juggling_light_skin_tone	1f939-1f3fb-200d-2640-fe0f	-	+
woman_juggling_tone2	1f939-1f3fc-200d-2640-fe0f	-	+
woman_juggling_medium_light_skin_tone	1f939-1f3fc-200d-2640-fe0f	-	+
woman_juggling_tone3	1f939-1f3fd-200d-2640-fe0f	-	+
woman_juggling_medium_skin_tone	1f939-1f3fd-200d-2640-fe0f	-	+
woman_juggling_tone4	1f939-1f3fe-200d-2640-fe0f	-	+
woman_juggling_medium_dark_skin_tone	1f939-1f3fe-200d-2640-fe0f	-	+
woman_juggling_tone5	1f939-1f3ff-200d-2640-fe0f	-	+
woman_juggling_dark_skin_tone	1f939-1f3ff-200d-2640-fe0f	-	+
man_juggling	1f939-200d-2642-fe0f	activity	+
man_juggling_tone1	1f939-1f3fb-200d-2642-fe0f	-	+
man_juggling_light_skin_tone	1f939-1f3fb-200d-2642-fe0f	-	+
man_juggling_tone2	1f939-1f3fc-200d-2642-fe0f	-	+
man_juggling_medium_light_skin_tone	1f939-1f3fc-200d-2642-fe0f	-	+
man_juggling_tone3	1f939-1f3fd-200d-2642-fe0f	-	+
man_juggling_medium_skin_tone	1f939-1f3fd-200d-2642-fe0f	-	+
man_juggling_tone4	1f939-1f3fe-200d-2642-fe0f	-	+
man_juggling_medium_dark_skin_tone	1f939-1f3fe-200d-2642-fe0f	-	+
man_juggling_tone5	1f939-1f3ff-200d-2642-fe0f	-	+
man_juggling_dark_skin_tone	1f939-1f3ff-200d-2642-fe0f	-	+
performing_arts	1f3ad	activity	+
ballet_shoes	1fa70	activity	-
art	1f3a8	activity	+
splatter	1fadf	activity	-
clapper	1f3ac	activity	+
clapper_board	1f3ac	-	-
microphone	1f3a4	activity	+
headphones	1f3a7	activity	+
headphone	1f3a7	-	-
musical_score	1f3bc	activity	+
musical_keyboard	1f3b9	activity	+
maracas	1fa87	activity	-
drum	1f941	activity	+
drum_with_drumsticks	1f941	-	+
long_drum	1fa98	activity	-
saxophone	1f3b7	activity	+
trumpet	1f3ba	activity	+
accordion	1fa97	activity	-
guitar	1f3b8	activity	+
banjo	1fa95	activity	-
harp	1fa89	activity	-
violin	1f3bb	activity	+
flute	1fa88	activity	-
game_die	1f3b2	activity	+
chess_pawn	265f-fe0f	activity	+
dart	1f3af	activity	+
direct_hit	1f3af	-	-
bowling	1f3b3	activity	+
video_game	1f3ae	activity	+
slot_machine	1f3b0	activity	+
jigsaw	1f9e9	activity	+
puzzle_piece	1f9e9	-	-
red_car	1f697	travel	+
automobile	1f697	-	-
taxi	1f695	travel	+
blue_car	1f699	travel	+
pickup_truck	1f6fb	travel	-
minibus	1f690	travel	+
bus	1f68c	travel	+
trolleybus	1f68e	travel	+
race_car	1f3ce-fe0f	travel	+
racing_car	1f3ce-fe0f	-	+
police_car	1f693	travel	+
ambulance	1f691	travel	+
fire_engine	1f692	travel	+
truck	1f69a	travel	+
articulated_lorry	1f69b	travel	+
tractor	1f69c	travel	+
probing_cane	1f9af	travel	-
manual_wheelchair	1f9bd	travel	-
motorized_wheelchair	1f9bc	travel	-
crutch	1fa7c	travel	-
scooter	1f6f4	travel	+
kick_scooter	1f6f4	-	-
bike	1f6b2	travel	+
bicycle	1f6b2	-	-
motor_scooter	1f6f5	travel	+
motorbike	1f6f5	-	+
motorcycle	1f3cd-fe0f	travel	+
racing_motorcycle	1f3cd-fe0f	-	+
auto_rickshaw	1f6fa	travel	-
wheel	1f6de	travel	-
rotating_light	1f6a8	travel	+
oncoming_police_car	1f694	travel	+
oncoming_bus	1f68d	travel	+
oncoming_automobile	1f698	travel	+
oncoming_taxi	1f696	travel	+
aerial_tramway	1f6a1	travel	+
mountain_cableway	1f6a0	travel	+
suspension_railway	1f69f	travel	+
railway_car	1f683	travel	+
train	1f68b	travel	+
tram_car	1f68b	-	-
mountain_railway	1f69e	travel	+
monorail	1f69d	travel	+
bullettrain_side	1f684	travel	+
bullettrain_front	1f685	travel	+
bullet_train	1f685	-	-
light_rail	1f688	travel	+
steam_locomotive	1f682	travel	+
locomotive	1f682	-	-
train2	1f686	travel	+
metro	1f687	travel	+
tram	1f68a	travel	+
station	1f689	travel	+
airplane	2708-fe0f	travel	+
airplane_departure	1f6eb	travel	+
airplane_arriving	1f6ec	travel	+
airplane_small	1f6e9-fe0f	travel	+
small_airplane	1f6e9-fe0f	-	+
seat	1f4ba	travel	+
satellite_orbital	1f6f0-fe0f	travel	+
rocket	1f680	travel	+
flying_saucer	1f6f8	travel	+
helicopter	1f681	travel	+
canoe	1f6f6	travel	+
kayak	1f6f6	-	+
sailboat	26f5	travel	+
speedboat	1f6a4	travel	+
motorboat	1f6e5-fe0f	travel	+
motor_boat	1f6e5-fe0f	-	-
cruise_ship	1f6f3-fe0f	travel	+
passenger_ship	1f6f3-fe0f	-	+
ferry	26f4-fe0f	travel	+
ship	1f6a2	travel	+
ring_buoy	1f6df	travel	-
anchor	2693	travel	+
hook	1fa9d	travel	-
fuelpump	26fd	travel	+
fuel_pump	26fd	-	-
construction	1f6a7	travel	+
vertical_traffic_light	1f6a6	travel	+
traffic_light	1f6a5	travel	+
busstop	1f68f	travel	+
bus_stop	1f68f	-	-
map	1f5fa-fe0f	travel	+
world_map	1f5fa-fe0f	-	+
moyai	1f5ff	travel	+
moai	1f5ff	-	-
statue_of_liberty	1f5fd	travel	+
tokyo_tower	1f5fc	travel	+
european_castle	1f3f0	travel	+
castle	1f3f0	-	-
japanese_castle	1f3ef	travel	+
stadium	1f3df-fe0f	travel	+
ferris_wheel	1f3a1	travel	+
roller_coaster	1f3a2	travel	+
carousel_horse	1f3a0	travel	+
fountain	26f2	travel	+
beach_umbrella	26f1-fe0f	travel	+
umbrella_on_ground	26f1-fe0f	-	+
beach	1f3d6-fe0f	travel	+
beach_with_umbrella	1f3d6-fe0f	-	+
island	1f3dd-fe0f	travel	+
desert_island	1f3dd-fe0f	-	+
desert	1f3dc-fe0f	travel	+
volcano	1f30b	travel	+
mountain	26f0-fe0f	travel	+
mountain_snow	1f3d4-fe0f	travel	+
snow_capped_mountain	1f3d4-fe0f	-	+
mount_fuji	1f5fb	travel	+
camping	1f3d5-fe0f	travel	+
tent	26fa	travel	+
house	1f3e0	travel	+
house_with_garden	1f3e1	travel	+
homes	1f3d8-fe0f	travel	+
house_buildings	1f3d8-fe0f	-	+
houses	1f3d8-fe0f	-	-
house_abandoned	1f3da-fe0f	travel	+
derelict_house_building	1f3da-fe0f	-	+
hut	1f6d6	travel	-
construction_site	1f3d7-fe0f	travel	+
building_construction	1f3d7-fe0f	-	+
factory	1f3ed	travel	+
office	1f3e2	travel	+
department_store	1f3ec	travel	+
post_office	1f3e3	travel	+
european_post_office	1f3e4	travel	+
hospital	1f3e5	travel	+
bank	1f3e6	travel	+
hotel	1f3e8	travel	+
convenience_store	1f3ea	travel	+
school	1f3eb	travel	+
love_hotel	1f3e9	travel	+
wedding	1f492	travel	+
classical_building	1f3db-fe0f	travel	+
church	26ea	travel	+
mosque	1f54c	travel	+
synagogue	1f54d	travel	+
hindu_temple	1f6d5	travel	-
kaaba	1f54b	travel	+
shinto_shrine	26e9-fe0f	travel	+
railway_track	1f6e4-fe0f	travel	+
railroad_track	1f6e4-fe0f	-	+
motorway	1f6e3-fe0f	travel	+
japan	1f5fe	travel	+
map_of_japan	1f5fe	-	-
rice_scene	1f391	travel	+
park	1f3de-fe0f	travel	+
national_park	1f3de-fe0f	-	+
sunrise	1f305	travel	+
sunrise_over_mountains	1f304	travel	+
stars	1f320	travel	+
shooting_star	1f320	-	-
sparkler	1f387	travel	+
fireworks	1f386	travel	+
city_sunset	1f307	travel	+
city_sunrise	1f307	-	+
sunset	1f307	-	-
city_dusk	1f306	travel	+
cityscape	1f3d9-fe0f	travel	+
night_with_stars	1f303	travel	+
milky_way	1f30c	travel	+
bridge_at_night	1f309	travel	+
foggy	1f301	travel	+
watch	231a	objects	+
mobile_phone	1f4f1	objects	-
calling	1f4f2	objects	+
computer	1f4bb	objects	+
keyboard	2328-fe0f	objects	+
desktop	1f5a5-fe0f	objects	+
desktop_computer	1f5a5-fe0f	-	+
printer	1f5a8-fe0f	objects	+
mouse_three_button	1f5b1-fe0f	objects	+
three_button_mouse	1f5b1-fe0f	-	+
trackball	1f5b2-fe0f	objects	+
joystick	1f579-fe0f	objects	+
compression	1f5dc-fe0f	objects	+
clamp	1f5dc-fe0f	-	-
minidisc	1f4bd	objects	+
computer_disk	1f4bd	-	-
floppy_disk	1f4be	objects	+
cd	1f4bf	objects	+
optical_disk	1f4bf	-	-
dvd	1f4c0	objects	+
vhs	1f4fc	objects	+
videocassette	1f4fc	-	-
camera	1f4f7	objects	+
camera_with_flash	1f4f8	objects	+
video_camera	1f4f9	objects	+
movie_camera	1f3a5	objects	+
projector	1f4fd-fe0f	objects	+
film_projector	1f4fd-fe0f	-	+
film_frames	1f39e-fe0f	objects	+
telephone_receiver	1f4de	objects	+
telephone	260e-fe0f	objects	+
pager	1f4df	objects	+
fax	1f4e0	objects	+
fax_machine	1f4e0	-	-
tv	1f4fa	objects	+
television	1f4fa	-	-
radio	1f4fb	objects	+
microphone2	1f399-fe0f	objects	+
studio_microphone	1f399-fe0f	-	+
level_slider	1f39a-fe0f	objects	+
control_knobs	1f39b-fe0f	objects	+
compass	1f9ed	objects	+
stopwatch	23f1-fe0f	objects	+
timer	23f2-fe0f	objects	+
timer_clock	23f2-fe0f	-	+
alarm_clock	23f0	objects	+
clock	1f570-fe0f	objects	+
mantlepiece_clock	1f570-fe0f	-	+
hourglass	231b	objects	+
hourglass_flowing_sand	23f3	objects	+
satellite	1f4e1	objects	+
battery	1f50b	objects	+
low_battery	1faab	objects	-
electric_plug	1f50c	objects	+
bulb	1f4a1	objects	+
light_bulb	1f4a1	-	-
flashlight	1f526	objects	+
candle	1f56f-fe0f	objects	+
diya_lamp	1fa94	objects	-
fire_extinguisher	1f9ef	objects	+
oil	1f6e2-fe0f	objects	+
oil_drum	1f6e2-fe0f	-	+
money_with_wings	1f4b8	objects	+
dollar	1f4b5	objects	+
yen	1f4b4	objects	+
yen_banknote	1f4b4	-	-
euro	1f4b6	objects	+
euro_banknote	1f4b6	-	-
pound	1f4b7	objects	+
coin	1fa99	objects	-
moneybag	1f4b0	objects	+
money_bag	1f4b0	-	-
credit_card	1f4b3	objects	+
identification_card	1faaa	objects	-
gem	1f48e	objects	+
gem_stone	1f48e	-	-
scales	2696-fe0f	objects	+
balance_scale	2696-fe0f	-	-
ladder	1fa9c	objects	-
toolbox	1f9f0	objects	+
screwdriver	1fa9b	objects	-
wrench	1f527	objects	+
hammer	1f528	objects	+
hammer_pick	2692-fe0f	objects	+
hammer_and_pick	2692-fe0f	-	+
tools	1f6e0-fe0f	objects	+
hammer_and_wrench	1f6e0-fe0f	-	+
pick	26cf-fe0f	objects	+
shovel	1fa8f	objects	-
carpentry_saw	1fa9a	objects	-
nut_and_bolt	1f529	objects	+
gear	2699-fe0f	objects	+
mouse_trap	1faa4	objects	-
bricks	1f9f1	objects	+
brick	1f9f1	-	-
chains	26d3-fe0f	objects	+
broken_chain	26d3-fe0f-200d-1f4a5	objects	-
magnet	1f9f2	objects	+
gun	1f52b	objects	+
pistol	1f52b	-	-
bomb	1f4a3	objects	+
firecracker	1f9e8	objects	+
axe	1fa93	objects	-
knife	1f52a	objects	+
kitchen_knife	1f52a	-	-
dagger	1f5e1-fe0f	objects	+
dagger_knife	1f5e1-fe0f	-	+
crossed_swords	2694-fe0f	objects	+
shield	1f6e1-fe0f	objects	+
smoking	1f6ac	objects	+
cigarette	1f6ac	-	-
coffin	26b0-fe0f	objects	+
headstone	1faa6	objects	-
urn	26b1-fe0f	objects	+
funeral_urn	26b1-fe0f	-	+
amphora	1f3fa	objects	+
crystal_ball	1f52e	objects	+
prayer_beads	1f4ff	objects	+
nazar_amulet	1f9ff	objects	+
hamsa	1faac	objects	-
barber	1f488	objects	+
barber_pole	1f488	-	-
alembic	2697-fe0f	objects	+
telescope	1f52d	objects	+
microscope	1f52c	objects	+
hole	1f573-fe0f	objects	+
x_ray	1fa7b	objects	-
adhesive_bandage	1fa79	objects	-
stethoscope	1fa7a	objects	-
pill	1f48a	objects	+
syringe	1f489	objects	+
drop_of_blood	1fa78	objects	-
dna	1f9ec	objects	+
microbe	1f9a0	objects	+
petri_dish	1f9eb	objects	+
test_tube	1f9ea	objects	+
thermometer	1f321-fe0f	objects	+
broom	1f9f9	objects	+
plunger	1faa0	objects	-
basket	1f9fa	objects	+
roll_of_paper	1f9fb	objects	+
toilet	1f6bd	objects	+
potable_water	1f6b0	objects	+
shower	1f6bf	objects	+
bathtub	1f6c1	objects	+
bath	1f6c0	objects	+
bath_tone1	1f6c0-1f3fb	-	+
bath_tone2	1f6c0-1f3fc	-	+
bath_tone3	1f6c0-1f3fd	-	+
bath_tone4	1f6c0-1f3fe	-	+
bath_tone5	1f6c0-1f3ff	-	+
soap	1f9fc	objects	+
toothbrush	1faa5	objects	-
razor	1fa92	objects	-
hair_pick	1faae	objects	-
sponge	1f9fd	objects	+
bucket	1faa3	objects	-
squeeze_bottle	1f9f4	objects	+
lotion_bottle	1f9f4	-	-
bellhop	1f6ce-fe0f	objects	+
bellhop_bell	1f6ce-fe0f	-	+
key	1f511	objects	+
key2	1f5dd-fe0f	objects	+
old_key	1f5dd-fe0f	-	+
door	1f6aa	objects	+
chair	1fa91	objects	-
couch	1f6cb-fe0f	objects	+
couch_and_lamp	1f6cb-fe0f	-	+
bed	1f6cf-fe0f	objects	+
sleeping_accommodation	1f6cc	objects	+
person_in_bed	1f6cc	-	-
person_in_bed_tone1	1f6cc-1f3fb	-	+
person_in_bed_light_skin_tone	1f6cc-1f3fb	-	+
person_in_bed_tone2	1f6cc-1f3fc	-	+
person_in_bed_medium_light_skin_tone	1f6cc-1f3fc	-	+
person_in_bed_tone3	1f6cc-1f3fd	-	+
person_in_bed_medium_skin_tone	1f6cc-1f3fd	-	+
person_in_bed_tone4	1f6cc-1f3fe	-	+
person_in_bed_medium_dark_skin_tone	1f6cc-1f3fe	-	+
person_in_bed_tone5	1f6cc-1f3ff	-	+
person_in_bed_dark_skin_tone	1f6cc-1f3ff	-	+
teddy_bear	1f9f8	objects	+
nesting_dolls	1fa86	objects	-
frame_photo	1f5bc-fe0f	objects	+
frame_with_picture	1f5bc-fe0f	-	+
mirror	1fa9e	objects	-
window	1fa9f	objects	-
shopping_bags	1f6cd-fe0f	objects	+
shopping_cart	1f6d2	objects	+
shopping_trolley	1f6d2	-	+
gift	1f381	objects	+
wrapped_gift	1f381	-	-
balloon	1f388	objects	+
flags	1f38f	objects	+
carp_streamer	1f38f	-	-
ribbon	1f380	objects	+
magic_wand	1fa84	objects	-
piñata	1fa85	objects	-
confetti_ball	1f38a	objects	+
tada	1f389	objects	+
party_popper	1f389	-	-
dolls	1f38e	objects	+
folding_hand_fan	1faad	objects	-
izakaya_lantern	1f3ee	objects	+
wind_chime	1f390	objects	+
mirror_ball	1faa9	objects	-
red_envelope	1f9e7	objects	+
envelope	2709-fe0f	objects	+
envelope_with_arrow	1f4e9	objects	+
incoming_envelope	1f4e8	objects	+
e-mail	1f4e7	objects	+
email	1f4e7	-	+
e_mail	1f4e7	-	-
love_letter	1f48c	objects	+
inbox_tray	1f4e5	objects	+
outbox_tray	1f4e4	objects	+
package	1f4e6	objects	+
label	1f3f7-fe0f	objects	+
placard	1faa7	objects	-
mailbox_closed	1f4ea	objects	+
mailbox	1f4eb	objects	+
mailbox_with_mail	1f4ec	objects	+
mailbox_with_no_mail	1f4ed	objects	+
postbox	1f4ee	objects	+
postal_horn	1f4ef	objects	+
scroll	1f4dc	objects	+
page_with_curl	1f4c3	objects	+
page_facing_up	1f4c4	objects	+
bookmark_tabs	1f4d1	objects	+
receipt	1f9fe	objects	+
bar_chart	1f4ca	objects	+
chart_with_upwards_trend	1f4c8	objects	+
chart_with_downwards_trend	1f4c9	objects	+
notepad_spiral	1f5d2-fe0f	objects	+
spiral_note_pad	1f5d2-fe0f	-	+
calendar_spiral	1f5d3-fe0f	objects	+
spiral_calendar_pad	1f5d3-fe0f	-	+
calendar	1f4c6	objects	+
date	1f4c5	objects	+
wastebasket	1f5d1-fe0f	objects	+
card_index	1f4c7	objects	+
card_box	1f5c3-fe0f	objects	+
card_file_box	1f5c3-fe0f	-	+
ballot_box	1f5f3-fe0f	objects	+
ballot_box_with_ballot	1f5f3-fe0f	-	+
file_cabinet	1f5c4-fe0f	objects	+
clipboard	1f4cb	objects	+
file_folder	1f4c1	objects	+
open_file_folder	1f4c2	objects	+
dividers	1f5c2-fe0f	objects	+
card_index_dividers	1f5c2-fe0f	-	+
newspaper2	1f5de-fe0f	objects	+
rolled_up_newspaper	1f5de-fe0f	-	+
newspaper	1f4f0	objects	+
notebook	1f4d3	objects	+
notebook_with_decorative_cover	1f4d4	objects	+
ledger	1f4d2	objects	+
closed_book	1f4d5	objects	+
green_book	1f4d7	objects	+
blue_book	1f4d8	objects	+
orange_book	1f4d9	objects	+
books	1f4da	objects	+
book	1f4d6	objects	+
open_book	1f4d6	-	-
bookmark	1f516	objects	+
safety_pin	1f9f7	objects	+
link	1f517	objects	+
paperclip	1f4ce	objects	+
paperclips	1f587-fe0f	objects	+
linked_paperclips	1f587-fe0f	-	+
triangular_ruler	1f4d0	objects	+
straight_ruler	1f4cf	objects	+
abacus	1f9ee	objects	+
pushpin	1f4cc	objects	+
round_pushpin	1f4cd	objects	+
scissors	2702-fe0f	objects	+
pen_ballpoint	1f58a-fe0f	objects	+
lower_left_ballpoint_pen	1f58a-fe0f	-	+
pen	1f58a-fe0f	-	-
pen_fountain	1f58b-fe0f	objects	+
lower_left_fountain_pen	1f58b-fe0f	-	+
fountain_pen	1f58b-fe0f	-	-
black_nib	2712-fe0f	objects	+
paintbrush	1f58c-fe0f	objects	+
lower_left_paintbrush	1f58c-fe0f	-	+
crayon	1f58d-fe0f	objects	+
lower_left_crayon	1f58d-fe0f	-	+
pencil	1f4dd	objects	+
memo	1f4dd	-	+
pencil2	270f-fe0f	objects	+
mag	1f50d	objects	+
mag_right	1f50e	objects	+
lock_with_ink_pen	1f50f	objects	+
closed_lock_with_key	1f510	objects	+
lock	1f512	objects	+
locked	1f512	-	-
unlock	1f513	objects	+
unlocked	1f513	-	-
pink_heart	1fa77	symbols	-
heart	2764-fe0f	symbols	+
red_heart	2764-fe0f	-	-
orange_heart	1f9e1	symbols	+
yellow_heart	1f49b	symbols	+
green_heart	1f49a	symbols	+
light_blue_heart	1fa75	symbols	-
blue_heart	1f499	symbols	+
purple_heart	1f49c	symbols	+
black_heart	1f5a4	symbols	+
grey_heart	1fa76	symbols	-
white_heart	1f90d	symbols	-
brown_heart	1f90e	symbols	-
broken_heart	1f494	symbols	+
heart_exclamation	2763-fe0f	symbols	+
heavy_heart_exclamation_mark_ornament	2763-fe0f	-	+
two_hearts	1f495	symbols	+
revolving_hearts	1f49e	symbols	+
heartbeat	1f493	symbols	+
beating_heart	1f493	-	-
heartpulse	1f497	symbols	+
growing_heart	1f497	-	-
sparkling_heart	1f496	symbols	+
cupid	1f498	symbols	+
gift_heart	1f49d	symbols	+
mending_heart	2764-fe0f-200d-1fa79	symbols	-
heart_on_fire	2764-fe0f-200d-1f525	symbols	-
heart_decoration	1f49f	symbols	+
peace	262e-fe0f	symbols	+
peace_symbol	262e-fe0f	-	+
cross	271d-fe0f	symbols	+
latin_cross	271d-fe0f	-	+
star_and_crescent	262a-fe0f	symbols	+
om_symbol	1f549-fe0f	symbols	+
wheel_of_dharma	2638-fe0f	symbols	+
khanda	1faaf	symbols	-
star_of_david	2721-fe0f	symbols	+
six_pointed_star	1f52f	symbols	+
menorah	1f54e	symbols	+
yin_yang	262f-fe0f	symbols	+
orthodox_cross	2626-fe0f	symbols	+
place_of_worship	1f6d0	symbols	+
worship_symbol	1f6d0	-	+
ophiuchus	26ce	symbols	+
aries	2648	symbols	+
taurus	2649	symbols	+
gemini	264a	symbols	+
cancer	264b	symbols	+
leo	264c	symbols	+
virgo	264d	symbols	+
libra	264e	symbols	+
scorpius	264f	symbols	+
scorpio	264f	-	-
sagittarius	2650	symbols	+
capricorn	2651	symbols	+
aquarius	2652	symbols	+
pisces	2653	symbols	+
id	1f194	symbols	+
atom	269b-fe0f	symbols	+
atom_symbol	269b-fe0f	-	+
accept	1f251	symbols	+
radioactive	2622-fe0f	symbols	+
radioactive_sign	2622-fe0f	-	+
biohazard	2623-fe0f	symbols	+
biohazard_sign	2623-fe0f	-	+
mobile_phone_off	1f4f4	symbols	+
vibration_mode	1f4f3	symbols	+
u6709	1f236	symbols	+
u7121	1f21a	symbols	+
u7533	1f238	symbols	+
u55b6	1f23a	symbols	+
u6708	1f237-fe0f	symbols	+
eight_pointed_black_star	2734-fe0f	symbols	+
vs	1f19a	symbols	+
white_flower	1f4ae	symbols	+
ideograph_advantage	1f250	symbols	+
secret	3299-fe0f	symbols	+
congratulations	3297-fe0f	symbols	+
u5408	1f234	symbols	+
u6e80	1f235	symbols	+
u5272	1f239	symbols	+
u7981	1f232	symbols	+
a	1f170-fe0f	symbols	+
b	1f171-fe0f	symbols	+
ab	1f18e	symbols	+
cl	1f191	symbols	+
o2	1f17e-fe0f	symbols	+
sos	1f198	symbols	+
x	274c	symbols	+
cross_mark	274c	-	-
o	2b55	symbols	+
octagonal_sign	1f6d1	symbols	+
stop_sign	1f6d1	-	+
no_entry	26d4	symbols	+
name_badge	1f4db	symbols	+
no_entry_sign	1f6ab	symbols	+
prohibited	1f6ab	-	-
100	1f4af	symbols	+
anger	1f4a2	symbols	+
hotsprings	2668-fe0f	symbols	+
hot_springs	2668-fe0f	-	-
no_pedestrians	1f6b7	symbols	+
do_not_litter	1f6af	symbols	+
no_littering	1f6af	-	-
no_bicycles	1f6b3	symbols	+
non-potable_water	1f6b1	symbols	+
underage	1f51e	symbols	+
no_mobile_phones	1f4f5	symbols	+
no_smoking	1f6ad	symbols	+
exclamation	2757	symbols	+
grey_exclamation	2755	symbols	+
question	2753	symbols	+
question_mark	2753	-	-
grey_question	2754	symbols	+
bangbang	203c-fe0f	symbols	+
interrobang	2049-fe0f	symbols	+
low_brightness	1f505	symbols	+
high_brightness	1f506	symbols	+
part_alternation_mark	303d-fe0f	symbols	+
warning	26a0-fe0f	symbols	+
children_crossing	1f6b8	symbols	+
trident	1f531	symbols	+
fleur-de-lis	269c-fe0f	symbols	+
fleur_de_lis	269c-fe0f	-	-
beginner	1f530	symbols	+
recycle	267b-fe0f	symbols	+
white_check_mark	2705	symbols	+
u6307	1f22f	symbols	+
chart	1f4b9	symbols	+
sparkle	2747-fe0f	symbols	+
eight_spoked_asterisk	2733-fe0f	symbols	+
negative_squared_cross_mark	274e	symbols	+
globe_with_meridians	1f310	symbols	+
diamond_shape_with_a_dot_inside	1f4a0	symbols	+
m	24c2-fe0f	symbols	+
circled_m	24c2-fe0f	-	-
cyclone	1f300	symbols	+
zzz	1f4a4	symbols	+
atm	1f3e7	symbols	+
wc	1f6be	symbols	+
water_closet	1f6be	-	-
wheelchair	267f	symbols	+
parking	1f17f-fe0f	symbols	+
elevator	1f6d7	symbols	-
u7a7a	1f233	symbols	+
sa	1f202-fe0f	symbols	+
passport_control	1f6c2	symbols	+
customs	1f6c3	symbols	+
baggage_claim	1f6c4	symbols	+
left_luggage	1f6c5	symbols	+
wireless	1f6dc	symbols	-
mens	1f6b9	symbols	+
mens_room	1f6b9	-	-
womens	1f6ba	symbols	+
womens_room	1f6ba	-	-
baby_symbol	1f6bc	symbols	+
restroom	1f6bb	symbols	+
put_litter_in_its_place	1f6ae	symbols	+
cinema	1f3a6	symbols	+
signal_strength	1f4f6	symbols	+
antenna_bars	1f4f6	-	-
koko	1f201	symbols	+
symbols	1f523	symbols	+
input_symbols	1f523	-	-
information_source	2139-fe0f	symbols	+
information	2139-fe0f	-	-
abc	1f524	symbols	+
abcd	1f521	symbols	+
capital_abcd	1f520	symbols	+
ng	1f196	symbols	+
ok	1f197	symbols	+
up	1f199	symbols	+
cool	1f192	symbols	+
new	1f195	symbols	+
free	1f193	symbols	+
zero	0030-fe0f-20e3	symbols	+
one	0031-fe0f-20e3	symbols	+
two	0032-fe0f-20e3	symbols	+
three	0033-fe0f-20e3	symbols	+
four	0034-fe0f-20e3	symbols	+
five	0035-fe0f-20e3	symbols	+
six	0036-fe0f-20e3	symbols	+
seven	0037-fe0f-20e3	symbols	+
eight	0038-fe0f-20e3	symbols	+
nine	0039-fe0f-20e3	symbols	+
keycap_ten	1f51f	symbols	+
1234	1f522	symbols	+
input_numbers	1f522	-	-
hash	0023-fe0f-20e3	symbols	+
asterisk	002a-fe0f-20e3	symbols	+
keycap_asterisk	002a-fe0f-20e3	-	+
eject	23cf-fe0f	symbols	+
eject_symbol	23cf-fe0f	-	+
arrow_forward	25b6-fe0f	symbols	+
pause_button	23f8-fe0f	symbols	+
double_vertical_bar	23f8-fe0f	-	+
play_pause	23ef-fe0f	symbols	+
stop_button	23f9-fe0f	symbols	+
record_button	23fa-fe0f	symbols	+
track_next	23ed-fe0f	symbols	+
next_track	23ed-fe0f	-	+
track_previous	23ee-fe0f	symbols	+
previous_track	23ee-fe0f	-	+
fast_forward	23e9	symbols	+
rewind	23ea	symbols	+
arrow_double_up	23eb	symbols	+
arrow_double_down	23ec	symbols	+
arrow_backward	25c0-fe0f	symbols	+
arrow_up_small	1f53c	symbols	+
arrow_down_small	1f53d	symbols	+
arrow_right	27a1-fe0f	symbols	+
right_arrow	27a1-fe0f	-	-
arrow_left	2b05-fe0f	symbols	+
left_arrow	2b05-fe0f	-	-
arrow_up	2b06-fe0f	symbols	+
up_arrow	2b06-fe0f	-	-
arrow_down	2b07-fe0f	symbols	+
down_arrow	2b07-fe0f	-	-
arrow_upper_right	2197-fe0f	symbols	+
arrow_lower_right	2198-fe0f	symbols	+
arrow_lower_left	2199-fe0f	symbols	+
arrow_upper_left	2196-fe0f	symbols	+
up_left_arrow	2196-fe0f	-	-
arrow_up_down	2195-fe0f	symbols	+
up_down_arrow	2195-fe0f	-	-
left_right_arrow	2194-fe0f	symbols	+
arrow_right_hook	21aa-fe0f	symbols	+
leftwards_arrow_with_hook	21a9-fe0f	symbols	+
arrow_heading_up	2934-fe0f	symbols	+
arrow_heading_down	2935-fe0f	symbols	+
twisted_rightwards_arrows	1f500	symbols	+
repeat	1f501	symbols	+
repeat_one	1f502	symbols	+
arrows_counterclockwise	1f504	symbols	+
arrows_clockwise	1f503	symbols	+
musical_note	1f3b5	symbols	+
notes	1f3b6	symbols	+
musical_notes	1f3b6	-	-
heavy_plus_sign	2795	symbols	+
heavy_minus_sign	2796	symbols	+
heavy_division_sign	2797	symbols	+
heavy_multiplication_x	2716-fe0f	symbols	+
heavy_equals_sign	1f7f0	symbols	-
infinity	267e-fe0f	symbols	+
heavy_dollar_sign	1f4b2	symbols	+
currency_exchange	1f4b1	symbols	+
tm	2122-fe0f	symbols	+
trade_mark	2122-fe0f	-	-
copyright	00a9-fe0f	symbols	+
registered	00ae-fe0f	symbols	+
wavy_dash	3030-fe0f	symbols	+
curly_loop	27b0	symbols	+
loop	27bf	symbols	+
end	1f51a	symbols	+
end_arrow	1f51a	-	-
back	1f519	symbols	+
back_arrow	1f519	-	-
on	1f51b	symbols	+
on_arrow	1f51b	-	-
top	1f51d	symbols	+
top_arrow	1f51d	-	-
soon	1f51c	symbols	+
soon_arrow	1f51c	-	-
heavy_check_mark	2714-fe0f	symbols	+
check_mark	2714-fe0f	-	-
ballot_box_with_check	2611-fe0f	symbols	+
radio_button	1f518	symbols	+
white_circle	26aa	symbols	+
black_circle	26ab	symbols	+
red_circle	1f534	symbols	+
blue_circle	1f535	symbols	+
brown_circle	1f7e4	symbols	-
purple_circle	1f7e3	symbols	-
green_circle	1f7e2	symbols	-
yellow_circle	1f7e1	symbols	-
orange_circle	1f7e0	symbols	-
small_red_triangle	1f53a	symbols	+
small_red_triangle_down	1f53b	symbols	+
small_orange_diamond	1f538	symbols	+
small_blue_diamond	1f539	symbols	+
large_orange_diamond	1f536	symbols	+
large_blue_diamond	1f537	symbols	+
white_square_button	1f533	symbols	+
black_square_button	1f532	symbols	+
black_small_square	25aa-fe0f	symbols	+
white_small_square	25ab-fe0f	symbols	+
black_medium_small_square	25fe	symbols	+
white_medium_small_square	25fd	symbols	+
black_medium_square	25fc-fe0f	symbols	+
white_medium_square	25fb-fe0f	symbols	+
black_large_square	2b1b	symbols	+
white_large_square	2b1c	symbols	+
orange_square	1f7e7	symbols	-
blue_square	1f7e6	symbols	-
red_square	1f7e5	symbols	-
brown_square	1f7eb	symbols	-
purple_square	1f7ea	symbols	-
green_square	1f7e9	symbols	-
yellow_square	1f7e8	symbols	-
speaker	1f508	symbols	+
mute	1f507	symbols	+
muted_speaker	1f507	-	-
sound	1f509	symbols	+
loud_sound	1f50a	symbols	+
bell	1f514	symbols	+
no_bell	1f515	symbols	+
mega	1f4e3	symbols	+
megaphone	1f4e3	-	-
loudspeaker	1f4e2	symbols	+
speech_left	1f5e8-fe0f	symbols	+
left_speech_bubble	1f5e8-fe0f	-	+
eye_in_speech_bubble	1f441-fe0f-200d-1f5e8-fe0f	symbols	+
speech_balloon	1f4ac	symbols	+
thought_balloon	1f4ad	symbols	+
anger_right	1f5ef-fe0f	symbols	+
right_anger_bubble	1f5ef-fe0f	-	+
spades	2660-fe0f	symbols	+
spade_suit	2660-fe0f	-	-
clubs	2663-fe0f	symbols	+
club_suit	2663-fe0f	-	-
hearts	2665-fe0f	symbols	+
heart_suit	2665-fe0f	-	-
diamonds	2666-fe0f	symbols	+
diamond_suit	2666-fe0f	-	-
black_joker	1f0cf	symbols	+
joker	1f0cf	-	-
flower_playing_cards	1f3b4	symbols	+
mahjong	1f004	symbols	+
clock1	1f550	symbols	+
one_oclock	1f550	-	-
clock2	1f551	symbols	+
two_oclock	1f551	-	-
clock3	1f552	symbols	+
three_oclock	1f552	-	-
clock4	1f553	symbols	+
four_oclock	1f553	-	-
clock5	1f554	symbols	+
five_oclock	1f554	-	-
clock6	1f555	symbols	+
six_oclock	1f555	-	-
clock7	1f556	symbols	+
seven_oclock	1f556	-	-
clock8	1f557	symbols	+
eight_oclock	1f557	-	-
clock9	1f558	symbols	+
nine_oclock	1f558	-	-
clock10	1f559	symbols	+
ten_oclock	1f559	-	-
clock11	1f55a	symbols	+
eleven_oclock	1f55a	-	-
clock12	1f55b	symbols	+
twelve_oclock	1f55b	-	-
clock130	1f55c	symbols	+
one_thirty	1f55c	-	-
clock230	1f55d	symbols	+
two_thirty	1f55d	-	-
clock330	1f55e	symbols	+
three_thirty	1f55e	-	-
clock430	1f55f	symbols	+
four_thirty	1f55f	-	-
clock530	1f560	symbols	+
five_thirty	1f560	-	-
clock630	1f561	symbols	+
six_thirty	1f561	-	-
clock730	1f562	symbols	+
seven_thirty	1f562	-	-
clock830	1f563	symbols	+
eight_thirty	1f563	-	-
clock930	1f564	symbols	+
nine_thirty	1f564	-	-
clock1030	1f565	symbols	+
ten_thirty	1f565	-	-
clock1130	1f566	symbols	+
eleven_thirty	1f566	-	-
clock1230	1f567	symbols	+
twelve_thirty	1f567	-	-
digit_zero	0030-fe0f	symbols	+
digit_one	0031-fe0f	symbols	+
digit_two	0032-fe0f	symbols	+
digit_three	0033-fe0f	symbols	+
digit_four	0034-fe0f	symbols	+
digit_five	0035-fe0f	symbols	+
digit_six	0036-fe0f	symbols	+
digit_seven	0037-fe0f	symbols	+
digit_eight	0038-fe0f	symbols	+
digit_nine	0039-fe0f	symbols	+
pound_symbol	0023-fe0f	symbols	+
asterisk_symbol	002a-fe0f	symbols	+
female_sign	2640-fe0f	symbols	+
male_sign	2642-fe0f	symbols	+
transgender_symbol	26a7	symbols	-
medical_symbol	2695-fe0f	symbols	+
flag_white	1f3f3-fe0f	flags	+
waving_white_flag	1f3f3-fe0f	-	+
white_flag	1f3f3-fe0f	-	-
flag_black	1f3f4	flags	+
waving_black_flag	1f3f4	-	+
black_flag	1f3f4	-	-
pirate_flag	1f3f4-200d-2620-fe0f	flags	+
checkered_flag	1f3c1	flags	+
triangular_flag_on_post	1f6a9	flags	+
rainbow_flag	1f3f3-fe0f-200d-1f308	flags	+
gay_pride_flag	1f3f3-fe0f-200d-1f308	-	+
transgender_flag	1f3f3-fe0f-200d-26a7-fe0f	flags	-
united_nations	1f1fa-1f1f3	flags	+
flag_af	1f1e6-1f1eb	flags	+
af	1f1e6-1f1eb	-	+
flag_ax	1f1e6-1f1fd	flags	+
ax	1f1e6-1f1fd	-	+
flag_al	1f1e6-1f1f1	flags	+
al	1f1e6-1f1f1	-	+
flag_dz	1f1e9-1f1ff	flags	+
dz	1f1e9-1f1ff	-	+
flag_as	1f1e6-1f1f8	flags	+
as	1f1e6-1f1f8	-	+
flag_ad	1f1e6-1f1e9	flags	+
ad	1f1e6-1f1e9	-	+
flag_ao	1f1e6-1f1f4	flags	+
ao	1f1e6-1f1f4	-	+
flag_ai	1f1e6-1f1ee	flags	+
ai	1f1e6-1f1ee	-	+
flag_aq	1f1e6-1f1f6	flags	+
aq	1f1e6-1f1f6	-	+
flag_ag	1f1e6-1f1ec	flags	+
ag	1f1e6-1f1ec	-	+
flag_ar	1f1e6-1f1f7	flags	+
ar	1f1e6-1f1f7	-	+
flag_am	1f1e6-1f1f2	flags	+
am	1f1e6-1f1f2	-	+
flag_aw	1f1e6-1f1fc	flags	+
aw	1f1e6-1f1fc	-	+
flag_au	1f1e6-1f1fa	flags	+
au	1f1e6-1f1fa	-	+
flag_at	1f1e6-1f1f9	flags	+
at	1f1e6-1f1f9	-	+
flag_az	1f1e6-1f1ff	flags	+
az	1f1e6-1f1ff	-	+
flag_bs	1f1e7-1f1f8	flags	+
bs	1f1e7-1f1f8	-	+
flag_bh	1f1e7-1f1ed	flags	+
bh	1f1e7-1f1ed	-	+
flag_bd	1f1e7-1f1e9	flags	+
bd	1f1e7-1f1e9	-	+
flag_bb	1f1e7-1f1e7	flags	+
bb	1f1e7-1f1e7	-	+
flag_by	1f1e7-1f1fe	flags	+
by	1f1e7-1f1fe	-	+
flag_be	1f1e7-1f1ea	flags	+
be	1f1e7-1f1ea	-	+
flag_bz	1f1e7-1f1ff	flags	+
bz	1f1e7-1f1ff	-	+
flag_bj	1f1e7-1f1ef	flags	+
bj	1f1e7-1f1ef	-	+
flag_bm	1f1e7-1f1f2	flags	+
bm	1f1e7-1f1f2	-	+
flag_bt	1f1e7-1f1f9	flags	+
bt	1f1e7-1f1f9	-	+
flag_bo	1f1e7-1f1f4	flags	+
bo	1f1e7-1f1f4	-	+
flag_ba	1f1e7-1f1e6	flags	+
ba	1f1e7-1f1e6	-	+
flag_bw	1f1e7-1f1fc	flags	+
bw	1f1e7-1f1fc	-	+
flag_br	1f1e7-1f1f7	flags	+
br	1f1e7-1f1f7	-	+
flag_io	1f1ee-1f1f4	flags	+
io	1f1ee-1f1f4	-	+
flag_vg	1f1fb-1f1ec	flags	+
vg	1f1fb-1f1ec	-	+
flag_bn	1f1e7-1f1f3	flags	+
bn	1f1e7-1f1f3	-	+
flag_bg	1f1e7-1f1ec	flags	+
bg	1f1e7-1f1ec	-	+
flag_bf	1f1e7-1f1eb	flags	+
bf	1f1e7-1f1eb	-	+
flag_bi	1f1e7-1f1ee	flags	+
bi	1f1e7-1f1ee	-	+
flag_kh	1f1f0-1f1ed	flags	+
kh	1f1f0-1f1ed	-	+
flag_cm	1f1e8-1f1f2	flags	+
cm	1f1e8-1f1f2	-	+
flag_ca	1f1e8-1f1e6	flags	+
ca	1f1e8-1f1e6	-	+
flag_ic	1f1ee-1f1e8	flags	+
ic	1f1ee-1f1e8	-	+
flag_cv	1f1e8-1f1fb	flags	+
cv	1f1e8-1f1fb	-	+
flag_bq	1f1e7-1f1f6	flags	+
bq	1f1e7-1f1f6	-	+
flag_ky	1f1f0-1f1fe	flags	+
ky	1f1f0-1f1fe	-	+
flag_cf	1f1e8-1f1eb	flags	+
cf	1f1e8-1f1eb	-	+
flag_td	1f1f9-1f1e9	flags	+
td	1f1f9-1f1e9	-	+
flag_cl	1f1e8-1f1f1	flags	+
chile	1f1e8-1f1f1	-	+
flag_cn	1f1e8-1f1f3	flags	+
cn	1f1e8-1f1f3	-	+
flag_cx	1f1e8-1f1fd	flags	+
cx	1f1e8-1f1fd	-	+
flag_cc	1f1e8-1f1e8	flags	+
cc	1f1e8-1f1e8	-	+
flag_co	1f1e8-1f1f4	flags	+
co	1f1e8-1f1f4	-	+
flag_km	1f1f0-1f1f2	flags	+
km	1f1f0-1f1f2	-	+
flag_cg	1f1e8-1f1ec	flags	+
cg	1f1e8-1f1ec	-	+
flag_cd	1f1e8-1f1e9	flags	+
congo	1f1e8-1f1e9	-	+
flag_ck	1f1e8-1f1f0	flags	+
ck	1f1e8-1f1f0	-	+
flag_cr	1f1e8-1f1f7	flags	+
cr	1f1e8-1f1f7	-	+
flag_ci	1f1e8-1f1ee	flags	+
ci	1f1e8-1f1ee	-	+
flag_hr	1f1ed-1f1f7	flags	+
hr	1f1ed-1f1f7	-	+
flag_cu	1f1e8-1f1fa	flags	+
cu	1f1e8-1f1fa	-	+
flag_cw	1f1e8-1f1fc	flags	+
cw	1f1e8-1f1fc	-	+
flag_cy	1f1e8-1f1fe	flags	+
cy	1f1e8-1f1fe	-	+
flag_cz	1f1e8-1f1ff	flags	+
cz	1f1e8-1f1ff	-	+
flag_dk	1f1e9-1f1f0	flags	+
dk	1f1e9-1f1f0	-	+
flag_dj	1f1e9-1f1ef	flags	+
dj	1f1e9-1f1ef	-	+
flag_dm	1f1e9-1f1f2	flags	+
dm	1f1e9-1f1f2	-	+
flag_do	1f1e9-1f1f4	flags	+
do	1f1e9-1f1f4	-	+
flag_ec	1f1ea-1f1e8	flags	+
ec	1f1ea-1f1e8	-	+
flag_eg	1f1ea-1f1ec	flags	+
eg	1f1ea-1f1ec	-	+
flag_sv	1f1f8-1f1fb	flags	+
sv	1f1f8-1f1fb	-	+
flag_gq	1f1ec-1f1f6	flags	+
gq	1f1ec-1f1f6	-	+
flag_er	1f1ea-1f1f7	flags	+
er	1f1ea-1f1f7	-	+
flag_ee	1f1ea-1f1ea	flags	+
ee	1f1ea-1f1ea	-	+
flag_et	1f1ea-1f1f9	flags	+
et	1f1ea-1f1f9	-	+
flag_eu	1f1ea-1f1fa	flags	+
eu	1f1ea-1f1fa	-	+
flag_fk	1f1eb-1f1f0	flags	+
fk	1f1eb-1f1f0	-	+
flag_fo	1f1eb-1f1f4	flags	+
fo	1f1eb-1f1f4	-	+
flag_fj	1f1eb-1f1ef	flags	+
fj	1f1eb-1f1ef	-	+
flag_fi	1f1eb-1f1ee	flags	+
fi	1f1eb-1f1ee	-	+
flag_fr	1f1eb-1f1f7	flags	+
fr	1f1eb-1f1f7	-	+
flag_gf	1f1ec-1f1eb	flags	+
gf	1f1ec-1f1eb	-	+
flag_pf	1f1f5-1f1eb	flags	+
pf	1f1f5-1f1eb	-	+
flag_tf	1f1f9-1f1eb	flags	+
tf	1f1f9-1f1eb	-	+
flag_ga	1f1ec-1f1e6	flags	+
ga	1f1ec-1f1e6	-	+
flag_gm	1f1ec-1f1f2	flags	+
gm	1f1ec-1f1f2	-	+
flag_ge	1f1ec-1f1ea	flags	+
ge	1f1ec-1f1ea	-	+
flag_de	1f1e9-1f1ea	flags	+
de	1f1e9-1f1ea	-	+
flag_gh	1f1ec-1f1ed	flags	+
gh	1f1ec-1f1ed	-	+
flag_gi	1f1ec-1f1ee	flags	+
gi	1f1ec-1f1ee	-	+
flag_gr	1f1ec-1f1f7	flags	+
gr	1f1ec-1f1f7	-	+
flag_gl	1f1ec-1f1f1	flags	+
gl	1f1ec-1f1f1	-	+
flag_gd	1f1ec-1f1e9	flags	+
gd	1f1ec-1f1e9	-	+
flag_gp	1f1ec-1f1f5	flags	+
gp	1f1ec-1f1f5	-	+
flag_gu	1f1ec-1f1fa	flags	+
gu	1f1ec-1f1fa	-	+
flag_gt	1f1ec-1f1f9	flags	+
gt	1f1ec-1f1f9	-	+
flag_gg	1f1ec-1f1ec	flags	+
gg	1f1ec-1f1ec	-	+
flag_gn	1f1ec-1f1f3	flags	+
gn	1f1ec-1f1f3	-	+
flag_gw	1f1ec-1f1fc	flags	+
gw	1f1ec-1f1fc	-	+
flag_gy	1f1ec-1f1fe	flags	+
gy	1f1ec-1f1fe	-	+
flag_ht	1f1ed-1f1f9	flags	+
ht	1f1ed-1f1f9	-	+
flag_hn	1f1ed-1f1f3	flags	+
hn	1f1ed-1f1f3	-	+
flag_hk	1f1ed-1f1f0	flags	+
hk	1f1ed-1f1f0	-	+
flag_hu	1f1ed-1f1fa	flags	+
hu	1f1ed-1f1fa	-	+
flag_is	1f1ee-1f1f8	flags	+
is	1f1ee-1f1f8	-	+
flag_in	1f1ee-1f1f3	flags	+
in	1f1ee-1f1f3	-	+
flag_id	1f1ee-1f1e9	flags	+
indonesia	1f1ee-1f1e9	-	+
flag_ir	1f1ee-1f1f7	flags	+
ir	1f1ee-1f1f7	-	+
flag_iq	1f1ee-1f1f6	flags	+
iq	1f1ee-1f1f6	-	+
flag_ie	1f1ee-1f1ea	flags	+
ie	1f1ee-1f1ea	-	+
flag_im	1f1ee-1f1f2	flags	+
im	1f1ee-1f1f2	-	+
flag_il	1f1ee-1f1f1	flags	+
il	1f1ee-1f1f1	-	+
flag_it	1f1ee-1f1f9	flags	+
it	1f1ee-1f1f9	-	+
flag_jm	1f1ef-1f1f2	flags	+
jm	1f1ef-1f1f2	-	+
flag_jp	1f1ef-1f1f5	flags	+
jp	1f1ef-1f1f5	-	+
crossed_flags	1f38c	flags	+
flag_je	1f1ef-1f1ea	flags	+
je	1f1ef-1f1ea	-	+
flag_jo	1f1ef-1f1f4	flags	+
jo	1f1ef-1f1f4	-	+
flag_kz	1f1f0-1f1ff	flags	+
kz	1f1f0-1f1ff	-	+
flag_ke	1f1f0-1f1ea	flags	+
ke	1f1f0-1f1ea	-	+
flag_ki	1f1f0-1f1ee	flags	+
ki	1f1f0-1f1ee	-	+
flag_xk	1f1fd-1f1f0	flags	+
xk	1f1fd-1f1f0	-	+
flag_kw	1f1f0-1f1fc	flags	+
kw	1f1f0-1f1fc	-	+
flag_kg	1f1f0-1f1ec	flags	+
kg	1f1f0-1f1ec	-	+
flag_la	1f1f1-1f1e6	flags	+
la	1f1f1-1f1e6	-	+
flag_lv	1f1f1-1f1fb	flags	+
lv	1f1f1-1f1fb	-	+
flag_lb	1f1f1-1f1e7	flags	+
lb	1f1f1-1f1e7	-	+
flag_ls	1f1f1-1f1f8	flags	+
ls	1f1f1-1f1f8	-	+
flag_lr	1f1f1-1f1f7	flags	+
lr	1f1f1-1f1f7	-	+
flag_ly	1f1f1-1f1fe	flags	+
ly	1f1f1-1f1fe	-	+
flag_li	1f1f1-1f1ee	flags	+
li	1f1f1-1f1ee	-	+
flag_lt	1f1f1-1f1f9	flags	+
lt	1f1f1-1f1f9	-	+
flag_lu	1f1f1-1f1fa	flags	+
lu	1f1f1-1f1fa	-	+
flag_mo	1f1f2-1f1f4	flags	+
mo	1f1f2-1f1f4	-	+
flag_mk	1f1f2-1f1f0	flags	+
mk	1f1f2-1f1f0	-	+
flag_mg	1f1f2-1f1ec	flags	+
mg	1f1f2-1f1ec	-	+
flag_mw	1f1f2-1f1fc	flags	+
mw	1f1f2-1f1fc	-	+
flag_my	1f1f2-1f1fe	flags	+
my	1f1f2-1f1fe	-	+
flag_mv	1f1f2-1f1fb	flags	+
mv	1f1f2-1f1fb	-	+
flag_ml	1f1f2-1f1f1	flags	+
ml	1f1f2-1f1f1	-	+
flag_mt	1f1f2-1f1f9	flags	+
mt	1f1f2-1f1f9	-	+
flag_mh	1f1f2-1f1ed	flags	+
mh	1f1f2-1f1ed	-	+
flag_mq	1f1f2-1f1f6	flags	+
mq	1f1f2-1f1f6	-	+
flag_mr	1f1f2-1f1f7	flags	+
mr	1f1f2-1f1f7	-	+
flag_mu	1f1f2-1f1fa	flags	+
mu	1f1f2-1f1fa	-	+
flag_yt	1f1fe-1f1f9	flags	+
yt	1f1fe-1f1f9	-	+
flag_mx	1f1f2-1f1fd	flags	+
mx	1f1f2-1f1fd	-	+
flag_fm	1f1eb-1f1f2	flags	+
fm	1f1eb-1f1f2	-	+
flag_md	1f1f2-1f1e9	flags	+
md	1f1f2-1f1e9	-	+
flag_mc	1f1f2-1f1e8	flags	+
mc	1f1f2-1f1e8	-	+
flag_mn	1f1f2-1f1f3	flags	+
mn	1f1f2-1f1f3	-	+
flag_me	1f1f2-1f1ea	flags	+
me	1f1f2-1f1ea	-	+
flag_ms	1f1f2-1f1f8	flags	+
ms	1f1f2-1f1f8	-	+
flag_ma	1f1f2-1f1e6	flags	+
ma	1f1f2-1f1e6	-	+
flag_mz	1f1f2-1f1ff	flags	+
mz	1f1f2-1f1ff	-	+
flag_mm	1f1f2-1f1f2	flags	+
mm	1f1f2-1f1f2	-	+
flag_na	1f1f3-1f1e6	flags	+
na	1f1f3-1f1e6	-	+
flag_nr	1f1f3-1f1f7	flags	+
nr	1f1f3-1f1f7	-	+
flag_np	1f1f3-1f1f5	flags	+
np	1f1f3-1f1f5	-	+
flag_nl	1f1f3-1f1f1	flags	+
nl	1f1f3-1f1f1	-	+
flag_nc	1f1f3-1f1e8	flags	+
nc	1f1f3-1f1e8	-	+
flag_nz	1f1f3-1f1ff	flags	+
nz	1f1f3-1f1ff	-	+
flag_ni	1f1f3-1f1ee	flags	+
ni	1f1f3-1f1ee	-	+
flag_ne	1f1f3-1f1ea	flags	+
ne	1f1f3-1f1ea	-	+
flag_ng	1f1f3-1f1ec	flags	+
nigeria	1f1f3-1f1ec	-	+
flag_nu	1f1f3-1f1fa	flags	+
nu	1f1f3-1f1fa	-	+
flag_nf	1f1f3-1f1eb	flags	+
nf	1f1f3-1f1eb	-	+
flag_kp	1f1f0-1f1f5	flags	+
kp	1f1f0-1f1f5	-	+
flag_mp	1f1f2-1f1f5	flags	+
mp	1f1f2-1f1f5	-	+
flag_no	1f1f3-1f1f4	flags	+
no	1f1f3-1f1f4	-	+
flag_om	1f1f4-1f1f2	flags	+
om	1f1f4-1f1f2	-	+
flag_pk	1f1f5-1f1f0	flags	+
pk	1f1f5-1f1f0	-	+
flag_pw	1f1f5-1f1fc	flags	+
pw	1f1f5-1f1fc	-	+
flag_ps	1f1f5-1f1f8	flags	+
ps	1f1f5-1f1f8	-	+
flag_pa	1f1f5-1f1e6	flags	+
pa	1f1f5-1f1e6	-	+
flag_pg	1f1f5-1f1ec	flags	+
pg	1f1f5-1f1ec	-	+
flag_py	1f1f5-1f1fe	flags	+
py	1f1f5-1f1fe	-	+
flag_pe	1f1f5-1f1ea	flags	+
pe	1f1f5-1f1ea	-	+
flag_ph	1f1f5-1f1ed	flags	+
ph	1f1f5-1f1ed	-	+
flag_pn	1f1f5-1f1f3	flags	+
pn	1f1f5-1f1f3	-	+
flag_pl	1f1f5-1f1f1	flags	+
pl	1f1f5-1f1f1	-	+
flag_pt	1f1f5-1f1f9	flags	+
pt	1f1f5-1f1f9	-	+
flag_pr	1f1f5-1f1f7	flags	+
pr	1f1f5-1f1f7	-	+
flag_qa	1f1f6-1f1e6	flags	+
qa	1f1f6-1f1e6	-	+
flag_re	1f1f7-1f1ea	flags	+
re	1f1f7-1f1ea	-	+
flag_ro	1f1f7-1f1f4	flags	+
ro	1f1f7-1f1f4	-	+
flag_ru	1f1f7-1f1fa	flags	+
ru	1f1f7-1f1fa	-	+
flag_rw	1f1f7-1f1fc	flags	+
rw	1f1f7-1f1fc	-	+
flag_ws	1f1fc-1f1f8	flags	+
ws	1f1fc-1f1f8	-	+
flag_sm	1f1f8-1f1f2	flags	+
sm	1f1f8-1f1f2	-	+
flag_st	1f1f8-1f1f9	flags	+
st	1f1f8-1f1f9	-	+
flag_sark	1f1e8-1f1f6	flags	-
flag_sa	1f1f8-1f1e6	flags	+
saudiarabia	1f1f8-1f1e6	-	+
saudi	1f1f8-1f1e6	-	+
flag_sn	1f1f8-1f1f3	flags	+
sn	1f1f8-1f1f3	-	+
flag_rs	1f1f7-1f1f8	flags	+
rs	1f1f7-1f1f8	-	+
flag_sc	1f1f8-1f1e8	flags	+
sc	1f1f8-1f1e8	-	+
flag_sl	1f1f8-1f1f1	flags	+
sl	1f1f8-1f1f1	-	+
flag_sg	1f1f8-1f1ec	flags	+
sg	1f1f8-1f1ec	-	+
flag_sx	1f1f8-1f1fd	flags	+
sx	1f1f8-1f1fd	-	+
flag_sk	1f1f8-1f1f0	flags	+
sk	1f1f8-1f1f0	-	+
flag_si	1f1f8-1f1ee	flags	+
si	1f1f8-1f1ee	-	+
flag_gs	1f1ec-1f1f8	flags	+
gs	1f1ec-1f1f8	-	+
flag_sb	1f1f8-1f1e7	flags	+
sb	1f1f8-1f1e7	-	+
flag_so	1f1f8-1f1f4	flags	+
so	1f1f8-1f1f4	-	+
flag_za	1f1ff-1f1e6	flags	+
za	1f1ff-1f1e6	-	+
flag_kr	1f1f0-1f1f7	flags	+
kr	1f1f0-1f1f7	-	+
flag_ss	1f1f8-1f1f8	flags	+
ss	1f1f8-1f1f8	-	+
flag_es	1f1ea-1f1f8	flags	+
es	1f1ea-1f1f8	-	+
flag_lk	1f1f1-1f1f0	flags	+
lk	1f1f1-1f1f0	-	+
flag_bl	1f1e7-1f1f1	flags	+
bl	1f1e7-1f1f1	-	+
flag_sh	1f1f8-1f1ed	flags	+
sh	1f1f8-1f1ed	-	+
flag_kn	1f1f0-1f1f3	flags	+
kn	1f1f0-1f1f3	-	+
flag_lc	1f1f1-1f1e8	flags	+
lc	1f1f1-1f1e8	-	+
flag_pm	1f1f5-1f1f2	flags	+
pm	1f1f5-1f1f2	-	+
flag_vc	1f1fb-1f1e8	flags	+
vc	1f1fb-1f1e8	-	+
flag_sd	1f1f8-1f1e9	flags	+
sd	1f1f8-1f1e9	-	+
flag_sr	1f1f8-1f1f7	flags	+
sr	1f1f8-1f1f7	-	+
flag_sz	1f1f8-1f1ff	flags	+
sz	1f1f8-1f1ff	-	+
flag_se	1f1f8-1f1ea	flags	+
se	1f1f8-1f1ea	-	+
flag_ch	1f1e8-1f1ed	flags	+
ch	1f1e8-1f1ed	-	+
flag_sy	1f1f8-1f1fe	flags	+
sy	1f1f8-1f1fe	-	+
flag_tw	1f1f9-1f1fc	flags	+
tw	1f1f9-1f1fc	-	+
flag_tj	1f1f9-1f1ef	flags	+
tj	1f1f9-1f1ef	-	+
flag_tz	1f1f9-1f1ff	flags	+
tz	1f1f9-1f1ff	-	+
flag_th	1f1f9-1f1ed	flags	+
th	1f1f9-1f1ed	-	+
flag_tl	1f1f9-1f1f1	flags	+
tl	1f1f9-1f1f1	-	+
flag_tg	1f1f9-1f1ec	flags	+
tg	1f1f9-1f1ec	-	+
flag_tk	1f1f9-1f1f0	flags	+
tk	1f1f9-1f1f0	-	+
flag_to	1f1f9-1f1f4	flags	+
to	1f1f9-1f1f4	-	+
flag_tt	1f1f9-1f1f9	flags	+
tt	1f1f9-1f1f9	-	+
flag_tn	1f1f9-1f1f3	flags	+
tn	1f1f9-1f1f3	-	+
flag_tr	1f1f9-1f1f7	flags	+
tr	1f1f9-1f1f7	-	+
flag_tm	1f1f9-1f1f2	flags	+
turkmenistan	1f1f9-1f1f2	-	+
flag_tc	1f1f9-1f1e8	flags	+
tc	1f1f9-1f1e8	-	+
flag_vi	1f1fb-1f1ee	flags	+
vi	1f1fb-1f1ee	-	+
flag_tv	1f1f9-1f1fb	flags	+
tuvalu	1f1f9-1f1fb	-	+
flag_ug	1f1fa-1f1ec	flags	+
ug	1f1fa-1f1ec	-	+
flag_ua	1f1fa-1f1e6	flags	+
ua	1f1fa-1f1e6	-	+
flag_ae	1f1e6-1f1ea	flags	+
ae	1f1e6-1f1ea	-	+
flag_gb	1f1ec-1f1e7	flags	+
gb	1f1ec-1f1e7	-	+
england	1f3f4-e0067-e0062-e0065-e006e-e0067-e007f	flags	+
scotland	1f3f4-e0067-e0062-e0073-e0063-e0074-e007f	flags	+
wales	1f3f4-e0067-e0062-e0077-e006c-e0073-e007f	flags	+
flag_us	1f1fa-1f1f8	flags	+
us	1f1fa-1f1f8	-	+
flag_uy	1f1fa-1f1fe	flags	+
uy	1f1fa-1f1fe	-	+
flag_uz	1f1fa-1f1ff	flags	+
uz	1f1fa-1f1ff	-	+
flag_vu	1f1fb-1f1fa	flags	+
vu	1f1fb-1f1fa	-	+
flag_va	1f1fb-1f1e6	flags	+
va	1f1fb-1f1e6	-	+
flag_ve	1f1fb-1f1ea	flags	+
ve	1f1fb-1f1ea	-	+
flag_vn	1f1fb-1f1f3	flags	+
vn	1f1fb-1f1f3	-	+
flag_wf	1f1fc-1f1eb	flags	+
wf	1f1fc-1f1eb	-	+
flag_eh	1f1ea-1f1ed	flags	+
eh	1f1ea-1f1ed	-	+
flag_ye	1f1fe-1f1ea	flags	+
ye	1f1fe-1f1ea	-	+
flag_zm	1f1ff-1f1f2	flags	+
zm	1f1ff-1f1f2	-	+
flag_zw	1f1ff-1f1fc	flags	+
zw	1f1ff-1f1fc	-	+
flag_ac	1f1e6-1f1e8	flags	+
ac	1f1e6-1f1e8	-	+
flag_bv	1f1e7-1f1fb	flags	+
bv	1f1e7-1f1fb	-	+
flag_cp	1f1e8-1f1f5	flags	+
cp	1f1e8-1f1f5	-	+
flag_ea	1f1ea-1f1e6	flags	+
ea	1f1ea-1f1e6	-	+
flag_dg	1f1e9-1f1ec	flags	+
dg	1f1e9-1f1ec	-	+
flag_hm	1f1ed-1f1f2	flags	+
hm	1f1ed-1f1f2	-	+
flag_mf	1f1f2-1f1eb	flags	+
mf	1f1f2-1f1eb	-	+
flag_sj	1f1f8-1f1ef	flags	+
sj	1f1f8-1f1ef	-	+
flag_ta	1f1f9-1f1e6	flags	+
ta	1f1f9-1f1e6	-	+
flag_um	1f1fa-1f1f2	flags	+
um	1f1fa-1f1f2	-	+
tone1	1f3fb	-	+
tone2	1f3fc	-	+
tone3	1f3fd	-	+
tone4	1f3fe	-	+
tone5	1f3ff	-	+
regional_indicator_z	1f1ff	-	+
regional_indicator_y	1f1fe	-	+
regional_indicator_x	1f1fd	-	+
regional_indicator_w	1f1fc	-	+
regional_indicator_v	1f1fb	-	+
regional_indicator_u	1f1fa	-	+
regional_indicator_t	1f1f9	-	+
regional_indicator_s	1f1f8	-	+
regional_indicator_r	1f1f7	-	+
regional_indicator_q	1f1f6	-	+
regional_indicator_p	1f1f5	-	+
regional_indicator_o	1f1f4	-	+
regional_indicator_n	1f1f3	-	+
regional_indicator_m	1f1f2	-	+
regional_indicator_l	1f1f1	-	+
regional_indicator_k	1f1f0	-	+
regional_indicator_j	1f1ef	-	+
regional_indicator_i	1f1ee	-	+
regional_indicator_h	1f1ed	-	+
regional_indicator_g	1f1ec	-	+
regional_indicator_f	1f1eb	-	+
regional_indicator_e	1f1ea	-	+
regional_indicator_d	1f1e9	-	+
regional_indicator_c	1f1e8	-	+
regional_indicator_b	1f1e7	-	+
regional_indicator_a	1f1e6	-	+
